"DeviceId","SystemName","OrganizationId","CollectedUtc","Privilege","Trustee","SID"
"353","ML1HWHYPERV01","54","9/14/2026 10:48:27 PM","SeNetworkLogonRight","Everyone","S-1-1-0"
"353","ML1HWHYPERV01","54","9/14/2026 10:48:27 PM","SeNetworkLogonRight","BUILTIN\Administrators","S-1-5-32-544"
"353","ML1HWHYPERV01","54","9/14/2026 10:48:27 PM","SeNetworkLogonRight","BUILTIN\Users","S-1-5-32-545"
"353","ML1HWHYPERV01","54","9/14/2026 10:48:27 PM","SeNetworkLogonRight","BUILTIN\Backup Operators","S-1-5-32-551"
"353","ML1HWHYPERV01","54","9/14/2026 10:48:27 PM","SeBackupPrivilege","BUILTIN\Administrators","S-1-5-32-544"
"353","ML1HWHYPERV01","54","9/14/2026 10:48:27 PM","SeBackupPrivilege","BUILTIN\Backup Operators","S-1-5-32-551"
"353","ML1HWHYPERV01","54","9/14/2026 10:48:27 PM","SeChangeNotifyPrivilege","Everyone","S-1-1-0"
"353","ML1HWHYPERV01","54","9/14/2026 10:48:27 PM","SeChangeNotifyPrivilege","NT AUTHORITY\LOCAL SERVICE","S-1-5-19"
"353","ML1HWHYPERV01","54","9/14/2026 10:48:27 PM","SeChangeNotifyPrivilege","NT AUTHORITY\NETWORK SERVICE","S-1-5-20"
"353","ML1HWHYPERV01","54","9/14/2026 10:48:27 PM","SeChangeNotifyPrivilege","BUILTIN\Administrators","S-1-5-32-544"
"353","ML1HWHYPERV01","54","9/14/2026 10:48:27 PM","SeChangeNotifyPrivilege","BUILTIN\Users","S-1-5-32-545"
"353","ML1HWHYPERV01","54","9/14/2026 10:48:27 PM","SeChangeNotifyPrivilege","BUILTIN\Backup Operators","S-1-5-32-551"
"353","ML1HWHYPERV01","54","9/14/2026 10:48:27 PM","SeSystemtimePrivilege","NT AUTHORITY\LOCAL SERVICE","S-1-5-19"
"353","ML1HWHYPERV01","54","9/14/2026 10:48:27 PM","SeSystemtimePrivilege","BUILTIN\Administrators","S-1-5-32-544"
"353","ML1HWHYPERV01","54","9/14/2026 10:48:27 PM","SeCreatePagefilePrivilege","BUILTIN\Administrators","S-1-5-32-544"
"353","ML1HWHYPERV01","54","9/14/2026 10:48:27 PM","SeDebugPrivilege","BUILTIN\Administrators","S-1-5-32-544"
"353","ML1HWHYPERV01","54","9/14/2026 10:48:27 PM","SeRemoteShutdownPrivilege","BUILTIN\Administrators","S-1-5-32-544"
"353","ML1HWHYPERV01","54","9/14/2026 10:48:27 PM","SeAuditPrivilege","NT AUTHORITY\LOCAL SERVICE","S-1-5-19"
"353","ML1HWHYPERV01","54","9/14/2026 10:48:27 PM","SeAuditPrivilege","NT AUTHORITY\NETWORK SERVICE","S-1-5-20"
"353","ML1HWHYPERV01","54","9/14/2026 10:48:27 PM","SeIncreaseQuotaPrivilege","NT AUTHORITY\LOCAL SERVICE","S-1-5-19"
"353","ML1HWHYPERV01","54","9/14/2026 10:48:27 PM","SeIncreaseQuotaPrivilege","NT AUTHORITY\NETWORK SERVICE","S-1-5-20"
"353","ML1HWHYPERV01","54","9/14/2026 10:48:27 PM","SeIncreaseQuotaPrivilege","BUILTIN\Administrators","S-1-5-32-544"
"353","ML1HWHYPERV01","54","9/14/2026 10:48:27 PM","SeIncreaseBasePriorityPrivilege","BUILTIN\Administrators","S-1-5-32-544"
"353","ML1HWHYPERV01","54","9/14/2026 10:48:27 PM","SeIncreaseBasePriorityPrivilege","S-1-5-90-0","S-1-5-90-0"
"353","ML1HWHYPERV01","54","9/14/2026 10:48:27 PM","SeLoadDriverPrivilege","BUILTIN\Administrators","S-1-5-32-544"
"353","ML1HWHYPERV01","54","9/14/2026 10:48:27 PM","SeBatchLogonRight","BUILTIN\Administrators","S-1-5-32-544"
"353","ML1HWHYPERV01","54","9/14/2026 10:48:27 PM","SeBatchLogonRight","BUILTIN\Backup Operators","S-1-5-32-551"
"353","ML1HWHYPERV01","54","9/14/2026 10:48:27 PM","SeBatchLogonRight","BUILTIN\Performance Log Users","S-1-5-32-559"
"353","ML1HWHYPERV01","54","9/14/2026 10:48:27 PM","SeServiceLogonRight","NT SERVICE\ALL SERVICES","S-1-5-80-0"
"353","ML1HWHYPERV01","54","9/14/2026 10:48:27 PM","SeServiceLogonRight","NT SERVICE\himds","S-1-5-80-4215458991-2034252225-2287069555-1155419622-2701885083"
"353","ML1HWHYPERV01","54","9/14/2026 10:48:27 PM","SeServiceLogonRight","NT VIRTUAL MACHINE\Virtual Machines","S-1-5-83-0"
"353","ML1HWHYPERV01","54","9/14/2026 10:48:27 PM","SeInteractiveLogonRight","BUILTIN\Administrators","S-1-5-32-544"
"353","ML1HWHYPERV01","54","9/14/2026 10:48:27 PM","SeSecurityPrivilege","BUILTIN\Administrators","S-1-5-32-544"
"353","ML1HWHYPERV01","54","9/14/2026 10:48:27 PM","SeSystemEnvironmentPrivilege","BUILTIN\Administrators","S-1-5-32-544"
"353","ML1HWHYPERV01","54","9/14/2026 10:48:27 PM","SeProfileSingleProcessPrivilege","BUILTIN\Administrators","S-1-5-32-544"
"353","ML1HWHYPERV01","54","9/14/2026 10:48:27 PM","SeSystemProfilePrivilege","BUILTIN\Administrators","S-1-5-32-544"
"353","ML1HWHYPERV01","54","9/14/2026 10:48:27 PM","SeSystemProfilePrivilege","NT SERVICE\WdiServiceHost","S-1-5-80-3139157870-2983391045-3678747466-658725712-1809340420"
"353","ML1HWHYPERV01","54","9/14/2026 10:48:27 PM","SeAssignPrimaryTokenPrivilege","NT AUTHORITY\LOCAL SERVICE","S-1-5-19"
"353","ML1HWHYPERV01","54","9/14/2026 10:48:27 PM","SeAssignPrimaryTokenPrivilege","NT AUTHORITY\NETWORK SERVICE","S-1-5-20"
"353","ML1HWHYPERV01","54","9/14/2026 10:48:27 PM","SeRestorePrivilege","BUILTIN\Administrators","S-1-5-32-544"
"353","ML1HWHYPERV01","54","9/14/2026 10:48:27 PM","SeRestorePrivilege","BUILTIN\Backup Operators","S-1-5-32-551"
"353","ML1HWHYPERV01","54","9/14/2026 10:48:27 PM","SeShutdownPrivilege","BUILTIN\Administrators","S-1-5-32-544"
"353","ML1HWHYPERV01","54","9/14/2026 10:48:27 PM","SeTakeOwnershipPrivilege","BUILTIN\Administrators","S-1-5-32-544"
"353","ML1HWHYPERV01","54","9/14/2026 10:48:27 PM","SeDenyBatchLogonRight","BUILTIN\Guests","S-1-5-32-546"
"353","ML1HWHYPERV01","54","9/14/2026 10:48:27 PM","SeDenyServiceLogonRight","BUILTIN\Guests","S-1-5-32-546"
"353","ML1HWHYPERV01","54","9/14/2026 10:48:27 PM","SeDenyInteractiveLogonRight","BUILTIN\Guests","S-1-5-32-546"
"353","ML1HWHYPERV01","54","9/14/2026 10:48:27 PM","SeUndockPrivilege","BUILTIN\Administrators","S-1-5-32-544"
"353","ML1HWHYPERV01","54","9/14/2026 10:48:27 PM","SeManageVolumePrivilege","BUILTIN\Administrators","S-1-5-32-544"
"353","ML1HWHYPERV01","54","9/14/2026 10:48:27 PM","SeRemoteInteractiveLogonRight","BUILTIN\Administrators","S-1-5-32-544"
"353","ML1HWHYPERV01","54","9/14/2026 10:48:27 PM","SeRemoteInteractiveLogonRight","BUILTIN\Remote Desktop Users","S-1-5-32-555"
"353","ML1HWHYPERV01","54","9/14/2026 10:48:27 PM","SeDenyRemoteInteractiveLogonRight","BUILTIN\Guests","S-1-5-32-546"
"353","ML1HWHYPERV01","54","9/14/2026 10:48:27 PM","SeImpersonatePrivilege","NT AUTHORITY\LOCAL SERVICE","S-1-5-19"
"353","ML1HWHYPERV01","54","9/14/2026 10:48:27 PM","SeImpersonatePrivilege","NT AUTHORITY\NETWORK SERVICE","S-1-5-20"
"353","ML1HWHYPERV01","54","9/14/2026 10:48:27 PM","SeImpersonatePrivilege","BUILTIN\Administrators","S-1-5-32-544"
"353","ML1HWHYPERV01","54","9/14/2026 10:48:27 PM","SeImpersonatePrivilege","NT AUTHORITY\SERVICE","S-1-5-6"
"353","ML1HWHYPERV01","54","9/14/2026 10:48:27 PM","SeCreateGlobalPrivilege","NT AUTHORITY\LOCAL SERVICE","S-1-5-19"
"353","ML1HWHYPERV01","54","9/14/2026 10:48:27 PM","SeCreateGlobalPrivilege","NT AUTHORITY\NETWORK SERVICE","S-1-5-20"
"353","ML1HWHYPERV01","54","9/14/2026 10:48:27 PM","SeCreateGlobalPrivilege","BUILTIN\Administrators","S-1-5-32-544"
"353","ML1HWHYPERV01","54","9/14/2026 10:48:27 PM","SeCreateGlobalPrivilege","NT AUTHORITY\SERVICE","S-1-5-6"
"353","ML1HWHYPERV01","54","9/14/2026 10:48:27 PM","SeIncreaseWorkingSetPrivilege","BUILTIN\Users","S-1-5-32-545"
"353","ML1HWHYPERV01","54","9/14/2026 10:48:27 PM","SeTimeZonePrivilege","NT AUTHORITY\LOCAL SERVICE","S-1-5-19"
"353","ML1HWHYPERV01","54","9/14/2026 10:48:27 PM","SeTimeZonePrivilege","BUILTIN\Administrators","S-1-5-32-544"
"353","ML1HWHYPERV01","54","9/14/2026 10:48:27 PM","SeCreateSymbolicLinkPrivilege","BUILTIN\Administrators","S-1-5-32-544"
"353","ML1HWHYPERV01","54","9/14/2026 10:48:27 PM","SeCreateSymbolicLinkPrivilege","NT VIRTUAL MACHINE\Virtual Machines","S-1-5-83-0"
"353","ML1HWHYPERV01","54","9/14/2026 10:48:27 PM","SeDelegateSessionUserImpersonatePrivilege","BUILTIN\Administrators","S-1-5-32-544"
"359","PX1HWHYPERV03","54","9/14/2026 10:48:27 PM","SeNetworkLogonRight","Everyone","S-1-1-0"
"359","PX1HWHYPERV03","54","9/14/2026 10:48:27 PM","SeNetworkLogonRight","BUILTIN\Administrators","S-1-5-32-544"
"359","PX1HWHYPERV03","54","9/14/2026 10:48:27 PM","SeNetworkLogonRight","BUILTIN\Users","S-1-5-32-545"
"359","PX1HWHYPERV03","54","9/14/2026 10:48:27 PM","SeNetworkLogonRight","BUILTIN\Backup Operators","S-1-5-32-551"
"359","PX1HWHYPERV03","54","9/14/2026 10:48:27 PM","SeBackupPrivilege","BUILTIN\Administrators","S-1-5-32-544"
"359","PX1HWHYPERV03","54","9/14/2026 10:48:27 PM","SeBackupPrivilege","BUILTIN\Backup Operators","S-1-5-32-551"
"359","PX1HWHYPERV03","54","9/14/2026 10:48:27 PM","SeChangeNotifyPrivilege","Everyone","S-1-1-0"
"359","PX1HWHYPERV03","54","9/14/2026 10:48:27 PM","SeChangeNotifyPrivilege","NT AUTHORITY\LOCAL SERVICE","S-1-5-19"
"359","PX1HWHYPERV03","54","9/14/2026 10:48:27 PM","SeChangeNotifyPrivilege","NT AUTHORITY\NETWORK SERVICE","S-1-5-20"
"359","PX1HWHYPERV03","54","9/14/2026 10:48:27 PM","SeChangeNotifyPrivilege","BUILTIN\Administrators","S-1-5-32-544"
"359","PX1HWHYPERV03","54","9/14/2026 10:48:27 PM","SeChangeNotifyPrivilege","BUILTIN\Users","S-1-5-32-545"
"359","PX1HWHYPERV03","54","9/14/2026 10:48:27 PM","SeChangeNotifyPrivilege","BUILTIN\Backup Operators","S-1-5-32-551"
"359","PX1HWHYPERV03","54","9/14/2026 10:48:27 PM","SeSystemtimePrivilege","NT AUTHORITY\LOCAL SERVICE","S-1-5-19"
"359","PX1HWHYPERV03","54","9/14/2026 10:48:27 PM","SeSystemtimePrivilege","BUILTIN\Administrators","S-1-5-32-544"
"359","PX1HWHYPERV03","54","9/14/2026 10:48:27 PM","SeCreatePagefilePrivilege","BUILTIN\Administrators","S-1-5-32-544"
"359","PX1HWHYPERV03","54","9/14/2026 10:48:27 PM","SeDebugPrivilege","BUILTIN\Administrators","S-1-5-32-544"
"359","PX1HWHYPERV03","54","9/14/2026 10:48:27 PM","SeRemoteShutdownPrivilege","BUILTIN\Administrators","S-1-5-32-544"
"359","PX1HWHYPERV03","54","9/14/2026 10:48:27 PM","SeAuditPrivilege","NT AUTHORITY\LOCAL SERVICE","S-1-5-19"
"359","PX1HWHYPERV03","54","9/14/2026 10:48:27 PM","SeAuditPrivilege","NT AUTHORITY\NETWORK SERVICE","S-1-5-20"
"359","PX1HWHYPERV03","54","9/14/2026 10:48:27 PM","SeIncreaseQuotaPrivilege","NT AUTHORITY\LOCAL SERVICE","S-1-5-19"
"359","PX1HWHYPERV03","54","9/14/2026 10:48:27 PM","SeIncreaseQuotaPrivilege","NT AUTHORITY\NETWORK SERVICE","S-1-5-20"
"359","PX1HWHYPERV03","54","9/14/2026 10:48:27 PM","SeIncreaseQuotaPrivilege","BUILTIN\Administrators","S-1-5-32-544"
"359","PX1HWHYPERV03","54","9/14/2026 10:48:27 PM","SeIncreaseBasePriorityPrivilege","BUILTIN\Administrators","S-1-5-32-544"
"359","PX1HWHYPERV03","54","9/14/2026 10:48:27 PM","SeIncreaseBasePriorityPrivilege","S-1-5-90-0","S-1-5-90-0"
"359","PX1HWHYPERV03","54","9/14/2026 10:48:27 PM","SeLoadDriverPrivilege","BUILTIN\Administrators","S-1-5-32-544"
"359","PX1HWHYPERV03","54","9/14/2026 10:48:27 PM","SeBatchLogonRight","BUILTIN\Administrators","S-1-5-32-544"
"359","PX1HWHYPERV03","54","9/14/2026 10:48:27 PM","SeBatchLogonRight","BUILTIN\Backup Operators","S-1-5-32-551"
"359","PX1HWHYPERV03","54","9/14/2026 10:48:27 PM","SeBatchLogonRight","BUILTIN\Performance Log Users","S-1-5-32-559"
"359","PX1HWHYPERV03","54","9/14/2026 10:48:27 PM","SeServiceLogonRight","NT SERVICE\ALL SERVICES","S-1-5-80-0"
"359","PX1HWHYPERV03","54","9/14/2026 10:48:27 PM","SeServiceLogonRight","NT SERVICE\himds","S-1-5-80-4215458991-2034252225-2287069555-1155419622-2701885083"
"359","PX1HWHYPERV03","54","9/14/2026 10:48:27 PM","SeServiceLogonRight","NT VIRTUAL MACHINE\Virtual Machines","S-1-5-83-0"
"359","PX1HWHYPERV03","54","9/14/2026 10:48:27 PM","SeInteractiveLogonRight","BUILTIN\Administrators","S-1-5-32-544"
"359","PX1HWHYPERV03","54","9/14/2026 10:48:27 PM","SeInteractiveLogonRight","BUILTIN\Users","S-1-5-32-545"
"359","PX1HWHYPERV03","54","9/14/2026 10:48:27 PM","SeInteractiveLogonRight","BUILTIN\Backup Operators","S-1-5-32-551"
"359","PX1HWHYPERV03","54","9/14/2026 10:48:27 PM","SeSecurityPrivilege","BUILTIN\Administrators","S-1-5-32-544"
"359","PX1HWHYPERV03","54","9/14/2026 10:48:27 PM","SeSystemEnvironmentPrivilege","BUILTIN\Administrators","S-1-5-32-544"
"359","PX1HWHYPERV03","54","9/14/2026 10:48:27 PM","SeProfileSingleProcessPrivilege","BUILTIN\Administrators","S-1-5-32-544"
"359","PX1HWHYPERV03","54","9/14/2026 10:48:27 PM","SeSystemProfilePrivilege","BUILTIN\Administrators","S-1-5-32-544"
"359","PX1HWHYPERV03","54","9/14/2026 10:48:27 PM","SeSystemProfilePrivilege","NT SERVICE\WdiServiceHost","S-1-5-80-3139157870-2983391045-3678747466-658725712-1809340420"
"359","PX1HWHYPERV03","54","9/14/2026 10:48:27 PM","SeAssignPrimaryTokenPrivilege","NT AUTHORITY\LOCAL SERVICE","S-1-5-19"
"359","PX1HWHYPERV03","54","9/14/2026 10:48:27 PM","SeAssignPrimaryTokenPrivilege","NT AUTHORITY\NETWORK SERVICE","S-1-5-20"
"359","PX1HWHYPERV03","54","9/14/2026 10:48:27 PM","SeRestorePrivilege","BUILTIN\Administrators","S-1-5-32-544"
"359","PX1HWHYPERV03","54","9/14/2026 10:48:27 PM","SeRestorePrivilege","BUILTIN\Backup Operators","S-1-5-32-551"
"359","PX1HWHYPERV03","54","9/14/2026 10:48:27 PM","SeShutdownPrivilege","BUILTIN\Administrators","S-1-5-32-544"
"359","PX1HWHYPERV03","54","9/14/2026 10:48:27 PM","SeShutdownPrivilege","BUILTIN\Backup Operators","S-1-5-32-551"
"359","PX1HWHYPERV03","54","9/14/2026 10:48:27 PM","SeTakeOwnershipPrivilege","BUILTIN\Administrators","S-1-5-32-544"
"359","PX1HWHYPERV03","54","9/14/2026 10:48:27 PM","SeDenyInteractiveLogonRight","CLIUSR","CLIUSR"
"359","PX1HWHYPERV03","54","9/14/2026 10:48:27 PM","SeUndockPrivilege","BUILTIN\Administrators","S-1-5-32-544"
"359","PX1HWHYPERV03","54","9/14/2026 10:48:27 PM","SeManageVolumePrivilege","BUILTIN\Administrators","S-1-5-32-544"
"359","PX1HWHYPERV03","54","9/14/2026 10:48:27 PM","SeRemoteInteractiveLogonRight","BUILTIN\Administrators","S-1-5-32-544"
"359","PX1HWHYPERV03","54","9/14/2026 10:48:27 PM","SeRemoteInteractiveLogonRight","BUILTIN\Remote Desktop Users","S-1-5-32-555"
"359","PX1HWHYPERV03","54","9/14/2026 10:48:27 PM","SeDenyRemoteInteractiveLogonRight","CLIUSR","CLIUSR"
"359","PX1HWHYPERV03","54","9/14/2026 10:48:27 PM","SeImpersonatePrivilege","NT AUTHORITY\LOCAL SERVICE","S-1-5-19"
"359","PX1HWHYPERV03","54","9/14/2026 10:48:27 PM","SeImpersonatePrivilege","NT AUTHORITY\NETWORK SERVICE","S-1-5-20"
"359","PX1HWHYPERV03","54","9/14/2026 10:48:27 PM","SeImpersonatePrivilege","BUILTIN\Administrators","S-1-5-32-544"
"359","PX1HWHYPERV03","54","9/14/2026 10:48:27 PM","SeImpersonatePrivilege","NT AUTHORITY\SERVICE","S-1-5-6"
"359","PX1HWHYPERV03","54","9/14/2026 10:48:27 PM","SeCreateGlobalPrivilege","NT AUTHORITY\LOCAL SERVICE","S-1-5-19"
"359","PX1HWHYPERV03","54","9/14/2026 10:48:27 PM","SeCreateGlobalPrivilege","NT AUTHORITY\NETWORK SERVICE","S-1-5-20"
"359","PX1HWHYPERV03","54","9/14/2026 10:48:27 PM","SeCreateGlobalPrivilege","BUILTIN\Administrators","S-1-5-32-544"
"359","PX1HWHYPERV03","54","9/14/2026 10:48:27 PM","SeCreateGlobalPrivilege","NT AUTHORITY\SERVICE","S-1-5-6"
"359","PX1HWHYPERV03","54","9/14/2026 10:48:27 PM","SeIncreaseWorkingSetPrivilege","BUILTIN\Users","S-1-5-32-545"
"359","PX1HWHYPERV03","54","9/14/2026 10:48:27 PM","SeTimeZonePrivilege","NT AUTHORITY\LOCAL SERVICE","S-1-5-19"
"359","PX1HWHYPERV03","54","9/14/2026 10:48:27 PM","SeTimeZonePrivilege","BUILTIN\Administrators","S-1-5-32-544"
"359","PX1HWHYPERV03","54","9/14/2026 10:48:27 PM","SeCreateSymbolicLinkPrivilege","BUILTIN\Administrators","S-1-5-32-544"
"359","PX1HWHYPERV03","54","9/14/2026 10:48:27 PM","SeCreateSymbolicLinkPrivilege","NT VIRTUAL MACHINE\Virtual Machines","S-1-5-83-0"
"359","PX1HWHYPERV03","54","9/14/2026 10:48:27 PM","SeDelegateSessionUserImpersonatePrivilege","BUILTIN\Administrators","S-1-5-32-544"
"361","PX1HWHYPERV04","54","9/14/2026 10:48:30 PM","SeNetworkLogonRight","Everyone","S-1-1-0"
"361","PX1HWHYPERV04","54","9/14/2026 10:48:30 PM","SeNetworkLogonRight","BUILTIN\Administrators","S-1-5-32-544"
"361","PX1HWHYPERV04","54","9/14/2026 10:48:30 PM","SeNetworkLogonRight","BUILTIN\Users","S-1-5-32-545"
"361","PX1HWHYPERV04","54","9/14/2026 10:48:30 PM","SeNetworkLogonRight","BUILTIN\Backup Operators","S-1-5-32-551"
"361","PX1HWHYPERV04","54","9/14/2026 10:48:30 PM","SeBackupPrivilege","BUILTIN\Administrators","S-1-5-32-544"
"361","PX1HWHYPERV04","54","9/14/2026 10:48:30 PM","SeBackupPrivilege","BUILTIN\Backup Operators","S-1-5-32-551"
"361","PX1HWHYPERV04","54","9/14/2026 10:48:30 PM","SeChangeNotifyPrivilege","Everyone","S-1-1-0"
"361","PX1HWHYPERV04","54","9/14/2026 10:48:30 PM","SeChangeNotifyPrivilege","NT AUTHORITY\LOCAL SERVICE","S-1-5-19"
"361","PX1HWHYPERV04","54","9/14/2026 10:48:30 PM","SeChangeNotifyPrivilege","NT AUTHORITY\NETWORK SERVICE","S-1-5-20"
"361","PX1HWHYPERV04","54","9/14/2026 10:48:30 PM","SeChangeNotifyPrivilege","BUILTIN\Administrators","S-1-5-32-544"
"361","PX1HWHYPERV04","54","9/14/2026 10:48:30 PM","SeChangeNotifyPrivilege","BUILTIN\Users","S-1-5-32-545"
"361","PX1HWHYPERV04","54","9/14/2026 10:48:30 PM","SeChangeNotifyPrivilege","BUILTIN\Backup Operators","S-1-5-32-551"
"361","PX1HWHYPERV04","54","9/14/2026 10:48:30 PM","SeSystemtimePrivilege","NT AUTHORITY\LOCAL SERVICE","S-1-5-19"
"361","PX1HWHYPERV04","54","9/14/2026 10:48:30 PM","SeSystemtimePrivilege","BUILTIN\Administrators","S-1-5-32-544"
"361","PX1HWHYPERV04","54","9/14/2026 10:48:30 PM","SeCreatePagefilePrivilege","BUILTIN\Administrators","S-1-5-32-544"
"361","PX1HWHYPERV04","54","9/14/2026 10:48:30 PM","SeDebugPrivilege","BUILTIN\Administrators","S-1-5-32-544"
"361","PX1HWHYPERV04","54","9/14/2026 10:48:30 PM","SeRemoteShutdownPrivilege","BUILTIN\Administrators","S-1-5-32-544"
"361","PX1HWHYPERV04","54","9/14/2026 10:48:30 PM","SeAuditPrivilege","NT AUTHORITY\LOCAL SERVICE","S-1-5-19"
"361","PX1HWHYPERV04","54","9/14/2026 10:48:30 PM","SeAuditPrivilege","NT AUTHORITY\NETWORK SERVICE","S-1-5-20"
"361","PX1HWHYPERV04","54","9/14/2026 10:48:30 PM","SeIncreaseQuotaPrivilege","NT AUTHORITY\LOCAL SERVICE","S-1-5-19"
"361","PX1HWHYPERV04","54","9/14/2026 10:48:30 PM","SeIncreaseQuotaPrivilege","NT AUTHORITY\NETWORK SERVICE","S-1-5-20"
"361","PX1HWHYPERV04","54","9/14/2026 10:48:30 PM","SeIncreaseQuotaPrivilege","BUILTIN\Administrators","S-1-5-32-544"
"361","PX1HWHYPERV04","54","9/14/2026 10:48:30 PM","SeIncreaseBasePriorityPrivilege","BUILTIN\Administrators","S-1-5-32-544"
"361","PX1HWHYPERV04","54","9/14/2026 10:48:30 PM","SeIncreaseBasePriorityPrivilege","S-1-5-90-0","S-1-5-90-0"
"361","PX1HWHYPERV04","54","9/14/2026 10:48:30 PM","SeLoadDriverPrivilege","BUILTIN\Administrators","S-1-5-32-544"
"361","PX1HWHYPERV04","54","9/14/2026 10:48:30 PM","SeBatchLogonRight","BUILTIN\Administrators","S-1-5-32-544"
"361","PX1HWHYPERV04","54","9/14/2026 10:48:30 PM","SeBatchLogonRight","BUILTIN\Backup Operators","S-1-5-32-551"
"361","PX1HWHYPERV04","54","9/14/2026 10:48:30 PM","SeBatchLogonRight","BUILTIN\Performance Log Users","S-1-5-32-559"
"361","PX1HWHYPERV04","54","9/14/2026 10:48:30 PM","SeServiceLogonRight","NT SERVICE\ALL SERVICES","S-1-5-80-0"
"361","PX1HWHYPERV04","54","9/14/2026 10:48:30 PM","SeServiceLogonRight","NT SERVICE\himds","S-1-5-80-4215458991-2034252225-2287069555-1155419622-2701885083"
"361","PX1HWHYPERV04","54","9/14/2026 10:48:30 PM","SeServiceLogonRight","NT VIRTUAL MACHINE\Virtual Machines","S-1-5-83-0"
"361","PX1HWHYPERV04","54","9/14/2026 10:48:30 PM","SeInteractiveLogonRight","BUILTIN\Administrators","S-1-5-32-544"
"361","PX1HWHYPERV04","54","9/14/2026 10:48:30 PM","SeInteractiveLogonRight","BUILTIN\Users","S-1-5-32-545"
"361","PX1HWHYPERV04","54","9/14/2026 10:48:30 PM","SeInteractiveLogonRight","BUILTIN\Backup Operators","S-1-5-32-551"
"361","PX1HWHYPERV04","54","9/14/2026 10:48:30 PM","SeSecurityPrivilege","BUILTIN\Administrators","S-1-5-32-544"
"361","PX1HWHYPERV04","54","9/14/2026 10:48:30 PM","SeSystemEnvironmentPrivilege","BUILTIN\Administrators","S-1-5-32-544"
"361","PX1HWHYPERV04","54","9/14/2026 10:48:30 PM","SeProfileSingleProcessPrivilege","BUILTIN\Administrators","S-1-5-32-544"
"361","PX1HWHYPERV04","54","9/14/2026 10:48:30 PM","SeSystemProfilePrivilege","BUILTIN\Administrators","S-1-5-32-544"
"361","PX1HWHYPERV04","54","9/14/2026 10:48:30 PM","SeSystemProfilePrivilege","NT SERVICE\WdiServiceHost","S-1-5-80-3139157870-2983391045-3678747466-658725712-1809340420"
"361","PX1HWHYPERV04","54","9/14/2026 10:48:30 PM","SeAssignPrimaryTokenPrivilege","NT AUTHORITY\LOCAL SERVICE","S-1-5-19"
"361","PX1HWHYPERV04","54","9/14/2026 10:48:30 PM","SeAssignPrimaryTokenPrivilege","NT AUTHORITY\NETWORK SERVICE","S-1-5-20"
"361","PX1HWHYPERV04","54","9/14/2026 10:48:30 PM","SeRestorePrivilege","BUILTIN\Administrators","S-1-5-32-544"
"361","PX1HWHYPERV04","54","9/14/2026 10:48:30 PM","SeRestorePrivilege","BUILTIN\Backup Operators","S-1-5-32-551"
"361","PX1HWHYPERV04","54","9/14/2026 10:48:30 PM","SeShutdownPrivilege","BUILTIN\Administrators","S-1-5-32-544"
"361","PX1HWHYPERV04","54","9/14/2026 10:48:30 PM","SeShutdownPrivilege","BUILTIN\Backup Operators","S-1-5-32-551"
"361","PX1HWHYPERV04","54","9/14/2026 10:48:30 PM","SeTakeOwnershipPrivilege","BUILTIN\Administrators","S-1-5-32-544"
"361","PX1HWHYPERV04","54","9/14/2026 10:48:30 PM","SeDenyInteractiveLogonRight","CLIUSR","CLIUSR"
"361","PX1HWHYPERV04","54","9/14/2026 10:48:30 PM","SeUndockPrivilege","BUILTIN\Administrators","S-1-5-32-544"
"361","PX1HWHYPERV04","54","9/14/2026 10:48:30 PM","SeManageVolumePrivilege","BUILTIN\Administrators","S-1-5-32-544"
"361","PX1HWHYPERV04","54","9/14/2026 10:48:30 PM","SeRemoteInteractiveLogonRight","BUILTIN\Administrators","S-1-5-32-544"
"361","PX1HWHYPERV04","54","9/14/2026 10:48:30 PM","SeRemoteInteractiveLogonRight","BUILTIN\Remote Desktop Users","S-1-5-32-555"
"361","PX1HWHYPERV04","54","9/14/2026 10:48:30 PM","SeDenyRemoteInteractiveLogonRight","CLIUSR","CLIUSR"
"361","PX1HWHYPERV04","54","9/14/2026 10:48:30 PM","SeImpersonatePrivilege","NT AUTHORITY\LOCAL SERVICE","S-1-5-19"
"361","PX1HWHYPERV04","54","9/14/2026 10:48:30 PM","SeImpersonatePrivilege","NT AUTHORITY\NETWORK SERVICE","S-1-5-20"
"361","PX1HWHYPERV04","54","9/14/2026 10:48:30 PM","SeImpersonatePrivilege","BUILTIN\Administrators","S-1-5-32-544"
"361","PX1HWHYPERV04","54","9/14/2026 10:48:30 PM","SeImpersonatePrivilege","NT AUTHORITY\SERVICE","S-1-5-6"
"361","PX1HWHYPERV04","54","9/14/2026 10:48:30 PM","SeCreateGlobalPrivilege","NT AUTHORITY\LOCAL SERVICE","S-1-5-19"
"361","PX1HWHYPERV04","54","9/14/2026 10:48:30 PM","SeCreateGlobalPrivilege","NT AUTHORITY\NETWORK SERVICE","S-1-5-20"
"361","PX1HWHYPERV04","54","9/14/2026 10:48:30 PM","SeCreateGlobalPrivilege","BUILTIN\Administrators","S-1-5-32-544"
"361","PX1HWHYPERV04","54","9/14/2026 10:48:30 PM","SeCreateGlobalPrivilege","NT AUTHORITY\SERVICE","S-1-5-6"
"361","PX1HWHYPERV04","54","9/14/2026 10:48:30 PM","SeIncreaseWorkingSetPrivilege","BUILTIN\Users","S-1-5-32-545"
"361","PX1HWHYPERV04","54","9/14/2026 10:48:30 PM","SeTimeZonePrivilege","NT AUTHORITY\LOCAL SERVICE","S-1-5-19"
"361","PX1HWHYPERV04","54","9/14/2026 10:48:30 PM","SeTimeZonePrivilege","BUILTIN\Administrators","S-1-5-32-544"
"361","PX1HWHYPERV04","54","9/14/2026 10:48:30 PM","SeCreateSymbolicLinkPrivilege","BUILTIN\Administrators","S-1-5-32-544"
"361","PX1HWHYPERV04","54","9/14/2026 10:48:30 PM","SeCreateSymbolicLinkPrivilege","NT VIRTUAL MACHINE\Virtual Machines","S-1-5-83-0"
"361","PX1HWHYPERV04","54","9/14/2026 10:48:30 PM","SeDelegateSessionUserImpersonatePrivilege","BUILTIN\Administrators","S-1-5-32-544"
"362","ML1SWDOCDEV01","52","9/14/2026 10:48:33 PM","SeNetworkLogonRight","Everyone","S-1-1-0"
"362","ML1SWDOCDEV01","52","9/14/2026 10:48:33 PM","SeNetworkLogonRight","BUILTIN\Administrators","S-1-5-32-544"
"362","ML1SWDOCDEV01","52","9/14/2026 10:48:33 PM","SeNetworkLogonRight","BUILTIN\Users","S-1-5-32-545"
"362","ML1SWDOCDEV01","52","9/14/2026 10:48:33 PM","SeNetworkLogonRight","BUILTIN\Backup Operators","S-1-5-32-551"
"362","ML1SWDOCDEV01","52","9/14/2026 10:48:33 PM","SeBackupPrivilege","BUILTIN\Administrators","S-1-5-32-544"
"362","ML1SWDOCDEV01","52","9/14/2026 10:48:33 PM","SeBackupPrivilege","BUILTIN\Backup Operators","S-1-5-32-551"
"362","ML1SWDOCDEV01","52","9/14/2026 10:48:33 PM","SeChangeNotifyPrivilege","Everyone","S-1-1-0"
"362","ML1SWDOCDEV01","52","9/14/2026 10:48:33 PM","SeChangeNotifyPrivilege","NT AUTHORITY\LOCAL SERVICE","S-1-5-19"
"362","ML1SWDOCDEV01","52","9/14/2026 10:48:33 PM","SeChangeNotifyPrivilege","NT AUTHORITY\NETWORK SERVICE","S-1-5-20"
"362","ML1SWDOCDEV01","52","9/14/2026 10:48:33 PM","SeChangeNotifyPrivilege","BUILTIN\Administrators","S-1-5-32-544"
"362","ML1SWDOCDEV01","52","9/14/2026 10:48:33 PM","SeChangeNotifyPrivilege","BUILTIN\Users","S-1-5-32-545"
"362","ML1SWDOCDEV01","52","9/14/2026 10:48:33 PM","SeChangeNotifyPrivilege","BUILTIN\Backup Operators","S-1-5-32-551"
"362","ML1SWDOCDEV01","52","9/14/2026 10:48:33 PM","SeSystemtimePrivilege","NT AUTHORITY\LOCAL SERVICE","S-1-5-19"
"362","ML1SWDOCDEV01","52","9/14/2026 10:48:33 PM","SeSystemtimePrivilege","BUILTIN\Administrators","S-1-5-32-544"
"362","ML1SWDOCDEV01","52","9/14/2026 10:48:33 PM","SeCreatePagefilePrivilege","BUILTIN\Administrators","S-1-5-32-544"
"362","ML1SWDOCDEV01","52","9/14/2026 10:48:33 PM","SeDebugPrivilege","BUILTIN\Administrators","S-1-5-32-544"
"362","ML1SWDOCDEV01","52","9/14/2026 10:48:33 PM","SeRemoteShutdownPrivilege","BUILTIN\Administrators","S-1-5-32-544"
"362","ML1SWDOCDEV01","52","9/14/2026 10:48:33 PM","SeAuditPrivilege","NT AUTHORITY\LOCAL SERVICE","S-1-5-19"
"362","ML1SWDOCDEV01","52","9/14/2026 10:48:33 PM","SeAuditPrivilege","NT AUTHORITY\NETWORK SERVICE","S-1-5-20"
"362","ML1SWDOCDEV01","52","9/14/2026 10:48:33 PM","SeAuditPrivilege","IIS APPPOOL\.NET v4.5","S-1-5-82-271721585-897601226-2024613209-625570482-296978595"
"362","ML1SWDOCDEV01","52","9/14/2026 10:48:33 PM","SeAuditPrivilege","IIS APPPOOL\DefaultAppPool","S-1-5-82-3006700770-424185619-1745488364-794895919-4004696415"
"362","ML1SWDOCDEV01","52","9/14/2026 10:48:33 PM","SeAuditPrivilege","IIS APPPOOL\.NET v4.5 Classic","S-1-5-82-3876422241-1344743610-1729199087-774402673-2621913236"
"362","ML1SWDOCDEV01","52","9/14/2026 10:48:33 PM","SeIncreaseQuotaPrivilege","NT AUTHORITY\LOCAL SERVICE","S-1-5-19"
"362","ML1SWDOCDEV01","52","9/14/2026 10:48:33 PM","SeIncreaseQuotaPrivilege","NT AUTHORITY\NETWORK SERVICE","S-1-5-20"
"362","ML1SWDOCDEV01","52","9/14/2026 10:48:33 PM","SeIncreaseQuotaPrivilege","BUILTIN\Administrators","S-1-5-32-544"
"362","ML1SWDOCDEV01","52","9/14/2026 10:48:33 PM","SeIncreaseQuotaPrivilege","IIS APPPOOL\.NET v4.5","S-1-5-82-271721585-897601226-2024613209-625570482-296978595"
"362","ML1SWDOCDEV01","52","9/14/2026 10:48:33 PM","SeIncreaseQuotaPrivilege","IIS APPPOOL\DefaultAppPool","S-1-5-82-3006700770-424185619-1745488364-794895919-4004696415"
"362","ML1SWDOCDEV01","52","9/14/2026 10:48:33 PM","SeIncreaseQuotaPrivilege","IIS APPPOOL\.NET v4.5 Classic","S-1-5-82-3876422241-1344743610-1729199087-774402673-2621913236"
"362","ML1SWDOCDEV01","52","9/14/2026 10:48:33 PM","SeIncreaseBasePriorityPrivilege","BUILTIN\Administrators","S-1-5-32-544"
"362","ML1SWDOCDEV01","52","9/14/2026 10:48:33 PM","SeIncreaseBasePriorityPrivilege","Window Manager\Window Manager Group","S-1-5-90-0"
"362","ML1SWDOCDEV01","52","9/14/2026 10:48:33 PM","SeLoadDriverPrivilege","BUILTIN\Administrators","S-1-5-32-544"
"362","ML1SWDOCDEV01","52","9/14/2026 10:48:33 PM","SeBatchLogonRight","BUILTIN\Administrators","S-1-5-32-544"
"362","ML1SWDOCDEV01","52","9/14/2026 10:48:33 PM","SeBatchLogonRight","BUILTIN\Backup Operators","S-1-5-32-551"
"362","ML1SWDOCDEV01","52","9/14/2026 10:48:33 PM","SeBatchLogonRight","BUILTIN\Performance Log Users","S-1-5-32-559"
"362","ML1SWDOCDEV01","52","9/14/2026 10:48:33 PM","SeBatchLogonRight","BUILTIN\IIS_IUSRS","S-1-5-32-568"
"362","ML1SWDOCDEV01","52","9/14/2026 10:48:33 PM","SeServiceLogonRight","NT SERVICE\ALL SERVICES","S-1-5-80-0"
"362","ML1SWDOCDEV01","52","9/14/2026 10:48:33 PM","SeServiceLogonRight","NT SERVICE\himds","S-1-5-80-4215458991-2034252225-2287069555-1155419622-2701885083"
"362","ML1SWDOCDEV01","52","9/14/2026 10:48:33 PM","SeServiceLogonRight","IIS APPPOOL\.NET v4.5","S-1-5-82-271721585-897601226-2024613209-625570482-296978595"
"362","ML1SWDOCDEV01","52","9/14/2026 10:48:33 PM","SeServiceLogonRight","IIS APPPOOL\DefaultAppPool","S-1-5-82-3006700770-424185619-1745488364-794895919-4004696415"
"362","ML1SWDOCDEV01","52","9/14/2026 10:48:33 PM","SeServiceLogonRight","IIS APPPOOL\.NET v4.5 Classic","S-1-5-82-3876422241-1344743610-1729199087-774402673-2621913236"
"362","ML1SWDOCDEV01","52","9/14/2026 10:48:33 PM","SeInteractiveLogonRight","BUILTIN\Administrators","S-1-5-32-544"
"362","ML1SWDOCDEV01","52","9/14/2026 10:48:33 PM","SeSecurityPrivilege","BUILTIN\Administrators","S-1-5-32-544"
"362","ML1SWDOCDEV01","52","9/14/2026 10:48:33 PM","SeSystemEnvironmentPrivilege","BUILTIN\Administrators","S-1-5-32-544"
"362","ML1SWDOCDEV01","52","9/14/2026 10:48:33 PM","SeProfileSingleProcessPrivilege","BUILTIN\Administrators","S-1-5-32-544"
"362","ML1SWDOCDEV01","52","9/14/2026 10:48:33 PM","SeSystemProfilePrivilege","BUILTIN\Administrators","S-1-5-32-544"
"362","ML1SWDOCDEV01","52","9/14/2026 10:48:33 PM","SeSystemProfilePrivilege","NT SERVICE\WdiServiceHost","S-1-5-80-3139157870-2983391045-3678747466-658725712-1809340420"
"362","ML1SWDOCDEV01","52","9/14/2026 10:48:33 PM","SeAssignPrimaryTokenPrivilege","NT AUTHORITY\LOCAL SERVICE","S-1-5-19"
"362","ML1SWDOCDEV01","52","9/14/2026 10:48:33 PM","SeAssignPrimaryTokenPrivilege","NT AUTHORITY\NETWORK SERVICE","S-1-5-20"
"362","ML1SWDOCDEV01","52","9/14/2026 10:48:33 PM","SeAssignPrimaryTokenPrivilege","IIS APPPOOL\.NET v4.5","S-1-5-82-271721585-897601226-2024613209-625570482-296978595"
"362","ML1SWDOCDEV01","52","9/14/2026 10:48:33 PM","SeAssignPrimaryTokenPrivilege","IIS APPPOOL\DefaultAppPool","S-1-5-82-3006700770-424185619-1745488364-794895919-4004696415"
"362","ML1SWDOCDEV01","52","9/14/2026 10:48:33 PM","SeAssignPrimaryTokenPrivilege","IIS APPPOOL\.NET v4.5 Classic","S-1-5-82-3876422241-1344743610-1729199087-774402673-2621913236"
"362","ML1SWDOCDEV01","52","9/14/2026 10:48:33 PM","SeRestorePrivilege","BUILTIN\Administrators","S-1-5-32-544"
"362","ML1SWDOCDEV01","52","9/14/2026 10:48:33 PM","SeRestorePrivilege","BUILTIN\Backup Operators","S-1-5-32-551"
"362","ML1SWDOCDEV01","52","9/14/2026 10:48:33 PM","SeShutdownPrivilege","BUILTIN\Administrators","S-1-5-32-544"
"362","ML1SWDOCDEV01","52","9/14/2026 10:48:33 PM","SeTakeOwnershipPrivilege","BUILTIN\Administrators","S-1-5-32-544"
"362","ML1SWDOCDEV01","52","9/14/2026 10:48:33 PM","SeDenyBatchLogonRight","BUILTIN\Guests","S-1-5-32-546"
"362","ML1SWDOCDEV01","52","9/14/2026 10:48:33 PM","SeDenyServiceLogonRight","BUILTIN\Guests","S-1-5-32-546"
"362","ML1SWDOCDEV01","52","9/14/2026 10:48:33 PM","SeDenyInteractiveLogonRight","BUILTIN\Guests","S-1-5-32-546"
"362","ML1SWDOCDEV01","52","9/14/2026 10:48:33 PM","SeUndockPrivilege","BUILTIN\Administrators","S-1-5-32-544"
"362","ML1SWDOCDEV01","52","9/14/2026 10:48:33 PM","SeManageVolumePrivilege","BUILTIN\Administrators","S-1-5-32-544"
"362","ML1SWDOCDEV01","52","9/14/2026 10:48:33 PM","SeRemoteInteractiveLogonRight","BUILTIN\Administrators","S-1-5-32-544"
"362","ML1SWDOCDEV01","52","9/14/2026 10:48:33 PM","SeRemoteInteractiveLogonRight","BUILTIN\Remote Desktop Users","S-1-5-32-555"
"362","ML1SWDOCDEV01","52","9/14/2026 10:48:33 PM","SeDenyRemoteInteractiveLogonRight","BUILTIN\Guests","S-1-5-32-546"
"362","ML1SWDOCDEV01","52","9/14/2026 10:48:33 PM","SeImpersonatePrivilege","NT AUTHORITY\LOCAL SERVICE","S-1-5-19"
"362","ML1SWDOCDEV01","52","9/14/2026 10:48:33 PM","SeImpersonatePrivilege","NT AUTHORITY\NETWORK SERVICE","S-1-5-20"
"362","ML1SWDOCDEV01","52","9/14/2026 10:48:33 PM","SeImpersonatePrivilege","BUILTIN\Administrators","S-1-5-32-544"
"362","ML1SWDOCDEV01","52","9/14/2026 10:48:33 PM","SeImpersonatePrivilege","BUILTIN\IIS_IUSRS","S-1-5-32-568"
"362","ML1SWDOCDEV01","52","9/14/2026 10:48:33 PM","SeImpersonatePrivilege","NT AUTHORITY\SERVICE","S-1-5-6"
"362","ML1SWDOCDEV01","52","9/14/2026 10:48:33 PM","SeCreateGlobalPrivilege","NT AUTHORITY\LOCAL SERVICE","S-1-5-19"
"362","ML1SWDOCDEV01","52","9/14/2026 10:48:33 PM","SeCreateGlobalPrivilege","NT AUTHORITY\NETWORK SERVICE","S-1-5-20"
"362","ML1SWDOCDEV01","52","9/14/2026 10:48:33 PM","SeCreateGlobalPrivilege","BUILTIN\Administrators","S-1-5-32-544"
"362","ML1SWDOCDEV01","52","9/14/2026 10:48:33 PM","SeCreateGlobalPrivilege","NT AUTHORITY\SERVICE","S-1-5-6"
"362","ML1SWDOCDEV01","52","9/14/2026 10:48:33 PM","SeIncreaseWorkingSetPrivilege","BUILTIN\Users","S-1-5-32-545"
"362","ML1SWDOCDEV01","52","9/14/2026 10:48:33 PM","SeTimeZonePrivilege","NT AUTHORITY\LOCAL SERVICE","S-1-5-19"
"362","ML1SWDOCDEV01","52","9/14/2026 10:48:33 PM","SeTimeZonePrivilege","BUILTIN\Administrators","S-1-5-32-544"
"362","ML1SWDOCDEV01","52","9/14/2026 10:48:33 PM","SeCreateSymbolicLinkPrivilege","BUILTIN\Administrators","S-1-5-32-544"
"362","ML1SWDOCDEV01","52","9/14/2026 10:48:33 PM","SeDelegateSessionUserImpersonatePrivilege","BUILTIN\Administrators","S-1-5-32-544"
"364","CO1SWDOCMTST01","52","9/14/2026 10:48:34 PM","SeNetworkLogonRight","Everyone","S-1-1-0"
"364","CO1SWDOCMTST01","52","9/14/2026 10:48:34 PM","SeNetworkLogonRight","BUILTIN\Administrators","S-1-5-32-544"
"364","CO1SWDOCMTST01","52","9/14/2026 10:48:34 PM","SeNetworkLogonRight","BUILTIN\Users","S-1-5-32-545"
"364","CO1SWDOCMTST01","52","9/14/2026 10:48:34 PM","SeNetworkLogonRight","BUILTIN\Backup Operators","S-1-5-32-551"
"364","CO1SWDOCMTST01","52","9/14/2026 10:48:34 PM","SeBackupPrivilege","BUILTIN\Administrators","S-1-5-32-544"
"364","CO1SWDOCMTST01","52","9/14/2026 10:48:34 PM","SeBackupPrivilege","BUILTIN\Backup Operators","S-1-5-32-551"
"364","CO1SWDOCMTST01","52","9/14/2026 10:48:34 PM","SeChangeNotifyPrivilege","Everyone","S-1-1-0"
"364","CO1SWDOCMTST01","52","9/14/2026 10:48:34 PM","SeChangeNotifyPrivilege","NT AUTHORITY\LOCAL SERVICE","S-1-5-19"
"364","CO1SWDOCMTST01","52","9/14/2026 10:48:34 PM","SeChangeNotifyPrivilege","NT AUTHORITY\NETWORK SERVICE","S-1-5-20"
"364","CO1SWDOCMTST01","52","9/14/2026 10:48:34 PM","SeChangeNotifyPrivilege","BUILTIN\Administrators","S-1-5-32-544"
"364","CO1SWDOCMTST01","52","9/14/2026 10:48:34 PM","SeChangeNotifyPrivilege","BUILTIN\Users","S-1-5-32-545"
"364","CO1SWDOCMTST01","52","9/14/2026 10:48:34 PM","SeChangeNotifyPrivilege","BUILTIN\Backup Operators","S-1-5-32-551"
"364","CO1SWDOCMTST01","52","9/14/2026 10:48:34 PM","SeSystemtimePrivilege","NT AUTHORITY\LOCAL SERVICE","S-1-5-19"
"364","CO1SWDOCMTST01","52","9/14/2026 10:48:34 PM","SeSystemtimePrivilege","BUILTIN\Administrators","S-1-5-32-544"
"364","CO1SWDOCMTST01","52","9/14/2026 10:48:34 PM","SeCreatePagefilePrivilege","BUILTIN\Administrators","S-1-5-32-544"
"364","CO1SWDOCMTST01","52","9/14/2026 10:48:34 PM","SeDebugPrivilege","BUILTIN\Administrators","S-1-5-32-544"
"364","CO1SWDOCMTST01","52","9/14/2026 10:48:34 PM","SeRemoteShutdownPrivilege","BUILTIN\Administrators","S-1-5-32-544"
"364","CO1SWDOCMTST01","52","9/14/2026 10:48:34 PM","SeAuditPrivilege","NT AUTHORITY\LOCAL SERVICE","S-1-5-19"
"364","CO1SWDOCMTST01","52","9/14/2026 10:48:34 PM","SeAuditPrivilege","NT AUTHORITY\NETWORK SERVICE","S-1-5-20"
"364","CO1SWDOCMTST01","52","9/14/2026 10:48:34 PM","SeIncreaseQuotaPrivilege","NT AUTHORITY\LOCAL SERVICE","S-1-5-19"
"364","CO1SWDOCMTST01","52","9/14/2026 10:48:34 PM","SeIncreaseQuotaPrivilege","NT AUTHORITY\NETWORK SERVICE","S-1-5-20"
"364","CO1SWDOCMTST01","52","9/14/2026 10:48:34 PM","SeIncreaseQuotaPrivilege","BUILTIN\Administrators","S-1-5-32-544"
"364","CO1SWDOCMTST01","52","9/14/2026 10:48:34 PM","SeIncreaseBasePriorityPrivilege","BUILTIN\Administrators","S-1-5-32-544"
"364","CO1SWDOCMTST01","52","9/14/2026 10:48:34 PM","SeIncreaseBasePriorityPrivilege","Window Manager\Window Manager Group","S-1-5-90-0"
"364","CO1SWDOCMTST01","52","9/14/2026 10:48:34 PM","SeLoadDriverPrivilege","BUILTIN\Administrators","S-1-5-32-544"
"364","CO1SWDOCMTST01","52","9/14/2026 10:48:34 PM","SeBatchLogonRight","BUILTIN\Administrators","S-1-5-32-544"
"364","CO1SWDOCMTST01","52","9/14/2026 10:48:34 PM","SeBatchLogonRight","BUILTIN\Backup Operators","S-1-5-32-551"
"364","CO1SWDOCMTST01","52","9/14/2026 10:48:34 PM","SeBatchLogonRight","BUILTIN\Performance Log Users","S-1-5-32-559"
"364","CO1SWDOCMTST01","52","9/14/2026 10:48:34 PM","SeServiceLogonRight","NT SERVICE\ALL SERVICES","S-1-5-80-0"
"364","CO1SWDOCMTST01","52","9/14/2026 10:48:34 PM","SeServiceLogonRight","NT SERVICE\himds","S-1-5-80-4215458991-2034252225-2287069555-1155419622-2701885083"
"364","CO1SWDOCMTST01","52","9/14/2026 10:48:34 PM","SeInteractiveLogonRight","BUILTIN\Administrators","S-1-5-32-544"
"364","CO1SWDOCMTST01","52","9/14/2026 10:48:34 PM","SeSecurityPrivilege","BUILTIN\Administrators","S-1-5-32-544"
"364","CO1SWDOCMTST01","52","9/14/2026 10:48:34 PM","SeSystemEnvironmentPrivilege","BUILTIN\Administrators","S-1-5-32-544"
"364","CO1SWDOCMTST01","52","9/14/2026 10:48:34 PM","SeProfileSingleProcessPrivilege","BUILTIN\Administrators","S-1-5-32-544"
"364","CO1SWDOCMTST01","52","9/14/2026 10:48:34 PM","SeSystemProfilePrivilege","BUILTIN\Administrators","S-1-5-32-544"
"364","CO1SWDOCMTST01","52","9/14/2026 10:48:34 PM","SeSystemProfilePrivilege","NT SERVICE\WdiServiceHost","S-1-5-80-3139157870-2983391045-3678747466-658725712-1809340420"
"364","CO1SWDOCMTST01","52","9/14/2026 10:48:34 PM","SeAssignPrimaryTokenPrivilege","NT AUTHORITY\LOCAL SERVICE","S-1-5-19"
"364","CO1SWDOCMTST01","52","9/14/2026 10:48:34 PM","SeAssignPrimaryTokenPrivilege","NT AUTHORITY\NETWORK SERVICE","S-1-5-20"
"364","CO1SWDOCMTST01","52","9/14/2026 10:48:34 PM","SeRestorePrivilege","BUILTIN\Administrators","S-1-5-32-544"
"364","CO1SWDOCMTST01","52","9/14/2026 10:48:34 PM","SeRestorePrivilege","BUILTIN\Backup Operators","S-1-5-32-551"
"364","CO1SWDOCMTST01","52","9/14/2026 10:48:34 PM","SeShutdownPrivilege","BUILTIN\Administrators","S-1-5-32-544"
"364","CO1SWDOCMTST01","52","9/14/2026 10:48:34 PM","SeTakeOwnershipPrivilege","BUILTIN\Administrators","S-1-5-32-544"
"364","CO1SWDOCMTST01","52","9/14/2026 10:48:34 PM","SeDenyBatchLogonRight","BUILTIN\Guests","S-1-5-32-546"
"364","CO1SWDOCMTST01","52","9/14/2026 10:48:34 PM","SeDenyServiceLogonRight","BUILTIN\Guests","S-1-5-32-546"
"364","CO1SWDOCMTST01","52","9/14/2026 10:48:34 PM","SeDenyInteractiveLogonRight","BUILTIN\Guests","S-1-5-32-546"
"364","CO1SWDOCMTST01","52","9/14/2026 10:48:34 PM","SeUndockPrivilege","BUILTIN\Administrators","S-1-5-32-544"
"364","CO1SWDOCMTST01","52","9/14/2026 10:48:34 PM","SeManageVolumePrivilege","BUILTIN\Administrators","S-1-5-32-544"
"364","CO1SWDOCMTST01","52","9/14/2026 10:48:34 PM","SeRemoteInteractiveLogonRight","BUILTIN\Administrators","S-1-5-32-544"
"364","CO1SWDOCMTST01","52","9/14/2026 10:48:34 PM","SeRemoteInteractiveLogonRight","BUILTIN\Remote Desktop Users","S-1-5-32-555"
"364","CO1SWDOCMTST01","52","9/14/2026 10:48:34 PM","SeDenyRemoteInteractiveLogonRight","BUILTIN\Guests","S-1-5-32-546"
"364","CO1SWDOCMTST01","52","9/14/2026 10:48:34 PM","SeImpersonatePrivilege","NT AUTHORITY\LOCAL SERVICE","S-1-5-19"
"364","CO1SWDOCMTST01","52","9/14/2026 10:48:34 PM","SeImpersonatePrivilege","NT AUTHORITY\NETWORK SERVICE","S-1-5-20"
"364","CO1SWDOCMTST01","52","9/14/2026 10:48:34 PM","SeImpersonatePrivilege","BUILTIN\Administrators","S-1-5-32-544"
"364","CO1SWDOCMTST01","52","9/14/2026 10:48:34 PM","SeImpersonatePrivilege","NT AUTHORITY\SERVICE","S-1-5-6"
"364","CO1SWDOCMTST01","52","9/14/2026 10:48:34 PM","SeCreateGlobalPrivilege","NT AUTHORITY\LOCAL SERVICE","S-1-5-19"
"364","CO1SWDOCMTST01","52","9/14/2026 10:48:34 PM","SeCreateGlobalPrivilege","NT AUTHORITY\NETWORK SERVICE","S-1-5-20"
"364","CO1SWDOCMTST01","52","9/14/2026 10:48:34 PM","SeCreateGlobalPrivilege","BUILTIN\Administrators","S-1-5-32-544"
"364","CO1SWDOCMTST01","52","9/14/2026 10:48:34 PM","SeCreateGlobalPrivilege","NT AUTHORITY\SERVICE","S-1-5-6"
"364","CO1SWDOCMTST01","52","9/14/2026 10:48:34 PM","SeIncreaseWorkingSetPrivilege","BUILTIN\Users","S-1-5-32-545"
"364","CO1SWDOCMTST01","52","9/14/2026 10:48:34 PM","SeTimeZonePrivilege","NT AUTHORITY\LOCAL SERVICE","S-1-5-19"
"364","CO1SWDOCMTST01","52","9/14/2026 10:48:34 PM","SeTimeZonePrivilege","BUILTIN\Administrators","S-1-5-32-544"
"364","CO1SWDOCMTST01","52","9/14/2026 10:48:34 PM","SeCreateSymbolicLinkPrivilege","BUILTIN\Administrators","S-1-5-32-544"
"364","CO1SWDOCMTST01","52","9/14/2026 10:48:34 PM","SeDelegateSessionUserImpersonatePrivilege","BUILTIN\Administrators","S-1-5-32-544"
"365","ML1SWTBDEV3","52","9/14/2026 10:48:35 PM","SeNetworkLogonRight","Everyone","S-1-1-0"
"365","ML1SWTBDEV3","52","9/14/2026 10:48:35 PM","SeNetworkLogonRight","BUILTIN\Administrators","S-1-5-32-544"
"365","ML1SWTBDEV3","52","9/14/2026 10:48:35 PM","SeNetworkLogonRight","BUILTIN\Users","S-1-5-32-545"
"365","ML1SWTBDEV3","52","9/14/2026 10:48:35 PM","SeNetworkLogonRight","BUILTIN\Backup Operators","S-1-5-32-551"
"365","ML1SWTBDEV3","52","9/14/2026 10:48:35 PM","SeBackupPrivilege","BUILTIN\Administrators","S-1-5-32-544"
"365","ML1SWTBDEV3","52","9/14/2026 10:48:35 PM","SeBackupPrivilege","BUILTIN\Backup Operators","S-1-5-32-551"
"365","ML1SWTBDEV3","52","9/14/2026 10:48:35 PM","SeChangeNotifyPrivilege","Everyone","S-1-1-0"
"365","ML1SWTBDEV3","52","9/14/2026 10:48:35 PM","SeChangeNotifyPrivilege","NT AUTHORITY\LOCAL SERVICE","S-1-5-19"
"365","ML1SWTBDEV3","52","9/14/2026 10:48:35 PM","SeChangeNotifyPrivilege","NT AUTHORITY\NETWORK SERVICE","S-1-5-20"
"365","ML1SWTBDEV3","52","9/14/2026 10:48:35 PM","SeChangeNotifyPrivilege","BUILTIN\Administrators","S-1-5-32-544"
"365","ML1SWTBDEV3","52","9/14/2026 10:48:35 PM","SeChangeNotifyPrivilege","BUILTIN\Users","S-1-5-32-545"
"365","ML1SWTBDEV3","52","9/14/2026 10:48:35 PM","SeChangeNotifyPrivilege","BUILTIN\Backup Operators","S-1-5-32-551"
"365","ML1SWTBDEV3","52","9/14/2026 10:48:35 PM","SeChangeNotifyPrivilege","NT SERVICE\SQLSERVERAGENT","S-1-5-80-344959196-2060754871-2302487193-2804545603-1466107430"
"365","ML1SWTBDEV3","52","9/14/2026 10:48:35 PM","SeChangeNotifyPrivilege","NT SERVICE\MSSQLSERVER","S-1-5-80-3880718306-3832830129-1677859214-2598158968-1052248003"
"365","ML1SWTBDEV3","52","9/14/2026 10:48:35 PM","SeSystemtimePrivilege","NT AUTHORITY\LOCAL SERVICE","S-1-5-19"
"365","ML1SWTBDEV3","52","9/14/2026 10:48:35 PM","SeSystemtimePrivilege","BUILTIN\Administrators","S-1-5-32-544"
"365","ML1SWTBDEV3","52","9/14/2026 10:48:35 PM","SeCreatePagefilePrivilege","BUILTIN\Administrators","S-1-5-32-544"
"365","ML1SWTBDEV3","52","9/14/2026 10:48:35 PM","SeDebugPrivilege","BUILTIN\Administrators","S-1-5-32-544"
"365","ML1SWTBDEV3","52","9/14/2026 10:48:35 PM","SeRemoteShutdownPrivilege","BUILTIN\Administrators","S-1-5-32-544"
"365","ML1SWTBDEV3","52","9/14/2026 10:48:35 PM","SeAuditPrivilege","NT AUTHORITY\LOCAL SERVICE","S-1-5-19"
"365","ML1SWTBDEV3","52","9/14/2026 10:48:35 PM","SeAuditPrivilege","NT AUTHORITY\NETWORK SERVICE","S-1-5-20"
"365","ML1SWTBDEV3","52","9/14/2026 10:48:35 PM","SeAuditPrivilege","NT SERVICE\MSSQLSERVER","S-1-5-80-3880718306-3832830129-1677859214-2598158968-1052248003"
"365","ML1SWTBDEV3","52","9/14/2026 10:48:35 PM","SeAuditPrivilege","IIS APPPOOL\.NET v4.5","S-1-5-82-271721585-897601226-2024613209-625570482-296978595"
"365","ML1SWTBDEV3","52","9/14/2026 10:48:35 PM","SeAuditPrivilege","IIS APPPOOL\DefaultAppPool","S-1-5-82-3006700770-424185619-1745488364-794895919-4004696415"
"365","ML1SWTBDEV3","52","9/14/2026 10:48:35 PM","SeAuditPrivilege","IIS APPPOOL\.NET v4.5 Classic","S-1-5-82-3876422241-1344743610-1729199087-774402673-2621913236"
"365","ML1SWTBDEV3","52","9/14/2026 10:48:35 PM","SeIncreaseQuotaPrivilege","NT AUTHORITY\LOCAL SERVICE","S-1-5-19"
"365","ML1SWTBDEV3","52","9/14/2026 10:48:35 PM","SeIncreaseQuotaPrivilege","NT AUTHORITY\NETWORK SERVICE","S-1-5-20"
"365","ML1SWTBDEV3","52","9/14/2026 10:48:35 PM","SeIncreaseQuotaPrivilege","BUILTIN\Administrators","S-1-5-32-544"
"365","ML1SWTBDEV3","52","9/14/2026 10:48:35 PM","SeIncreaseQuotaPrivilege","NT SERVICE\SQLSERVERAGENT","S-1-5-80-344959196-2060754871-2302487193-2804545603-1466107430"
"365","ML1SWTBDEV3","52","9/14/2026 10:48:35 PM","SeIncreaseQuotaPrivilege","NT SERVICE\MSSQLSERVER","S-1-5-80-3880718306-3832830129-1677859214-2598158968-1052248003"
"365","ML1SWTBDEV3","52","9/14/2026 10:48:35 PM","SeIncreaseQuotaPrivilege","IIS APPPOOL\.NET v4.5","S-1-5-82-271721585-897601226-2024613209-625570482-296978595"
"365","ML1SWTBDEV3","52","9/14/2026 10:48:35 PM","SeIncreaseQuotaPrivilege","IIS APPPOOL\DefaultAppPool","S-1-5-82-3006700770-424185619-1745488364-794895919-4004696415"
"365","ML1SWTBDEV3","52","9/14/2026 10:48:35 PM","SeIncreaseQuotaPrivilege","IIS APPPOOL\.NET v4.5 Classic","S-1-5-82-3876422241-1344743610-1729199087-774402673-2621913236"
"365","ML1SWTBDEV3","52","9/14/2026 10:48:35 PM","SeIncreaseBasePriorityPrivilege","BUILTIN\Administrators","S-1-5-32-544"
"365","ML1SWTBDEV3","52","9/14/2026 10:48:35 PM","SeIncreaseBasePriorityPrivilege","Window Manager\Window Manager Group","S-1-5-90-0"
"365","ML1SWTBDEV3","52","9/14/2026 10:48:35 PM","SeLoadDriverPrivilege","BUILTIN\Administrators","S-1-5-32-544"
"365","ML1SWTBDEV3","52","9/14/2026 10:48:35 PM","SeBatchLogonRight","BUILTIN\Administrators","S-1-5-32-544"
"365","ML1SWTBDEV3","52","9/14/2026 10:48:35 PM","SeBatchLogonRight","BUILTIN\Backup Operators","S-1-5-32-551"
"365","ML1SWTBDEV3","52","9/14/2026 10:48:35 PM","SeBatchLogonRight","BUILTIN\Performance Log Users","S-1-5-32-559"
"365","ML1SWTBDEV3","52","9/14/2026 10:48:35 PM","SeBatchLogonRight","BUILTIN\IIS_IUSRS","S-1-5-32-568"
"365","ML1SWTBDEV3","52","9/14/2026 10:48:35 PM","SeServiceLogonRight","NT AUTHORITY\NETWORK SERVICE","S-1-5-20"
"365","ML1SWTBDEV3","52","9/14/2026 10:48:35 PM","SeServiceLogonRight","SQLServer2005SQLBrowserUser$ML1SWTBDEV3","SQLServer2005SQLBrowserUser$ML1SWTBDEV3"
"365","ML1SWTBDEV3","52","9/14/2026 10:48:35 PM","SeServiceLogonRight","SQLServerMSASUser$ML1SWTBDEV3$MSSQLSERVER","SQLServerMSASUser$ML1SWTBDEV3$MSSQLSERVER"
"365","ML1SWTBDEV3","52","9/14/2026 10:48:35 PM","SeServiceLogonRight","NT SERVICE\ALL SERVICES","S-1-5-80-0"
"365","ML1SWTBDEV3","52","9/14/2026 10:48:35 PM","SeServiceLogonRight","NT SERVICE\SSASTELEMETRY","S-1-5-80-1549978933-2891762758-2075524219-3728768389-1145206490"
"365","ML1SWTBDEV3","52","9/14/2026 10:48:35 PM","SeServiceLogonRight","NT SERVICE\SSISTELEMETRY130","S-1-5-80-1625532266-625503396-2441596095-4129757946-3375356652"
"365","ML1SWTBDEV3","52","9/14/2026 10:48:35 PM","SeServiceLogonRight","NT SERVICE\SQLTELEMETRY","S-1-5-80-2652535364-2169709536-2857650723-2622804123-1107741775"
"365","ML1SWTBDEV3","52","9/14/2026 10:48:35 PM","SeServiceLogonRight","NT SERVICE\MSSQLServerOLAPService","S-1-5-80-2872255330-672591203-888807865-2791174282-1554802921"
"365","ML1SWTBDEV3","52","9/14/2026 10:48:35 PM","SeServiceLogonRight","NT SERVICE\ReportServer","S-1-5-80-2885764129-887777008-271615777-1616004480-2722851051"
"365","ML1SWTBDEV3","52","9/14/2026 10:48:35 PM","SeServiceLogonRight","NT SERVICE\MSSQLFDLauncher","S-1-5-80-3263513310-3392720605-1798839546-683002060-3227631582"
"365","ML1SWTBDEV3","52","9/14/2026 10:48:35 PM","SeServiceLogonRight","NT SERVICE\SQLSERVERAGENT","S-1-5-80-344959196-2060754871-2302487193-2804545603-1466107430"
"365","ML1SWTBDEV3","52","9/14/2026 10:48:35 PM","SeServiceLogonRight","NT SERVICE\MsDtsServer130","S-1-5-80-3763098489-2620711134-3767674660-4164406483-1621732"
"365","ML1SWTBDEV3","52","9/14/2026 10:48:35 PM","SeServiceLogonRight","NT SERVICE\MSSQLSERVER","S-1-5-80-3880718306-3832830129-1677859214-2598158968-1052248003"
"365","ML1SWTBDEV3","52","9/14/2026 10:48:35 PM","SeServiceLogonRight","NT SERVICE\himds","S-1-5-80-4215458991-2034252225-2287069555-1155419622-2701885083"
"365","ML1SWTBDEV3","52","9/14/2026 10:48:35 PM","SeServiceLogonRight","IIS APPPOOL\.NET v4.5","S-1-5-82-271721585-897601226-2024613209-625570482-296978595"
"365","ML1SWTBDEV3","52","9/14/2026 10:48:35 PM","SeServiceLogonRight","IIS APPPOOL\DefaultAppPool","S-1-5-82-3006700770-424185619-1745488364-794895919-4004696415"
"365","ML1SWTBDEV3","52","9/14/2026 10:48:35 PM","SeServiceLogonRight","IIS APPPOOL\.NET v4.5 Classic","S-1-5-82-3876422241-1344743610-1729199087-774402673-2621913236"
"365","ML1SWTBDEV3","52","9/14/2026 10:48:35 PM","SeInteractiveLogonRight","BUILTIN\Administrators","S-1-5-32-544"
"365","ML1SWTBDEV3","52","9/14/2026 10:48:35 PM","SeSecurityPrivilege","BUILTIN\Administrators","S-1-5-32-544"
"365","ML1SWTBDEV3","52","9/14/2026 10:48:35 PM","SeSystemEnvironmentPrivilege","BUILTIN\Administrators","S-1-5-32-544"
"365","ML1SWTBDEV3","52","9/14/2026 10:48:35 PM","SeProfileSingleProcessPrivilege","BUILTIN\Administrators","S-1-5-32-544"
"365","ML1SWTBDEV3","52","9/14/2026 10:48:35 PM","SeSystemProfilePrivilege","BUILTIN\Administrators","S-1-5-32-544"
"365","ML1SWTBDEV3","52","9/14/2026 10:48:35 PM","SeSystemProfilePrivilege","NT SERVICE\WdiServiceHost","S-1-5-80-3139157870-2983391045-3678747466-658725712-1809340420"
"365","ML1SWTBDEV3","52","9/14/2026 10:48:35 PM","SeAssignPrimaryTokenPrivilege","NT AUTHORITY\LOCAL SERVICE","S-1-5-19"
"365","ML1SWTBDEV3","52","9/14/2026 10:48:35 PM","SeAssignPrimaryTokenPrivilege","NT AUTHORITY\NETWORK SERVICE","S-1-5-20"
"365","ML1SWTBDEV3","52","9/14/2026 10:48:35 PM","SeAssignPrimaryTokenPrivilege","NT SERVICE\SQLSERVERAGENT","S-1-5-80-344959196-2060754871-2302487193-2804545603-1466107430"
"365","ML1SWTBDEV3","52","9/14/2026 10:48:35 PM","SeAssignPrimaryTokenPrivilege","NT SERVICE\MSSQLSERVER","S-1-5-80-3880718306-3832830129-1677859214-2598158968-1052248003"
"365","ML1SWTBDEV3","52","9/14/2026 10:48:35 PM","SeAssignPrimaryTokenPrivilege","IIS APPPOOL\.NET v4.5","S-1-5-82-271721585-897601226-2024613209-625570482-296978595"
"365","ML1SWTBDEV3","52","9/14/2026 10:48:35 PM","SeAssignPrimaryTokenPrivilege","IIS APPPOOL\DefaultAppPool","S-1-5-82-3006700770-424185619-1745488364-794895919-4004696415"
"365","ML1SWTBDEV3","52","9/14/2026 10:48:35 PM","SeAssignPrimaryTokenPrivilege","IIS APPPOOL\.NET v4.5 Classic","S-1-5-82-3876422241-1344743610-1729199087-774402673-2621913236"
"365","ML1SWTBDEV3","52","9/14/2026 10:48:35 PM","SeRestorePrivilege","BUILTIN\Administrators","S-1-5-32-544"
"365","ML1SWTBDEV3","52","9/14/2026 10:48:35 PM","SeRestorePrivilege","BUILTIN\Backup Operators","S-1-5-32-551"
"365","ML1SWTBDEV3","52","9/14/2026 10:48:35 PM","SeShutdownPrivilege","BUILTIN\Administrators","S-1-5-32-544"
"365","ML1SWTBDEV3","52","9/14/2026 10:48:35 PM","SeTakeOwnershipPrivilege","BUILTIN\Administrators","S-1-5-32-544"
"365","ML1SWTBDEV3","52","9/14/2026 10:48:35 PM","SeDenyBatchLogonRight","BUILTIN\Guests","S-1-5-32-546"
"365","ML1SWTBDEV3","52","9/14/2026 10:48:35 PM","SeDenyServiceLogonRight","BUILTIN\Guests","S-1-5-32-546"
"365","ML1SWTBDEV3","52","9/14/2026 10:48:35 PM","SeDenyInteractiveLogonRight","BUILTIN\Guests","S-1-5-32-546"
"365","ML1SWTBDEV3","52","9/14/2026 10:48:35 PM","SeUndockPrivilege","BUILTIN\Administrators","S-1-5-32-544"
"365","ML1SWTBDEV3","52","9/14/2026 10:48:35 PM","SeManageVolumePrivilege","BUILTIN\Administrators","S-1-5-32-544"
"365","ML1SWTBDEV3","52","9/14/2026 10:48:35 PM","SeRemoteInteractiveLogonRight","BUILTIN\Administrators","S-1-5-32-544"
"365","ML1SWTBDEV3","52","9/14/2026 10:48:35 PM","SeRemoteInteractiveLogonRight","BUILTIN\Remote Desktop Users","S-1-5-32-555"
"365","ML1SWTBDEV3","52","9/14/2026 10:48:35 PM","SeDenyRemoteInteractiveLogonRight","BUILTIN\Guests","S-1-5-32-546"
"365","ML1SWTBDEV3","52","9/14/2026 10:48:35 PM","SeImpersonatePrivilege","NT AUTHORITY\LOCAL SERVICE","S-1-5-19"
"365","ML1SWTBDEV3","52","9/14/2026 10:48:35 PM","SeImpersonatePrivilege","NT AUTHORITY\NETWORK SERVICE","S-1-5-20"
"365","ML1SWTBDEV3","52","9/14/2026 10:48:35 PM","SeImpersonatePrivilege","BUILTIN\Administrators","S-1-5-32-544"
"365","ML1SWTBDEV3","52","9/14/2026 10:48:35 PM","SeImpersonatePrivilege","BUILTIN\IIS_IUSRS","S-1-5-32-568"
"365","ML1SWTBDEV3","52","9/14/2026 10:48:35 PM","SeImpersonatePrivilege","NT AUTHORITY\SERVICE","S-1-5-6"
"365","ML1SWTBDEV3","52","9/14/2026 10:48:35 PM","SeCreateGlobalPrivilege","NT AUTHORITY\LOCAL SERVICE","S-1-5-19"
"365","ML1SWTBDEV3","52","9/14/2026 10:48:35 PM","SeCreateGlobalPrivilege","NT AUTHORITY\NETWORK SERVICE","S-1-5-20"
"365","ML1SWTBDEV3","52","9/14/2026 10:48:35 PM","SeCreateGlobalPrivilege","BUILTIN\Administrators","S-1-5-32-544"
"365","ML1SWTBDEV3","52","9/14/2026 10:48:35 PM","SeCreateGlobalPrivilege","NT AUTHORITY\SERVICE","S-1-5-6"
"365","ML1SWTBDEV3","52","9/14/2026 10:48:35 PM","SeIncreaseWorkingSetPrivilege","BUILTIN\Users","S-1-5-32-545"
"365","ML1SWTBDEV3","52","9/14/2026 10:48:35 PM","SeTimeZonePrivilege","NT AUTHORITY\LOCAL SERVICE","S-1-5-19"
"365","ML1SWTBDEV3","52","9/14/2026 10:48:35 PM","SeTimeZonePrivilege","BUILTIN\Administrators","S-1-5-32-544"
"365","ML1SWTBDEV3","52","9/14/2026 10:48:35 PM","SeCreateSymbolicLinkPrivilege","BUILTIN\Administrators","S-1-5-32-544"
"365","ML1SWTBDEV3","52","9/14/2026 10:48:35 PM","SeDelegateSessionUserImpersonatePrivilege","BUILTIN\Administrators","S-1-5-32-544"
"368","ML1SWFILE01","54","9/14/2026 10:48:37 PM","SeNetworkLogonRight","Everyone","S-1-1-0"
"368","ML1SWFILE01","54","9/14/2026 10:48:37 PM","SeNetworkLogonRight","BUILTIN\Administrators","S-1-5-32-544"
"368","ML1SWFILE01","54","9/14/2026 10:48:37 PM","SeNetworkLogonRight","BUILTIN\Users","S-1-5-32-545"
"368","ML1SWFILE01","54","9/14/2026 10:48:37 PM","SeNetworkLogonRight","BUILTIN\Backup Operators","S-1-5-32-551"
"368","ML1SWFILE01","54","9/14/2026 10:48:37 PM","SeBackupPrivilege","BUILTIN\Administrators","S-1-5-32-544"
"368","ML1SWFILE01","54","9/14/2026 10:48:37 PM","SeBackupPrivilege","BUILTIN\Backup Operators","S-1-5-32-551"
"368","ML1SWFILE01","54","9/14/2026 10:48:37 PM","SeChangeNotifyPrivilege","Everyone","S-1-1-0"
"368","ML1SWFILE01","54","9/14/2026 10:48:37 PM","SeChangeNotifyPrivilege","NT AUTHORITY\LOCAL SERVICE","S-1-5-19"
"368","ML1SWFILE01","54","9/14/2026 10:48:37 PM","SeChangeNotifyPrivilege","NT AUTHORITY\NETWORK SERVICE","S-1-5-20"
"368","ML1SWFILE01","54","9/14/2026 10:48:37 PM","SeChangeNotifyPrivilege","BUILTIN\Administrators","S-1-5-32-544"
"368","ML1SWFILE01","54","9/14/2026 10:48:37 PM","SeChangeNotifyPrivilege","BUILTIN\Users","S-1-5-32-545"
"368","ML1SWFILE01","54","9/14/2026 10:48:37 PM","SeChangeNotifyPrivilege","BUILTIN\Backup Operators","S-1-5-32-551"
"368","ML1SWFILE01","54","9/14/2026 10:48:37 PM","SeSystemtimePrivilege","NT AUTHORITY\LOCAL SERVICE","S-1-5-19"
"368","ML1SWFILE01","54","9/14/2026 10:48:37 PM","SeSystemtimePrivilege","BUILTIN\Administrators","S-1-5-32-544"
"368","ML1SWFILE01","54","9/14/2026 10:48:37 PM","SeCreatePagefilePrivilege","BUILTIN\Administrators","S-1-5-32-544"
"368","ML1SWFILE01","54","9/14/2026 10:48:37 PM","SeDebugPrivilege","BUILTIN\Administrators","S-1-5-32-544"
"368","ML1SWFILE01","54","9/14/2026 10:48:37 PM","SeRemoteShutdownPrivilege","BUILTIN\Administrators","S-1-5-32-544"
"368","ML1SWFILE01","54","9/14/2026 10:48:37 PM","SeAuditPrivilege","NT AUTHORITY\LOCAL SERVICE","S-1-5-19"
"368","ML1SWFILE01","54","9/14/2026 10:48:37 PM","SeAuditPrivilege","NT AUTHORITY\NETWORK SERVICE","S-1-5-20"
"368","ML1SWFILE01","54","9/14/2026 10:48:37 PM","SeIncreaseQuotaPrivilege","NT AUTHORITY\LOCAL SERVICE","S-1-5-19"
"368","ML1SWFILE01","54","9/14/2026 10:48:37 PM","SeIncreaseQuotaPrivilege","NT AUTHORITY\NETWORK SERVICE","S-1-5-20"
"368","ML1SWFILE01","54","9/14/2026 10:48:37 PM","SeIncreaseQuotaPrivilege","BUILTIN\Administrators","S-1-5-32-544"
"368","ML1SWFILE01","54","9/14/2026 10:48:37 PM","SeIncreaseBasePriorityPrivilege","BUILTIN\Administrators","S-1-5-32-544"
"368","ML1SWFILE01","54","9/14/2026 10:48:37 PM","SeIncreaseBasePriorityPrivilege","S-1-5-90-0","S-1-5-90-0"
"368","ML1SWFILE01","54","9/14/2026 10:48:37 PM","SeLoadDriverPrivilege","BUILTIN\Administrators","S-1-5-32-544"
"368","ML1SWFILE01","54","9/14/2026 10:48:37 PM","SeBatchLogonRight","BUILTIN\Administrators","S-1-5-32-544"
"368","ML1SWFILE01","54","9/14/2026 10:48:37 PM","SeBatchLogonRight","BUILTIN\Backup Operators","S-1-5-32-551"
"368","ML1SWFILE01","54","9/14/2026 10:48:37 PM","SeBatchLogonRight","BUILTIN\Performance Log Users","S-1-5-32-559"
"368","ML1SWFILE01","54","9/14/2026 10:48:37 PM","SeServiceLogonRight","NT SERVICE\ALL SERVICES","S-1-5-80-0"
"368","ML1SWFILE01","54","9/14/2026 10:48:37 PM","SeServiceLogonRight","NT SERVICE\himds","S-1-5-80-4215458991-2034252225-2287069555-1155419622-2701885083"
"368","ML1SWFILE01","54","9/14/2026 10:48:37 PM","SeInteractiveLogonRight","BUILTIN\Administrators","S-1-5-32-544"
"368","ML1SWFILE01","54","9/14/2026 10:48:37 PM","SeSecurityPrivilege","BUILTIN\Administrators","S-1-5-32-544"
"368","ML1SWFILE01","54","9/14/2026 10:48:37 PM","SeSystemEnvironmentPrivilege","BUILTIN\Administrators","S-1-5-32-544"
"368","ML1SWFILE01","54","9/14/2026 10:48:37 PM","SeProfileSingleProcessPrivilege","BUILTIN\Administrators","S-1-5-32-544"
"368","ML1SWFILE01","54","9/14/2026 10:48:37 PM","SeSystemProfilePrivilege","BUILTIN\Administrators","S-1-5-32-544"
"368","ML1SWFILE01","54","9/14/2026 10:48:37 PM","SeSystemProfilePrivilege","NT SERVICE\WdiServiceHost","S-1-5-80-3139157870-2983391045-3678747466-658725712-1809340420"
"368","ML1SWFILE01","54","9/14/2026 10:48:37 PM","SeAssignPrimaryTokenPrivilege","NT AUTHORITY\LOCAL SERVICE","S-1-5-19"
"368","ML1SWFILE01","54","9/14/2026 10:48:37 PM","SeAssignPrimaryTokenPrivilege","NT AUTHORITY\NETWORK SERVICE","S-1-5-20"
"368","ML1SWFILE01","54","9/14/2026 10:48:37 PM","SeRestorePrivilege","BUILTIN\Administrators","S-1-5-32-544"
"368","ML1SWFILE01","54","9/14/2026 10:48:37 PM","SeRestorePrivilege","BUILTIN\Backup Operators","S-1-5-32-551"
"368","ML1SWFILE01","54","9/14/2026 10:48:37 PM","SeShutdownPrivilege","BUILTIN\Administrators","S-1-5-32-544"
"368","ML1SWFILE01","54","9/14/2026 10:48:37 PM","SeTakeOwnershipPrivilege","BUILTIN\Administrators","S-1-5-32-544"
"368","ML1SWFILE01","54","9/14/2026 10:48:37 PM","SeDenyBatchLogonRight","BUILTIN\Guests","S-1-5-32-546"
"368","ML1SWFILE01","54","9/14/2026 10:48:37 PM","SeDenyServiceLogonRight","BUILTIN\Guests","S-1-5-32-546"
"368","ML1SWFILE01","54","9/14/2026 10:48:37 PM","SeDenyInteractiveLogonRight","BUILTIN\Guests","S-1-5-32-546"
"368","ML1SWFILE01","54","9/14/2026 10:48:37 PM","SeUndockPrivilege","BUILTIN\Administrators","S-1-5-32-544"
"368","ML1SWFILE01","54","9/14/2026 10:48:37 PM","SeManageVolumePrivilege","BUILTIN\Administrators","S-1-5-32-544"
"368","ML1SWFILE01","54","9/14/2026 10:48:37 PM","SeRemoteInteractiveLogonRight","BUILTIN\Administrators","S-1-5-32-544"
"368","ML1SWFILE01","54","9/14/2026 10:48:37 PM","SeRemoteInteractiveLogonRight","BUILTIN\Remote Desktop Users","S-1-5-32-555"
"368","ML1SWFILE01","54","9/14/2026 10:48:37 PM","SeDenyRemoteInteractiveLogonRight","BUILTIN\Guests","S-1-5-32-546"
"368","ML1SWFILE01","54","9/14/2026 10:48:37 PM","SeImpersonatePrivilege","NT AUTHORITY\LOCAL SERVICE","S-1-5-19"
"368","ML1SWFILE01","54","9/14/2026 10:48:37 PM","SeImpersonatePrivilege","NT AUTHORITY\NETWORK SERVICE","S-1-5-20"
"368","ML1SWFILE01","54","9/14/2026 10:48:37 PM","SeImpersonatePrivilege","BUILTIN\Administrators","S-1-5-32-544"
"368","ML1SWFILE01","54","9/14/2026 10:48:37 PM","SeImpersonatePrivilege","NT AUTHORITY\SERVICE","S-1-5-6"
"368","ML1SWFILE01","54","9/14/2026 10:48:37 PM","SeCreateGlobalPrivilege","NT AUTHORITY\LOCAL SERVICE","S-1-5-19"
"368","ML1SWFILE01","54","9/14/2026 10:48:37 PM","SeCreateGlobalPrivilege","NT AUTHORITY\NETWORK SERVICE","S-1-5-20"
"368","ML1SWFILE01","54","9/14/2026 10:48:37 PM","SeCreateGlobalPrivilege","BUILTIN\Administrators","S-1-5-32-544"
"368","ML1SWFILE01","54","9/14/2026 10:48:37 PM","SeCreateGlobalPrivilege","NT AUTHORITY\SERVICE","S-1-5-6"
"368","ML1SWFILE01","54","9/14/2026 10:48:37 PM","SeIncreaseWorkingSetPrivilege","BUILTIN\Users","S-1-5-32-545"
"368","ML1SWFILE01","54","9/14/2026 10:48:37 PM","SeTimeZonePrivilege","NT AUTHORITY\LOCAL SERVICE","S-1-5-19"
"368","ML1SWFILE01","54","9/14/2026 10:48:37 PM","SeTimeZonePrivilege","BUILTIN\Administrators","S-1-5-32-544"
"368","ML1SWFILE01","54","9/14/2026 10:48:37 PM","SeCreateSymbolicLinkPrivilege","BUILTIN\Administrators","S-1-5-32-544"
"368","ML1SWFILE01","54","9/14/2026 10:48:37 PM","SeDelegateSessionUserImpersonatePrivilege","BUILTIN\Administrators","S-1-5-32-544"
"369","CO1SWDOCCUST02","52","9/14/2026 10:48:38 PM","SeNetworkLogonRight","Everyone","S-1-1-0"
"369","CO1SWDOCCUST02","52","9/14/2026 10:48:38 PM","SeNetworkLogonRight","BUILTIN\Administrators","S-1-5-32-544"
"369","CO1SWDOCCUST02","52","9/14/2026 10:48:38 PM","SeNetworkLogonRight","BUILTIN\Users","S-1-5-32-545"
"369","CO1SWDOCCUST02","52","9/14/2026 10:48:38 PM","SeNetworkLogonRight","BUILTIN\Backup Operators","S-1-5-32-551"
"369","CO1SWDOCCUST02","52","9/14/2026 10:48:38 PM","SeBackupPrivilege","BUILTIN\Administrators","S-1-5-32-544"
"369","CO1SWDOCCUST02","52","9/14/2026 10:48:38 PM","SeBackupPrivilege","BUILTIN\Backup Operators","S-1-5-32-551"
"369","CO1SWDOCCUST02","52","9/14/2026 10:48:38 PM","SeChangeNotifyPrivilege","Everyone","S-1-1-0"
"369","CO1SWDOCCUST02","52","9/14/2026 10:48:38 PM","SeChangeNotifyPrivilege","NT AUTHORITY\LOCAL SERVICE","S-1-5-19"
"369","CO1SWDOCCUST02","52","9/14/2026 10:48:38 PM","SeChangeNotifyPrivilege","NT AUTHORITY\NETWORK SERVICE","S-1-5-20"
"369","CO1SWDOCCUST02","52","9/14/2026 10:48:38 PM","SeChangeNotifyPrivilege","BUILTIN\Administrators","S-1-5-32-544"
"369","CO1SWDOCCUST02","52","9/14/2026 10:48:38 PM","SeChangeNotifyPrivilege","BUILTIN\Users","S-1-5-32-545"
"369","CO1SWDOCCUST02","52","9/14/2026 10:48:38 PM","SeChangeNotifyPrivilege","BUILTIN\Backup Operators","S-1-5-32-551"
"369","CO1SWDOCCUST02","52","9/14/2026 10:48:38 PM","SeChangeNotifyPrivilege","NT SERVICE\SQLSERVERAGENT","S-1-5-80-344959196-2060754871-2302487193-2804545603-1466107430"
"369","CO1SWDOCCUST02","52","9/14/2026 10:48:38 PM","SeChangeNotifyPrivilege","NT SERVICE\MSSQLLaunchpad","S-1-5-80-3477044410-376262199-2110164357-2030828471-4165405235"
"369","CO1SWDOCCUST02","52","9/14/2026 10:48:38 PM","SeChangeNotifyPrivilege","NT SERVICE\MSSQLSERVER","S-1-5-80-3880718306-3832830129-1677859214-2598158968-1052248003"
"369","CO1SWDOCCUST02","52","9/14/2026 10:48:38 PM","SeSystemtimePrivilege","NT AUTHORITY\LOCAL SERVICE","S-1-5-19"
"369","CO1SWDOCCUST02","52","9/14/2026 10:48:38 PM","SeSystemtimePrivilege","BUILTIN\Administrators","S-1-5-32-544"
"369","CO1SWDOCCUST02","52","9/14/2026 10:48:38 PM","SeCreatePagefilePrivilege","BUILTIN\Administrators","S-1-5-32-544"
"369","CO1SWDOCCUST02","52","9/14/2026 10:48:38 PM","SeDebugPrivilege","BUILTIN\Administrators","S-1-5-32-544"
"369","CO1SWDOCCUST02","52","9/14/2026 10:48:38 PM","SeRemoteShutdownPrivilege","BUILTIN\Administrators","S-1-5-32-544"
"369","CO1SWDOCCUST02","52","9/14/2026 10:48:38 PM","SeAuditPrivilege","NT AUTHORITY\LOCAL SERVICE","S-1-5-19"
"369","CO1SWDOCCUST02","52","9/14/2026 10:48:38 PM","SeAuditPrivilege","NT AUTHORITY\NETWORK SERVICE","S-1-5-20"
"369","CO1SWDOCCUST02","52","9/14/2026 10:48:38 PM","SeAuditPrivilege","IIS APPPOOL\.NET v4.5","S-1-5-82-271721585-897601226-2024613209-625570482-296978595"
"369","CO1SWDOCCUST02","52","9/14/2026 10:48:38 PM","SeAuditPrivilege","IIS APPPOOL\DefaultAppPool","S-1-5-82-3006700770-424185619-1745488364-794895919-4004696415"
"369","CO1SWDOCCUST02","52","9/14/2026 10:48:38 PM","SeAuditPrivilege","IIS APPPOOL\InEightDocument","S-1-5-82-3104231073-507284054-1367620946-2467687741-2319279930"
"369","CO1SWDOCCUST02","52","9/14/2026 10:48:38 PM","SeAuditPrivilege","IIS APPPOOL\TeamBinder5","S-1-5-82-3216619056-3148981599-3309291873-3298927329-1189652312"
"369","CO1SWDOCCUST02","52","9/14/2026 10:48:38 PM","SeAuditPrivilege","IIS APPPOOL\.NET v4.5 Classic","S-1-5-82-3876422241-1344743610-1729199087-774402673-2621913236"
"369","CO1SWDOCCUST02","52","9/14/2026 10:48:38 PM","SeIncreaseQuotaPrivilege","NT AUTHORITY\LOCAL SERVICE","S-1-5-19"
"369","CO1SWDOCCUST02","52","9/14/2026 10:48:38 PM","SeIncreaseQuotaPrivilege","NT AUTHORITY\NETWORK SERVICE","S-1-5-20"
"369","CO1SWDOCCUST02","52","9/14/2026 10:48:38 PM","SeIncreaseQuotaPrivilege","BUILTIN\Administrators","S-1-5-32-544"
"369","CO1SWDOCCUST02","52","9/14/2026 10:48:38 PM","SeIncreaseQuotaPrivilege","NT SERVICE\SQLSERVERAGENT","S-1-5-80-344959196-2060754871-2302487193-2804545603-1466107430"
"369","CO1SWDOCCUST02","52","9/14/2026 10:48:38 PM","SeIncreaseQuotaPrivilege","NT SERVICE\MSSQLLaunchpad","S-1-5-80-3477044410-376262199-2110164357-2030828471-4165405235"
"369","CO1SWDOCCUST02","52","9/14/2026 10:48:38 PM","SeIncreaseQuotaPrivilege","NT SERVICE\MSSQLSERVER","S-1-5-80-3880718306-3832830129-1677859214-2598158968-1052248003"
"369","CO1SWDOCCUST02","52","9/14/2026 10:48:38 PM","SeIncreaseQuotaPrivilege","IIS APPPOOL\.NET v4.5","S-1-5-82-271721585-897601226-2024613209-625570482-296978595"
"369","CO1SWDOCCUST02","52","9/14/2026 10:48:38 PM","SeIncreaseQuotaPrivilege","IIS APPPOOL\DefaultAppPool","S-1-5-82-3006700770-424185619-1745488364-794895919-4004696415"
"369","CO1SWDOCCUST02","52","9/14/2026 10:48:38 PM","SeIncreaseQuotaPrivilege","IIS APPPOOL\InEightDocument","S-1-5-82-3104231073-507284054-1367620946-2467687741-2319279930"
"369","CO1SWDOCCUST02","52","9/14/2026 10:48:38 PM","SeIncreaseQuotaPrivilege","IIS APPPOOL\TeamBinder5","S-1-5-82-3216619056-3148981599-3309291873-3298927329-1189652312"
"369","CO1SWDOCCUST02","52","9/14/2026 10:48:38 PM","SeIncreaseQuotaPrivilege","IIS APPPOOL\.NET v4.5 Classic","S-1-5-82-3876422241-1344743610-1729199087-774402673-2621913236"
"369","CO1SWDOCCUST02","52","9/14/2026 10:48:38 PM","SeIncreaseBasePriorityPrivilege","BUILTIN\Administrators","S-1-5-32-544"
"369","CO1SWDOCCUST02","52","9/14/2026 10:48:38 PM","SeIncreaseBasePriorityPrivilege","Window Manager\Window Manager Group","S-1-5-90-0"
"369","CO1SWDOCCUST02","52","9/14/2026 10:48:38 PM","SeLoadDriverPrivilege","BUILTIN\Administrators","S-1-5-32-544"
"369","CO1SWDOCCUST02","52","9/14/2026 10:48:38 PM","SeBatchLogonRight","BUILTIN\Administrators","S-1-5-32-544"
"369","CO1SWDOCCUST02","52","9/14/2026 10:48:38 PM","SeBatchLogonRight","BUILTIN\Backup Operators","S-1-5-32-551"
"369","CO1SWDOCCUST02","52","9/14/2026 10:48:38 PM","SeBatchLogonRight","BUILTIN\Performance Log Users","S-1-5-32-559"
"369","CO1SWDOCCUST02","52","9/14/2026 10:48:38 PM","SeBatchLogonRight","BUILTIN\IIS_IUSRS","S-1-5-32-568"
"369","CO1SWDOCCUST02","52","9/14/2026 10:48:38 PM","SeServiceLogonRight","NT AUTHORITY\NETWORK SERVICE","S-1-5-20"
"369","CO1SWDOCCUST02","52","9/14/2026 10:48:38 PM","SeServiceLogonRight","SQLServer2005SQLBrowserUser$CO1SWDOCCUST02","SQLServer2005SQLBrowserUser$CO1SWDOCCUST02"
"369","CO1SWDOCCUST02","52","9/14/2026 10:48:38 PM","SeServiceLogonRight","SQLServerMSASUser$CO1SWDOCCUST02$MSSQLSERVER","SQLServerMSASUser$CO1SWDOCCUST02$MSSQLSERVER"
"369","CO1SWDOCCUST02","52","9/14/2026 10:48:38 PM","SeServiceLogonRight","NT SERVICE\ALL SERVICES","S-1-5-80-0"
"369","CO1SWDOCCUST02","52","9/14/2026 10:48:38 PM","SeServiceLogonRight","NT SERVICE\SSISScaleOutWorker150","S-1-5-80-1334204123-509765177-23515942-2478969118-1188264348"
"369","CO1SWDOCCUST02","52","9/14/2026 10:48:38 PM","SeServiceLogonRight","NT SERVICE\SQL Server Distributed Replay Controller","S-1-5-80-1337333740-2787872843-2774717225-1767203911-559312492"
"369","CO1SWDOCCUST02","52","9/14/2026 10:48:38 PM","SeServiceLogonRight","NT SERVICE\SSASTELEMETRY","S-1-5-80-1549978933-2891762758-2075524219-3728768389-1145206490"
"369","CO1SWDOCCUST02","52","9/14/2026 10:48:38 PM","SeServiceLogonRight","NT SERVICE\SSISScaleOutMaster150","S-1-5-80-1773056429-2751147706-2877007096-4262059500-3958383834"
"369","CO1SWDOCCUST02","52","9/14/2026 10:48:38 PM","SeServiceLogonRight","NT SERVICE\SSISTELEMETRY150","S-1-5-80-2575449109-2369498003-86869817-2770163484-1998650617"
"369","CO1SWDOCCUST02","52","9/14/2026 10:48:38 PM","SeServiceLogonRight","NT SERVICE\SQLTELEMETRY","S-1-5-80-2652535364-2169709536-2857650723-2622804123-1107741775"
"369","CO1SWDOCCUST02","52","9/14/2026 10:48:38 PM","SeServiceLogonRight","NT SERVICE\MSSQLServerOLAPService","S-1-5-80-2872255330-672591203-888807865-2791174282-1554802921"
"369","CO1SWDOCCUST02","52","9/14/2026 10:48:38 PM","SeServiceLogonRight","NT SERVICE\MsDtsServer150","S-1-5-80-309224134-970686483-1999427595-3240087295-3167920316"
"369","CO1SWDOCCUST02","52","9/14/2026 10:48:38 PM","SeServiceLogonRight","NT SERVICE\SQL Server Distributed Replay Client","S-1-5-80-3249811479-2167633679-2115734285-1138413726-166979568"
"369","CO1SWDOCCUST02","52","9/14/2026 10:48:38 PM","SeServiceLogonRight","NT SERVICE\MSSQLFDLauncher","S-1-5-80-3263513310-3392720605-1798839546-683002060-3227631582"
"369","CO1SWDOCCUST02","52","9/14/2026 10:48:38 PM","SeServiceLogonRight","NT SERVICE\SQLSERVERAGENT","S-1-5-80-344959196-2060754871-2302487193-2804545603-1466107430"
"369","CO1SWDOCCUST02","52","9/14/2026 10:48:38 PM","SeServiceLogonRight","NT SERVICE\MSSQLLaunchpad","S-1-5-80-3477044410-376262199-2110164357-2030828471-4165405235"
"369","CO1SWDOCCUST02","52","9/14/2026 10:48:38 PM","SeServiceLogonRight","NT SERVICE\MSSQLSERVER","S-1-5-80-3880718306-3832830129-1677859214-2598158968-1052248003"
"369","CO1SWDOCCUST02","52","9/14/2026 10:48:38 PM","SeServiceLogonRight","NT SERVICE\himds","S-1-5-80-4215458991-2034252225-2287069555-1155419622-2701885083"
"369","CO1SWDOCCUST02","52","9/14/2026 10:48:38 PM","SeServiceLogonRight","IIS APPPOOL\.NET v4.5","S-1-5-82-271721585-897601226-2024613209-625570482-296978595"
"369","CO1SWDOCCUST02","52","9/14/2026 10:48:38 PM","SeServiceLogonRight","IIS APPPOOL\DefaultAppPool","S-1-5-82-3006700770-424185619-1745488364-794895919-4004696415"
"369","CO1SWDOCCUST02","52","9/14/2026 10:48:38 PM","SeServiceLogonRight","IIS APPPOOL\InEightDocument","S-1-5-82-3104231073-507284054-1367620946-2467687741-2319279930"
"369","CO1SWDOCCUST02","52","9/14/2026 10:48:38 PM","SeServiceLogonRight","IIS APPPOOL\TeamBinder5","S-1-5-82-3216619056-3148981599-3309291873-3298927329-1189652312"
"369","CO1SWDOCCUST02","52","9/14/2026 10:48:38 PM","SeServiceLogonRight","IIS APPPOOL\.NET v4.5 Classic","S-1-5-82-3876422241-1344743610-1729199087-774402673-2621913236"
"369","CO1SWDOCCUST02","52","9/14/2026 10:48:38 PM","SeInteractiveLogonRight","BUILTIN\Administrators","S-1-5-32-544"
"369","CO1SWDOCCUST02","52","9/14/2026 10:48:38 PM","SeSecurityPrivilege","BUILTIN\Administrators","S-1-5-32-544"
"369","CO1SWDOCCUST02","52","9/14/2026 10:48:38 PM","SeSystemEnvironmentPrivilege","BUILTIN\Administrators","S-1-5-32-544"
"369","CO1SWDOCCUST02","52","9/14/2026 10:48:38 PM","SeProfileSingleProcessPrivilege","BUILTIN\Administrators","S-1-5-32-544"
"369","CO1SWDOCCUST02","52","9/14/2026 10:48:38 PM","SeSystemProfilePrivilege","BUILTIN\Administrators","S-1-5-32-544"
"369","CO1SWDOCCUST02","52","9/14/2026 10:48:38 PM","SeSystemProfilePrivilege","NT SERVICE\WdiServiceHost","S-1-5-80-3139157870-2983391045-3678747466-658725712-1809340420"
"369","CO1SWDOCCUST02","52","9/14/2026 10:48:38 PM","SeAssignPrimaryTokenPrivilege","NT AUTHORITY\LOCAL SERVICE","S-1-5-19"
"369","CO1SWDOCCUST02","52","9/14/2026 10:48:38 PM","SeAssignPrimaryTokenPrivilege","NT AUTHORITY\NETWORK SERVICE","S-1-5-20"
"369","CO1SWDOCCUST02","52","9/14/2026 10:48:38 PM","SeAssignPrimaryTokenPrivilege","NT SERVICE\SQLSERVERAGENT","S-1-5-80-344959196-2060754871-2302487193-2804545603-1466107430"
"369","CO1SWDOCCUST02","52","9/14/2026 10:48:38 PM","SeAssignPrimaryTokenPrivilege","NT SERVICE\MSSQLLaunchpad","S-1-5-80-3477044410-376262199-2110164357-2030828471-4165405235"
"369","CO1SWDOCCUST02","52","9/14/2026 10:48:38 PM","SeAssignPrimaryTokenPrivilege","NT SERVICE\MSSQLSERVER","S-1-5-80-3880718306-3832830129-1677859214-2598158968-1052248003"
"369","CO1SWDOCCUST02","52","9/14/2026 10:48:38 PM","SeAssignPrimaryTokenPrivilege","IIS APPPOOL\.NET v4.5","S-1-5-82-271721585-897601226-2024613209-625570482-296978595"
"369","CO1SWDOCCUST02","52","9/14/2026 10:48:38 PM","SeAssignPrimaryTokenPrivilege","IIS APPPOOL\DefaultAppPool","S-1-5-82-3006700770-424185619-1745488364-794895919-4004696415"
"369","CO1SWDOCCUST02","52","9/14/2026 10:48:38 PM","SeAssignPrimaryTokenPrivilege","IIS APPPOOL\InEightDocument","S-1-5-82-3104231073-507284054-1367620946-2467687741-2319279930"
"369","CO1SWDOCCUST02","52","9/14/2026 10:48:38 PM","SeAssignPrimaryTokenPrivilege","IIS APPPOOL\TeamBinder5","S-1-5-82-3216619056-3148981599-3309291873-3298927329-1189652312"
"369","CO1SWDOCCUST02","52","9/14/2026 10:48:38 PM","SeAssignPrimaryTokenPrivilege","IIS APPPOOL\.NET v4.5 Classic","S-1-5-82-3876422241-1344743610-1729199087-774402673-2621913236"
"369","CO1SWDOCCUST02","52","9/14/2026 10:48:38 PM","SeRestorePrivilege","BUILTIN\Administrators","S-1-5-32-544"
"369","CO1SWDOCCUST02","52","9/14/2026 10:48:38 PM","SeRestorePrivilege","BUILTIN\Backup Operators","S-1-5-32-551"
"369","CO1SWDOCCUST02","52","9/14/2026 10:48:38 PM","SeShutdownPrivilege","BUILTIN\Administrators","S-1-5-32-544"
"369","CO1SWDOCCUST02","52","9/14/2026 10:48:38 PM","SeTakeOwnershipPrivilege","BUILTIN\Administrators","S-1-5-32-544"
"369","CO1SWDOCCUST02","52","9/14/2026 10:48:38 PM","SeDenyBatchLogonRight","BUILTIN\Guests","S-1-5-32-546"
"369","CO1SWDOCCUST02","52","9/14/2026 10:48:38 PM","SeDenyServiceLogonRight","BUILTIN\Guests","S-1-5-32-546"
"369","CO1SWDOCCUST02","52","9/14/2026 10:48:38 PM","SeDenyInteractiveLogonRight","BUILTIN\Guests","S-1-5-32-546"
"369","CO1SWDOCCUST02","52","9/14/2026 10:48:38 PM","SeUndockPrivilege","BUILTIN\Administrators","S-1-5-32-544"
"369","CO1SWDOCCUST02","52","9/14/2026 10:48:38 PM","SeManageVolumePrivilege","BUILTIN\Administrators","S-1-5-32-544"
"369","CO1SWDOCCUST02","52","9/14/2026 10:48:38 PM","SeRemoteInteractiveLogonRight","BUILTIN\Administrators","S-1-5-32-544"
"369","CO1SWDOCCUST02","52","9/14/2026 10:48:38 PM","SeRemoteInteractiveLogonRight","BUILTIN\Remote Desktop Users","S-1-5-32-555"
"369","CO1SWDOCCUST02","52","9/14/2026 10:48:38 PM","SeDenyRemoteInteractiveLogonRight","BUILTIN\Guests","S-1-5-32-546"
"369","CO1SWDOCCUST02","52","9/14/2026 10:48:38 PM","SeImpersonatePrivilege","NT AUTHORITY\LOCAL SERVICE","S-1-5-19"
"369","CO1SWDOCCUST02","52","9/14/2026 10:48:38 PM","SeImpersonatePrivilege","NT AUTHORITY\NETWORK SERVICE","S-1-5-20"
"369","CO1SWDOCCUST02","52","9/14/2026 10:48:38 PM","SeImpersonatePrivilege","BUILTIN\Administrators","S-1-5-32-544"
"369","CO1SWDOCCUST02","52","9/14/2026 10:48:38 PM","SeImpersonatePrivilege","BUILTIN\IIS_IUSRS","S-1-5-32-568"
"369","CO1SWDOCCUST02","52","9/14/2026 10:48:38 PM","SeImpersonatePrivilege","NT AUTHORITY\SERVICE","S-1-5-6"
"369","CO1SWDOCCUST02","52","9/14/2026 10:48:38 PM","SeCreateGlobalPrivilege","NT AUTHORITY\LOCAL SERVICE","S-1-5-19"
"369","CO1SWDOCCUST02","52","9/14/2026 10:48:38 PM","SeCreateGlobalPrivilege","NT AUTHORITY\NETWORK SERVICE","S-1-5-20"
"369","CO1SWDOCCUST02","52","9/14/2026 10:48:38 PM","SeCreateGlobalPrivilege","BUILTIN\Administrators","S-1-5-32-544"
"369","CO1SWDOCCUST02","52","9/14/2026 10:48:38 PM","SeCreateGlobalPrivilege","NT AUTHORITY\SERVICE","S-1-5-6"
"369","CO1SWDOCCUST02","52","9/14/2026 10:48:38 PM","SeIncreaseWorkingSetPrivilege","BUILTIN\Users","S-1-5-32-545"
"369","CO1SWDOCCUST02","52","9/14/2026 10:48:38 PM","SeTimeZonePrivilege","NT AUTHORITY\LOCAL SERVICE","S-1-5-19"
"369","CO1SWDOCCUST02","52","9/14/2026 10:48:38 PM","SeTimeZonePrivilege","BUILTIN\Administrators","S-1-5-32-544"
"369","CO1SWDOCCUST02","52","9/14/2026 10:48:38 PM","SeCreateSymbolicLinkPrivilege","BUILTIN\Administrators","S-1-5-32-544"
"369","CO1SWDOCCUST02","52","9/14/2026 10:48:38 PM","SeDelegateSessionUserImpersonatePrivilege","BUILTIN\Administrators","S-1-5-32-544"
"372","ML1SWQTRAK01","54","9/14/2026 10:48:40 PM","SeNetworkLogonRight","Everyone","S-1-1-0"
"372","ML1SWQTRAK01","54","9/14/2026 10:48:40 PM","SeNetworkLogonRight","BUILTIN\Administrators","S-1-5-32-544"
"372","ML1SWQTRAK01","54","9/14/2026 10:48:40 PM","SeNetworkLogonRight","BUILTIN\Users","S-1-5-32-545"
"372","ML1SWQTRAK01","54","9/14/2026 10:48:40 PM","SeNetworkLogonRight","BUILTIN\Backup Operators","S-1-5-32-551"
"372","ML1SWQTRAK01","54","9/14/2026 10:48:40 PM","SeBackupPrivilege","BUILTIN\Administrators","S-1-5-32-544"
"372","ML1SWQTRAK01","54","9/14/2026 10:48:40 PM","SeBackupPrivilege","BUILTIN\Backup Operators","S-1-5-32-551"
"372","ML1SWQTRAK01","54","9/14/2026 10:48:40 PM","SeChangeNotifyPrivilege","Everyone","S-1-1-0"
"372","ML1SWQTRAK01","54","9/14/2026 10:48:40 PM","SeChangeNotifyPrivilege","NT AUTHORITY\LOCAL SERVICE","S-1-5-19"
"372","ML1SWQTRAK01","54","9/14/2026 10:48:40 PM","SeChangeNotifyPrivilege","NT AUTHORITY\NETWORK SERVICE","S-1-5-20"
"372","ML1SWQTRAK01","54","9/14/2026 10:48:40 PM","SeChangeNotifyPrivilege","BUILTIN\Administrators","S-1-5-32-544"
"372","ML1SWQTRAK01","54","9/14/2026 10:48:40 PM","SeChangeNotifyPrivilege","BUILTIN\Users","S-1-5-32-545"
"372","ML1SWQTRAK01","54","9/14/2026 10:48:40 PM","SeChangeNotifyPrivilege","BUILTIN\Backup Operators","S-1-5-32-551"
"372","ML1SWQTRAK01","54","9/14/2026 10:48:40 PM","SeSystemtimePrivilege","NT AUTHORITY\LOCAL SERVICE","S-1-5-19"
"372","ML1SWQTRAK01","54","9/14/2026 10:48:40 PM","SeSystemtimePrivilege","BUILTIN\Administrators","S-1-5-32-544"
"372","ML1SWQTRAK01","54","9/14/2026 10:48:40 PM","SeCreatePagefilePrivilege","BUILTIN\Administrators","S-1-5-32-544"
"372","ML1SWQTRAK01","54","9/14/2026 10:48:40 PM","SeDebugPrivilege","BUILTIN\Administrators","S-1-5-32-544"
"372","ML1SWQTRAK01","54","9/14/2026 10:48:40 PM","SeRemoteShutdownPrivilege","BUILTIN\Administrators","S-1-5-32-544"
"372","ML1SWQTRAK01","54","9/14/2026 10:48:40 PM","SeAuditPrivilege","NT AUTHORITY\LOCAL SERVICE","S-1-5-19"
"372","ML1SWQTRAK01","54","9/14/2026 10:48:40 PM","SeAuditPrivilege","NT AUTHORITY\NETWORK SERVICE","S-1-5-20"
"372","ML1SWQTRAK01","54","9/14/2026 10:48:40 PM","SeIncreaseQuotaPrivilege","NT AUTHORITY\LOCAL SERVICE","S-1-5-19"
"372","ML1SWQTRAK01","54","9/14/2026 10:48:40 PM","SeIncreaseQuotaPrivilege","NT AUTHORITY\NETWORK SERVICE","S-1-5-20"
"372","ML1SWQTRAK01","54","9/14/2026 10:48:40 PM","SeIncreaseQuotaPrivilege","BUILTIN\Administrators","S-1-5-32-544"
"372","ML1SWQTRAK01","54","9/14/2026 10:48:40 PM","SeIncreaseBasePriorityPrivilege","BUILTIN\Administrators","S-1-5-32-544"
"372","ML1SWQTRAK01","54","9/14/2026 10:48:40 PM","SeIncreaseBasePriorityPrivilege","Window Manager\Window Manager Group","S-1-5-90-0"
"372","ML1SWQTRAK01","54","9/14/2026 10:48:40 PM","SeLoadDriverPrivilege","BUILTIN\Administrators","S-1-5-32-544"
"372","ML1SWQTRAK01","54","9/14/2026 10:48:40 PM","SeBatchLogonRight","BUILTIN\Administrators","S-1-5-32-544"
"372","ML1SWQTRAK01","54","9/14/2026 10:48:40 PM","SeBatchLogonRight","BUILTIN\Backup Operators","S-1-5-32-551"
"372","ML1SWQTRAK01","54","9/14/2026 10:48:40 PM","SeBatchLogonRight","BUILTIN\Performance Log Users","S-1-5-32-559"
"372","ML1SWQTRAK01","54","9/14/2026 10:48:40 PM","SeServiceLogonRight","NT SERVICE\ALL SERVICES","S-1-5-80-0"
"372","ML1SWQTRAK01","54","9/14/2026 10:48:40 PM","SeServiceLogonRight","NT SERVICE\himds","S-1-5-80-4215458991-2034252225-2287069555-1155419622-2701885083"
"372","ML1SWQTRAK01","54","9/14/2026 10:48:40 PM","SeInteractiveLogonRight","BUILTIN\Administrators","S-1-5-32-544"
"372","ML1SWQTRAK01","54","9/14/2026 10:48:40 PM","SeSecurityPrivilege","BUILTIN\Administrators","S-1-5-32-544"
"372","ML1SWQTRAK01","54","9/14/2026 10:48:40 PM","SeSystemEnvironmentPrivilege","BUILTIN\Administrators","S-1-5-32-544"
"372","ML1SWQTRAK01","54","9/14/2026 10:48:40 PM","SeProfileSingleProcessPrivilege","BUILTIN\Administrators","S-1-5-32-544"
"372","ML1SWQTRAK01","54","9/14/2026 10:48:40 PM","SeSystemProfilePrivilege","BUILTIN\Administrators","S-1-5-32-544"
"372","ML1SWQTRAK01","54","9/14/2026 10:48:40 PM","SeSystemProfilePrivilege","NT SERVICE\WdiServiceHost","S-1-5-80-3139157870-2983391045-3678747466-658725712-1809340420"
"372","ML1SWQTRAK01","54","9/14/2026 10:48:40 PM","SeAssignPrimaryTokenPrivilege","NT AUTHORITY\LOCAL SERVICE","S-1-5-19"
"372","ML1SWQTRAK01","54","9/14/2026 10:48:40 PM","SeAssignPrimaryTokenPrivilege","NT AUTHORITY\NETWORK SERVICE","S-1-5-20"
"372","ML1SWQTRAK01","54","9/14/2026 10:48:40 PM","SeRestorePrivilege","BUILTIN\Administrators","S-1-5-32-544"
"372","ML1SWQTRAK01","54","9/14/2026 10:48:40 PM","SeRestorePrivilege","BUILTIN\Backup Operators","S-1-5-32-551"
"372","ML1SWQTRAK01","54","9/14/2026 10:48:40 PM","SeShutdownPrivilege","BUILTIN\Administrators","S-1-5-32-544"
"372","ML1SWQTRAK01","54","9/14/2026 10:48:40 PM","SeTakeOwnershipPrivilege","BUILTIN\Administrators","S-1-5-32-544"
"372","ML1SWQTRAK01","54","9/14/2026 10:48:40 PM","SeDenyBatchLogonRight","BUILTIN\Guests","S-1-5-32-546"
"372","ML1SWQTRAK01","54","9/14/2026 10:48:40 PM","SeDenyServiceLogonRight","BUILTIN\Guests","S-1-5-32-546"
"372","ML1SWQTRAK01","54","9/14/2026 10:48:40 PM","SeDenyInteractiveLogonRight","BUILTIN\Guests","S-1-5-32-546"
"372","ML1SWQTRAK01","54","9/14/2026 10:48:40 PM","SeUndockPrivilege","BUILTIN\Administrators","S-1-5-32-544"
"372","ML1SWQTRAK01","54","9/14/2026 10:48:40 PM","SeManageVolumePrivilege","BUILTIN\Administrators","S-1-5-32-544"
"372","ML1SWQTRAK01","54","9/14/2026 10:48:40 PM","SeRemoteInteractiveLogonRight","BUILTIN\Administrators","S-1-5-32-544"
"372","ML1SWQTRAK01","54","9/14/2026 10:48:40 PM","SeRemoteInteractiveLogonRight","BUILTIN\Remote Desktop Users","S-1-5-32-555"
"372","ML1SWQTRAK01","54","9/14/2026 10:48:40 PM","SeDenyRemoteInteractiveLogonRight","BUILTIN\Guests","S-1-5-32-546"
"372","ML1SWQTRAK01","54","9/14/2026 10:48:40 PM","SeImpersonatePrivilege","NT AUTHORITY\LOCAL SERVICE","S-1-5-19"
"372","ML1SWQTRAK01","54","9/14/2026 10:48:40 PM","SeImpersonatePrivilege","NT AUTHORITY\NETWORK SERVICE","S-1-5-20"
"372","ML1SWQTRAK01","54","9/14/2026 10:48:40 PM","SeImpersonatePrivilege","BUILTIN\Administrators","S-1-5-32-544"
"372","ML1SWQTRAK01","54","9/14/2026 10:48:40 PM","SeImpersonatePrivilege","NT AUTHORITY\SERVICE","S-1-5-6"
"372","ML1SWQTRAK01","54","9/14/2026 10:48:40 PM","SeCreateGlobalPrivilege","NT AUTHORITY\LOCAL SERVICE","S-1-5-19"
"372","ML1SWQTRAK01","54","9/14/2026 10:48:40 PM","SeCreateGlobalPrivilege","NT AUTHORITY\NETWORK SERVICE","S-1-5-20"
"372","ML1SWQTRAK01","54","9/14/2026 10:48:40 PM","SeCreateGlobalPrivilege","BUILTIN\Administrators","S-1-5-32-544"
"372","ML1SWQTRAK01","54","9/14/2026 10:48:40 PM","SeCreateGlobalPrivilege","NT AUTHORITY\SERVICE","S-1-5-6"
"372","ML1SWQTRAK01","54","9/14/2026 10:48:40 PM","SeIncreaseWorkingSetPrivilege","BUILTIN\Users","S-1-5-32-545"
"372","ML1SWQTRAK01","54","9/14/2026 10:48:40 PM","SeTimeZonePrivilege","NT AUTHORITY\LOCAL SERVICE","S-1-5-19"
"372","ML1SWQTRAK01","54","9/14/2026 10:48:40 PM","SeTimeZonePrivilege","BUILTIN\Administrators","S-1-5-32-544"
"372","ML1SWQTRAK01","54","9/14/2026 10:48:40 PM","SeCreateSymbolicLinkPrivilege","BUILTIN\Administrators","S-1-5-32-544"
"372","ML1SWQTRAK01","54","9/14/2026 10:48:40 PM","SeDelegateSessionUserImpersonatePrivilege","BUILTIN\Administrators","S-1-5-32-544"
"373","PX1HWHYPERV01","54","9/14/2026 10:48:39 PM","SeNetworkLogonRight","Everyone","S-1-1-0"
"373","PX1HWHYPERV01","54","9/14/2026 10:48:39 PM","SeNetworkLogonRight","BUILTIN\Administrators","S-1-5-32-544"
"373","PX1HWHYPERV01","54","9/14/2026 10:48:39 PM","SeNetworkLogonRight","BUILTIN\Users","S-1-5-32-545"
"373","PX1HWHYPERV01","54","9/14/2026 10:48:39 PM","SeNetworkLogonRight","BUILTIN\Backup Operators","S-1-5-32-551"
"373","PX1HWHYPERV01","54","9/14/2026 10:48:39 PM","SeBackupPrivilege","BUILTIN\Administrators","S-1-5-32-544"
"373","PX1HWHYPERV01","54","9/14/2026 10:48:39 PM","SeBackupPrivilege","BUILTIN\Backup Operators","S-1-5-32-551"
"373","PX1HWHYPERV01","54","9/14/2026 10:48:39 PM","SeChangeNotifyPrivilege","Everyone","S-1-1-0"
"373","PX1HWHYPERV01","54","9/14/2026 10:48:39 PM","SeChangeNotifyPrivilege","NT AUTHORITY\LOCAL SERVICE","S-1-5-19"
"373","PX1HWHYPERV01","54","9/14/2026 10:48:39 PM","SeChangeNotifyPrivilege","NT AUTHORITY\NETWORK SERVICE","S-1-5-20"
"373","PX1HWHYPERV01","54","9/14/2026 10:48:39 PM","SeChangeNotifyPrivilege","BUILTIN\Administrators","S-1-5-32-544"
"373","PX1HWHYPERV01","54","9/14/2026 10:48:39 PM","SeChangeNotifyPrivilege","BUILTIN\Users","S-1-5-32-545"
"373","PX1HWHYPERV01","54","9/14/2026 10:48:39 PM","SeChangeNotifyPrivilege","BUILTIN\Backup Operators","S-1-5-32-551"
"373","PX1HWHYPERV01","54","9/14/2026 10:48:39 PM","SeSystemtimePrivilege","NT AUTHORITY\LOCAL SERVICE","S-1-5-19"
"373","PX1HWHYPERV01","54","9/14/2026 10:48:39 PM","SeSystemtimePrivilege","BUILTIN\Administrators","S-1-5-32-544"
"373","PX1HWHYPERV01","54","9/14/2026 10:48:39 PM","SeCreatePagefilePrivilege","BUILTIN\Administrators","S-1-5-32-544"
"373","PX1HWHYPERV01","54","9/14/2026 10:48:39 PM","SeDebugPrivilege","BUILTIN\Administrators","S-1-5-32-544"
"373","PX1HWHYPERV01","54","9/14/2026 10:48:39 PM","SeRemoteShutdownPrivilege","BUILTIN\Administrators","S-1-5-32-544"
"373","PX1HWHYPERV01","54","9/14/2026 10:48:39 PM","SeAuditPrivilege","NT AUTHORITY\LOCAL SERVICE","S-1-5-19"
"373","PX1HWHYPERV01","54","9/14/2026 10:48:39 PM","SeAuditPrivilege","NT AUTHORITY\NETWORK SERVICE","S-1-5-20"
"373","PX1HWHYPERV01","54","9/14/2026 10:48:39 PM","SeIncreaseQuotaPrivilege","NT AUTHORITY\LOCAL SERVICE","S-1-5-19"
"373","PX1HWHYPERV01","54","9/14/2026 10:48:39 PM","SeIncreaseQuotaPrivilege","NT AUTHORITY\NETWORK SERVICE","S-1-5-20"
"373","PX1HWHYPERV01","54","9/14/2026 10:48:39 PM","SeIncreaseQuotaPrivilege","BUILTIN\Administrators","S-1-5-32-544"
"373","PX1HWHYPERV01","54","9/14/2026 10:48:39 PM","SeIncreaseBasePriorityPrivilege","BUILTIN\Administrators","S-1-5-32-544"
"373","PX1HWHYPERV01","54","9/14/2026 10:48:39 PM","SeIncreaseBasePriorityPrivilege","S-1-5-90-0","S-1-5-90-0"
"373","PX1HWHYPERV01","54","9/14/2026 10:48:39 PM","SeLoadDriverPrivilege","BUILTIN\Administrators","S-1-5-32-544"
"373","PX1HWHYPERV01","54","9/14/2026 10:48:39 PM","SeBatchLogonRight","BUILTIN\Administrators","S-1-5-32-544"
"373","PX1HWHYPERV01","54","9/14/2026 10:48:39 PM","SeBatchLogonRight","BUILTIN\Backup Operators","S-1-5-32-551"
"373","PX1HWHYPERV01","54","9/14/2026 10:48:39 PM","SeBatchLogonRight","BUILTIN\Performance Log Users","S-1-5-32-559"
"373","PX1HWHYPERV01","54","9/14/2026 10:48:39 PM","SeServiceLogonRight","NT SERVICE\ALL SERVICES","S-1-5-80-0"
"373","PX1HWHYPERV01","54","9/14/2026 10:48:39 PM","SeServiceLogonRight","NT SERVICE\himds","S-1-5-80-4215458991-2034252225-2287069555-1155419622-2701885083"
"373","PX1HWHYPERV01","54","9/14/2026 10:48:39 PM","SeServiceLogonRight","NT VIRTUAL MACHINE\Virtual Machines","S-1-5-83-0"
"373","PX1HWHYPERV01","54","9/14/2026 10:48:39 PM","SeInteractiveLogonRight","BUILTIN\Administrators","S-1-5-32-544"
"373","PX1HWHYPERV01","54","9/14/2026 10:48:39 PM","SeInteractiveLogonRight","BUILTIN\Users","S-1-5-32-545"
"373","PX1HWHYPERV01","54","9/14/2026 10:48:39 PM","SeInteractiveLogonRight","BUILTIN\Backup Operators","S-1-5-32-551"
"373","PX1HWHYPERV01","54","9/14/2026 10:48:39 PM","SeSecurityPrivilege","BUILTIN\Administrators","S-1-5-32-544"
"373","PX1HWHYPERV01","54","9/14/2026 10:48:39 PM","SeSystemEnvironmentPrivilege","BUILTIN\Administrators","S-1-5-32-544"
"373","PX1HWHYPERV01","54","9/14/2026 10:48:39 PM","SeProfileSingleProcessPrivilege","BUILTIN\Administrators","S-1-5-32-544"
"373","PX1HWHYPERV01","54","9/14/2026 10:48:39 PM","SeSystemProfilePrivilege","BUILTIN\Administrators","S-1-5-32-544"
"373","PX1HWHYPERV01","54","9/14/2026 10:48:39 PM","SeSystemProfilePrivilege","NT SERVICE\WdiServiceHost","S-1-5-80-3139157870-2983391045-3678747466-658725712-1809340420"
"373","PX1HWHYPERV01","54","9/14/2026 10:48:39 PM","SeAssignPrimaryTokenPrivilege","NT AUTHORITY\LOCAL SERVICE","S-1-5-19"
"373","PX1HWHYPERV01","54","9/14/2026 10:48:39 PM","SeAssignPrimaryTokenPrivilege","NT AUTHORITY\NETWORK SERVICE","S-1-5-20"
"373","PX1HWHYPERV01","54","9/14/2026 10:48:39 PM","SeRestorePrivilege","BUILTIN\Administrators","S-1-5-32-544"
"373","PX1HWHYPERV01","54","9/14/2026 10:48:39 PM","SeRestorePrivilege","BUILTIN\Backup Operators","S-1-5-32-551"
"373","PX1HWHYPERV01","54","9/14/2026 10:48:39 PM","SeShutdownPrivilege","BUILTIN\Administrators","S-1-5-32-544"
"373","PX1HWHYPERV01","54","9/14/2026 10:48:39 PM","SeShutdownPrivilege","BUILTIN\Backup Operators","S-1-5-32-551"
"373","PX1HWHYPERV01","54","9/14/2026 10:48:39 PM","SeTakeOwnershipPrivilege","BUILTIN\Administrators","S-1-5-32-544"
"373","PX1HWHYPERV01","54","9/14/2026 10:48:39 PM","SeDenyInteractiveLogonRight","CLIUSR","CLIUSR"
"373","PX1HWHYPERV01","54","9/14/2026 10:48:39 PM","SeUndockPrivilege","BUILTIN\Administrators","S-1-5-32-544"
"373","PX1HWHYPERV01","54","9/14/2026 10:48:39 PM","SeManageVolumePrivilege","BUILTIN\Administrators","S-1-5-32-544"
"373","PX1HWHYPERV01","54","9/14/2026 10:48:39 PM","SeRemoteInteractiveLogonRight","BUILTIN\Administrators","S-1-5-32-544"
"373","PX1HWHYPERV01","54","9/14/2026 10:48:39 PM","SeRemoteInteractiveLogonRight","BUILTIN\Remote Desktop Users","S-1-5-32-555"
"373","PX1HWHYPERV01","54","9/14/2026 10:48:39 PM","SeDenyRemoteInteractiveLogonRight","CLIUSR","CLIUSR"
"373","PX1HWHYPERV01","54","9/14/2026 10:48:39 PM","SeImpersonatePrivilege","NT AUTHORITY\LOCAL SERVICE","S-1-5-19"
"373","PX1HWHYPERV01","54","9/14/2026 10:48:39 PM","SeImpersonatePrivilege","NT AUTHORITY\NETWORK SERVICE","S-1-5-20"
"373","PX1HWHYPERV01","54","9/14/2026 10:48:39 PM","SeImpersonatePrivilege","BUILTIN\Administrators","S-1-5-32-544"
"373","PX1HWHYPERV01","54","9/14/2026 10:48:39 PM","SeImpersonatePrivilege","NT AUTHORITY\SERVICE","S-1-5-6"
"373","PX1HWHYPERV01","54","9/14/2026 10:48:39 PM","SeCreateGlobalPrivilege","NT AUTHORITY\LOCAL SERVICE","S-1-5-19"
"373","PX1HWHYPERV01","54","9/14/2026 10:48:39 PM","SeCreateGlobalPrivilege","NT AUTHORITY\NETWORK SERVICE","S-1-5-20"
"373","PX1HWHYPERV01","54","9/14/2026 10:48:39 PM","SeCreateGlobalPrivilege","BUILTIN\Administrators","S-1-5-32-544"
"373","PX1HWHYPERV01","54","9/14/2026 10:48:39 PM","SeCreateGlobalPrivilege","NT AUTHORITY\SERVICE","S-1-5-6"
"373","PX1HWHYPERV01","54","9/14/2026 10:48:39 PM","SeIncreaseWorkingSetPrivilege","BUILTIN\Users","S-1-5-32-545"
"373","PX1HWHYPERV01","54","9/14/2026 10:48:39 PM","SeTimeZonePrivilege","NT AUTHORITY\LOCAL SERVICE","S-1-5-19"
"373","PX1HWHYPERV01","54","9/14/2026 10:48:39 PM","SeTimeZonePrivilege","BUILTIN\Administrators","S-1-5-32-544"
"373","PX1HWHYPERV01","54","9/14/2026 10:48:39 PM","SeCreateSymbolicLinkPrivilege","BUILTIN\Administrators","S-1-5-32-544"
"373","PX1HWHYPERV01","54","9/14/2026 10:48:39 PM","SeCreateSymbolicLinkPrivilege","NT VIRTUAL MACHINE\Virtual Machines","S-1-5-83-0"
"373","PX1HWHYPERV01","54","9/14/2026 10:48:39 PM","SeDelegateSessionUserImpersonatePrivilege","BUILTIN\Administrators","S-1-5-32-544"
"380","PX1SWSYSADMIN01","54","9/14/2026 10:48:41 PM","SeNetworkLogonRight","Everyone","S-1-1-0"
"380","PX1SWSYSADMIN01","54","9/14/2026 10:48:41 PM","SeNetworkLogonRight","BUILTIN\Administrators","S-1-5-32-544"
"380","PX1SWSYSADMIN01","54","9/14/2026 10:48:41 PM","SeNetworkLogonRight","BUILTIN\Users","S-1-5-32-545"
"380","PX1SWSYSADMIN01","54","9/14/2026 10:48:41 PM","SeNetworkLogonRight","BUILTIN\Backup Operators","S-1-5-32-551"
"380","PX1SWSYSADMIN01","54","9/14/2026 10:48:41 PM","SeBackupPrivilege","BUILTIN\Administrators","S-1-5-32-544"
"380","PX1SWSYSADMIN01","54","9/14/2026 10:48:41 PM","SeBackupPrivilege","BUILTIN\Backup Operators","S-1-5-32-551"
"380","PX1SWSYSADMIN01","54","9/14/2026 10:48:41 PM","SeChangeNotifyPrivilege","Everyone","S-1-1-0"
"380","PX1SWSYSADMIN01","54","9/14/2026 10:48:41 PM","SeChangeNotifyPrivilege","NT AUTHORITY\LOCAL SERVICE","S-1-5-19"
"380","PX1SWSYSADMIN01","54","9/14/2026 10:48:41 PM","SeChangeNotifyPrivilege","NT AUTHORITY\NETWORK SERVICE","S-1-5-20"
"380","PX1SWSYSADMIN01","54","9/14/2026 10:48:41 PM","SeChangeNotifyPrivilege","BUILTIN\Administrators","S-1-5-32-544"
"380","PX1SWSYSADMIN01","54","9/14/2026 10:48:41 PM","SeChangeNotifyPrivilege","BUILTIN\Users","S-1-5-32-545"
"380","PX1SWSYSADMIN01","54","9/14/2026 10:48:41 PM","SeChangeNotifyPrivilege","BUILTIN\Backup Operators","S-1-5-32-551"
"380","PX1SWSYSADMIN01","54","9/14/2026 10:48:41 PM","SeChangeNotifyPrivilege","NT SERVICE\MSSQL$SQLEXPRESS","S-1-5-80-3880006512-4290199581-1648723128-3569869737-3631323133"
"380","PX1SWSYSADMIN01","54","9/14/2026 10:48:41 PM","SeChangeNotifyPrivilege","NT SERVICE\SQLAgent$SQLEXPRESS","S-1-5-80-592940576-1656185091-296729330-4026955537-2205062631"
"380","PX1SWSYSADMIN01","54","9/14/2026 10:48:41 PM","SeSystemtimePrivilege","Everyone","S-1-1-0"
"380","PX1SWSYSADMIN01","54","9/14/2026 10:48:41 PM","SeSystemtimePrivilege","NT AUTHORITY\LOCAL SERVICE","S-1-5-19"
"380","PX1SWSYSADMIN01","54","9/14/2026 10:48:41 PM","SeSystemtimePrivilege","BUILTIN\Administrators","S-1-5-32-544"
"380","PX1SWSYSADMIN01","54","9/14/2026 10:48:41 PM","SeCreatePagefilePrivilege","BUILTIN\Administrators","S-1-5-32-544"
"380","PX1SWSYSADMIN01","54","9/14/2026 10:48:41 PM","SeDebugPrivilege","BUILTIN\Administrators","S-1-5-32-544"
"380","PX1SWSYSADMIN01","54","9/14/2026 10:48:41 PM","SeRemoteShutdownPrivilege","BUILTIN\Administrators","S-1-5-32-544"
"380","PX1SWSYSADMIN01","54","9/14/2026 10:48:41 PM","SeAuditPrivilege","NT AUTHORITY\LOCAL SERVICE","S-1-5-19"
"380","PX1SWSYSADMIN01","54","9/14/2026 10:48:41 PM","SeAuditPrivilege","NT AUTHORITY\NETWORK SERVICE","S-1-5-20"
"380","PX1SWSYSADMIN01","54","9/14/2026 10:48:41 PM","SeAuditPrivilege","IIS APPPOOL\.NET v4.5","S-1-5-82-271721585-897601226-2024613209-625570482-296978595"
"380","PX1SWSYSADMIN01","54","9/14/2026 10:48:41 PM","SeAuditPrivilege","IIS APPPOOL\DefaultAppPool","S-1-5-82-3006700770-424185619-1745488364-794895919-4004696415"
"380","PX1SWSYSADMIN01","54","9/14/2026 10:48:41 PM","SeAuditPrivilege","IIS APPPOOL\.NET v4.5 Classic","S-1-5-82-3876422241-1344743610-1729199087-774402673-2621913236"
"380","PX1SWSYSADMIN01","54","9/14/2026 10:48:41 PM","SeIncreaseQuotaPrivilege","NT AUTHORITY\LOCAL SERVICE","S-1-5-19"
"380","PX1SWSYSADMIN01","54","9/14/2026 10:48:41 PM","SeIncreaseQuotaPrivilege","NT AUTHORITY\NETWORK SERVICE","S-1-5-20"
"380","PX1SWSYSADMIN01","54","9/14/2026 10:48:41 PM","SeIncreaseQuotaPrivilege","BUILTIN\Administrators","S-1-5-32-544"
"380","PX1SWSYSADMIN01","54","9/14/2026 10:48:41 PM","SeIncreaseQuotaPrivilege","NT SERVICE\MSSQL$SQLEXPRESS","S-1-5-80-3880006512-4290199581-1648723128-3569869737-3631323133"
"380","PX1SWSYSADMIN01","54","9/14/2026 10:48:41 PM","SeIncreaseQuotaPrivilege","NT SERVICE\SQLAgent$SQLEXPRESS","S-1-5-80-592940576-1656185091-296729330-4026955537-2205062631"
"380","PX1SWSYSADMIN01","54","9/14/2026 10:48:41 PM","SeIncreaseQuotaPrivilege","IIS APPPOOL\.NET v4.5","S-1-5-82-271721585-897601226-2024613209-625570482-296978595"
"380","PX1SWSYSADMIN01","54","9/14/2026 10:48:41 PM","SeIncreaseQuotaPrivilege","IIS APPPOOL\DefaultAppPool","S-1-5-82-3006700770-424185619-1745488364-794895919-4004696415"
"380","PX1SWSYSADMIN01","54","9/14/2026 10:48:41 PM","SeIncreaseQuotaPrivilege","IIS APPPOOL\.NET v4.5 Classic","S-1-5-82-3876422241-1344743610-1729199087-774402673-2621913236"
"380","PX1SWSYSADMIN01","54","9/14/2026 10:48:41 PM","SeIncreaseBasePriorityPrivilege","BUILTIN\Administrators","S-1-5-32-544"
"380","PX1SWSYSADMIN01","54","9/14/2026 10:48:41 PM","SeIncreaseBasePriorityPrivilege","Window Manager\Window Manager Group","S-1-5-90-0"
"380","PX1SWSYSADMIN01","54","9/14/2026 10:48:41 PM","SeLoadDriverPrivilege","BUILTIN\Administrators","S-1-5-32-544"
"380","PX1SWSYSADMIN01","54","9/14/2026 10:48:41 PM","SeBatchLogonRight","BUILTIN\Administrators","S-1-5-32-544"
"380","PX1SWSYSADMIN01","54","9/14/2026 10:48:41 PM","SeBatchLogonRight","BUILTIN\Backup Operators","S-1-5-32-551"
"380","PX1SWSYSADMIN01","54","9/14/2026 10:48:41 PM","SeBatchLogonRight","BUILTIN\Performance Log Users","S-1-5-32-559"
"380","PX1SWSYSADMIN01","54","9/14/2026 10:48:41 PM","SeBatchLogonRight","BUILTIN\IIS_IUSRS","S-1-5-32-568"
"380","PX1SWSYSADMIN01","54","9/14/2026 10:48:41 PM","SeServiceLogonRight","NT AUTHORITY\NETWORK SERVICE","S-1-5-20"
"380","PX1SWSYSADMIN01","54","9/14/2026 10:48:41 PM","SeServiceLogonRight","SQLServer2005SQLBrowserUser$PX1SWSYSADMIN01","SQLServer2005SQLBrowserUser$PX1SWSYSADMIN01"
"380","PX1SWSYSADMIN01","54","9/14/2026 10:48:41 PM","SeServiceLogonRight","S-1-5-21-3931559087-14600624-1992188608-17597","S-1-5-21-3931559087-14600624-1992188608-17597"
"380","PX1SWSYSADMIN01","54","9/14/2026 10:48:41 PM","SeServiceLogonRight","HARDDOLLAR\SVC.SNOWMID_dev","S-1-5-21-3931559087-14600624-1992188608-26158"
"380","PX1SWSYSADMIN01","54","9/14/2026 10:48:41 PM","SeServiceLogonRight","HARDDOLLAR\SVC.SNOWMID_test","S-1-5-21-3931559087-14600624-1992188608-26159"
"380","PX1SWSYSADMIN01","54","9/14/2026 10:48:41 PM","SeServiceLogonRight","HARDDOLLAR\SVC.SNOWMID_prod","S-1-5-21-3931559087-14600624-1992188608-26160"
"380","PX1SWSYSADMIN01","54","9/14/2026 10:48:41 PM","SeServiceLogonRight","S-1-5-21-3931559087-14600624-1992188608-29118","S-1-5-21-3931559087-14600624-1992188608-29118"
"380","PX1SWSYSADMIN01","54","9/14/2026 10:48:41 PM","SeServiceLogonRight","NT SERVICE\ALL SERVICES","S-1-5-80-0"
"380","PX1SWSYSADMIN01","54","9/14/2026 10:48:41 PM","SeServiceLogonRight","NT SERVICE\PADCrashMonitor","S-1-5-80-1914402452-2315040450-1295949447-1487661209-2006656011"
"380","PX1SWSYSADMIN01","54","9/14/2026 10:48:41 PM","SeServiceLogonRight","NT SERVICE\SQLTELEMETRY$SQLEXPRESS","S-1-5-80-1985561900-798682989-2213159822-1904180398-3434236965"
"380","PX1SWSYSADMIN01","54","9/14/2026 10:48:41 PM","SeServiceLogonRight","NT SERVICE\SqlServerExtension","S-1-5-80-2171854989-3312009253-3132117248-1218654537-481379047"
"380","PX1SWSYSADMIN01","54","9/14/2026 10:48:41 PM","SeServiceLogonRight","NT SERVICE\UIFlowService","S-1-5-80-3017052307-2994996872-1615411526-3164924635-3391446484"
"380","PX1SWSYSADMIN01","54","9/14/2026 10:48:41 PM","SeServiceLogonRight","NT SERVICE\MSSQL$SQLEXPRESS","S-1-5-80-3880006512-4290199581-1648723128-3569869737-3631323133"
"380","PX1SWSYSADMIN01","54","9/14/2026 10:48:41 PM","SeServiceLogonRight","NT SERVICE\himds","S-1-5-80-4215458991-2034252225-2287069555-1155419622-2701885083"
"380","PX1SWSYSADMIN01","54","9/14/2026 10:48:41 PM","SeServiceLogonRight","NT SERVICE\SQLAgent$SQLEXPRESS","S-1-5-80-592940576-1656185091-296729330-4026955537-2205062631"
"380","PX1SWSYSADMIN01","54","9/14/2026 10:48:41 PM","SeServiceLogonRight","IIS APPPOOL\.NET v4.5","S-1-5-82-271721585-897601226-2024613209-625570482-296978595"
"380","PX1SWSYSADMIN01","54","9/14/2026 10:48:41 PM","SeServiceLogonRight","IIS APPPOOL\DefaultAppPool","S-1-5-82-3006700770-424185619-1745488364-794895919-4004696415"
"380","PX1SWSYSADMIN01","54","9/14/2026 10:48:41 PM","SeServiceLogonRight","IIS APPPOOL\.NET v4.5 Classic","S-1-5-82-3876422241-1344743610-1729199087-774402673-2621913236"
"380","PX1SWSYSADMIN01","54","9/14/2026 10:48:41 PM","SeServiceLogonRight","NT VIRTUAL MACHINE\Virtual Machines","S-1-5-83-0"
"380","PX1SWSYSADMIN01","54","9/14/2026 10:48:41 PM","SeInteractiveLogonRight","BUILTIN\Administrators","S-1-5-32-544"
"380","PX1SWSYSADMIN01","54","9/14/2026 10:48:41 PM","SeInteractiveLogonRight","BUILTIN\Users","S-1-5-32-545"
"380","PX1SWSYSADMIN01","54","9/14/2026 10:48:41 PM","SeInteractiveLogonRight","BUILTIN\Backup Operators","S-1-5-32-551"
"380","PX1SWSYSADMIN01","54","9/14/2026 10:48:41 PM","SeSecurityPrivilege","BUILTIN\Administrators","S-1-5-32-544"
"380","PX1SWSYSADMIN01","54","9/14/2026 10:48:41 PM","SeSystemEnvironmentPrivilege","BUILTIN\Administrators","S-1-5-32-544"
"380","PX1SWSYSADMIN01","54","9/14/2026 10:48:41 PM","SeProfileSingleProcessPrivilege","BUILTIN\Administrators","S-1-5-32-544"
"380","PX1SWSYSADMIN01","54","9/14/2026 10:48:41 PM","SeSystemProfilePrivilege","BUILTIN\Administrators","S-1-5-32-544"
"380","PX1SWSYSADMIN01","54","9/14/2026 10:48:41 PM","SeSystemProfilePrivilege","NT SERVICE\WdiServiceHost","S-1-5-80-3139157870-2983391045-3678747466-658725712-1809340420"
"380","PX1SWSYSADMIN01","54","9/14/2026 10:48:41 PM","SeAssignPrimaryTokenPrivilege","NT AUTHORITY\LOCAL SERVICE","S-1-5-19"
"380","PX1SWSYSADMIN01","54","9/14/2026 10:48:41 PM","SeAssignPrimaryTokenPrivilege","NT AUTHORITY\NETWORK SERVICE","S-1-5-20"
"380","PX1SWSYSADMIN01","54","9/14/2026 10:48:41 PM","SeAssignPrimaryTokenPrivilege","NT SERVICE\MSSQL$SQLEXPRESS","S-1-5-80-3880006512-4290199581-1648723128-3569869737-3631323133"
"380","PX1SWSYSADMIN01","54","9/14/2026 10:48:41 PM","SeAssignPrimaryTokenPrivilege","NT SERVICE\SQLAgent$SQLEXPRESS","S-1-5-80-592940576-1656185091-296729330-4026955537-2205062631"
"380","PX1SWSYSADMIN01","54","9/14/2026 10:48:41 PM","SeAssignPrimaryTokenPrivilege","IIS APPPOOL\.NET v4.5","S-1-5-82-271721585-897601226-2024613209-625570482-296978595"
"380","PX1SWSYSADMIN01","54","9/14/2026 10:48:41 PM","SeAssignPrimaryTokenPrivilege","IIS APPPOOL\DefaultAppPool","S-1-5-82-3006700770-424185619-1745488364-794895919-4004696415"
"380","PX1SWSYSADMIN01","54","9/14/2026 10:48:41 PM","SeAssignPrimaryTokenPrivilege","IIS APPPOOL\.NET v4.5 Classic","S-1-5-82-3876422241-1344743610-1729199087-774402673-2621913236"
"380","PX1SWSYSADMIN01","54","9/14/2026 10:48:41 PM","SeRestorePrivilege","BUILTIN\Administrators","S-1-5-32-544"
"380","PX1SWSYSADMIN01","54","9/14/2026 10:48:41 PM","SeRestorePrivilege","BUILTIN\Backup Operators","S-1-5-32-551"
"380","PX1SWSYSADMIN01","54","9/14/2026 10:48:41 PM","SeShutdownPrivilege","BUILTIN\Administrators","S-1-5-32-544"
"380","PX1SWSYSADMIN01","54","9/14/2026 10:48:41 PM","SeShutdownPrivilege","BUILTIN\Backup Operators","S-1-5-32-551"
"380","PX1SWSYSADMIN01","54","9/14/2026 10:48:41 PM","SeTakeOwnershipPrivilege","BUILTIN\Administrators","S-1-5-32-544"
"380","PX1SWSYSADMIN01","54","9/14/2026 10:48:41 PM","SeUndockPrivilege","BUILTIN\Administrators","S-1-5-32-544"
"380","PX1SWSYSADMIN01","54","9/14/2026 10:48:41 PM","SeManageVolumePrivilege","BUILTIN\Administrators","S-1-5-32-544"
"380","PX1SWSYSADMIN01","54","9/14/2026 10:48:41 PM","SeManageVolumePrivilege","NT SERVICE\MSSQL$SQLEXPRESS","S-1-5-80-3880006512-4290199581-1648723128-3569869737-3631323133"
"380","PX1SWSYSADMIN01","54","9/14/2026 10:48:41 PM","SeRemoteInteractiveLogonRight","BUILTIN\Administrators","S-1-5-32-544"
"380","PX1SWSYSADMIN01","54","9/14/2026 10:48:41 PM","SeRemoteInteractiveLogonRight","BUILTIN\Remote Desktop Users","S-1-5-32-555"
"380","PX1SWSYSADMIN01","54","9/14/2026 10:48:41 PM","SeImpersonatePrivilege","NT AUTHORITY\LOCAL SERVICE","S-1-5-19"
"380","PX1SWSYSADMIN01","54","9/14/2026 10:48:41 PM","SeImpersonatePrivilege","NT AUTHORITY\NETWORK SERVICE","S-1-5-20"
"380","PX1SWSYSADMIN01","54","9/14/2026 10:48:41 PM","SeImpersonatePrivilege","BUILTIN\Administrators","S-1-5-32-544"
"380","PX1SWSYSADMIN01","54","9/14/2026 10:48:41 PM","SeImpersonatePrivilege","BUILTIN\IIS_IUSRS","S-1-5-32-568"
"380","PX1SWSYSADMIN01","54","9/14/2026 10:48:41 PM","SeImpersonatePrivilege","NT AUTHORITY\SERVICE","S-1-5-6"
"380","PX1SWSYSADMIN01","54","9/14/2026 10:48:41 PM","SeCreateGlobalPrivilege","NT AUTHORITY\LOCAL SERVICE","S-1-5-19"
"380","PX1SWSYSADMIN01","54","9/14/2026 10:48:41 PM","SeCreateGlobalPrivilege","NT AUTHORITY\NETWORK SERVICE","S-1-5-20"
"380","PX1SWSYSADMIN01","54","9/14/2026 10:48:41 PM","SeCreateGlobalPrivilege","BUILTIN\Administrators","S-1-5-32-544"
"380","PX1SWSYSADMIN01","54","9/14/2026 10:48:41 PM","SeCreateGlobalPrivilege","NT AUTHORITY\SERVICE","S-1-5-6"
"380","PX1SWSYSADMIN01","54","9/14/2026 10:48:41 PM","SeIncreaseWorkingSetPrivilege","BUILTIN\Users","S-1-5-32-545"
"380","PX1SWSYSADMIN01","54","9/14/2026 10:48:41 PM","SeTimeZonePrivilege","Everyone","S-1-1-0"
"380","PX1SWSYSADMIN01","54","9/14/2026 10:48:41 PM","SeTimeZonePrivilege","NT AUTHORITY\LOCAL SERVICE","S-1-5-19"
"380","PX1SWSYSADMIN01","54","9/14/2026 10:48:41 PM","SeTimeZonePrivilege","BUILTIN\Administrators","S-1-5-32-544"
"380","PX1SWSYSADMIN01","54","9/14/2026 10:48:41 PM","SeCreateSymbolicLinkPrivilege","BUILTIN\Administrators","S-1-5-32-544"
"380","PX1SWSYSADMIN01","54","9/14/2026 10:48:41 PM","SeCreateSymbolicLinkPrivilege","NT VIRTUAL MACHINE\Virtual Machines","S-1-5-83-0"
"380","PX1SWSYSADMIN01","54","9/14/2026 10:48:41 PM","SeDelegateSessionUserImpersonatePrivilege","BUILTIN\Administrators","S-1-5-32-544"
"396","PX1SWHDDHCP01","54","9/14/2026 10:48:42 PM","SeNetworkLogonRight","Everyone","S-1-1-0"
"396","PX1SWHDDHCP01","54","9/14/2026 10:48:42 PM","SeNetworkLogonRight","BUILTIN\Administrators","S-1-5-32-544"
"396","PX1SWHDDHCP01","54","9/14/2026 10:48:42 PM","SeNetworkLogonRight","BUILTIN\Users","S-1-5-32-545"
"396","PX1SWHDDHCP01","54","9/14/2026 10:48:42 PM","SeNetworkLogonRight","BUILTIN\Backup Operators","S-1-5-32-551"
"396","PX1SWHDDHCP01","54","9/14/2026 10:48:42 PM","SeBackupPrivilege","BUILTIN\Administrators","S-1-5-32-544"
"396","PX1SWHDDHCP01","54","9/14/2026 10:48:42 PM","SeBackupPrivilege","BUILTIN\Backup Operators","S-1-5-32-551"
"396","PX1SWHDDHCP01","54","9/14/2026 10:48:42 PM","SeChangeNotifyPrivilege","Everyone","S-1-1-0"
"396","PX1SWHDDHCP01","54","9/14/2026 10:48:42 PM","SeChangeNotifyPrivilege","NT AUTHORITY\LOCAL SERVICE","S-1-5-19"
"396","PX1SWHDDHCP01","54","9/14/2026 10:48:42 PM","SeChangeNotifyPrivilege","NT AUTHORITY\NETWORK SERVICE","S-1-5-20"
"396","PX1SWHDDHCP01","54","9/14/2026 10:48:42 PM","SeChangeNotifyPrivilege","BUILTIN\Administrators","S-1-5-32-544"
"396","PX1SWHDDHCP01","54","9/14/2026 10:48:42 PM","SeChangeNotifyPrivilege","BUILTIN\Users","S-1-5-32-545"
"396","PX1SWHDDHCP01","54","9/14/2026 10:48:42 PM","SeChangeNotifyPrivilege","BUILTIN\Backup Operators","S-1-5-32-551"
"396","PX1SWHDDHCP01","54","9/14/2026 10:48:42 PM","SeSystemtimePrivilege","NT AUTHORITY\LOCAL SERVICE","S-1-5-19"
"396","PX1SWHDDHCP01","54","9/14/2026 10:48:42 PM","SeSystemtimePrivilege","BUILTIN\Administrators","S-1-5-32-544"
"396","PX1SWHDDHCP01","54","9/14/2026 10:48:42 PM","SeCreatePagefilePrivilege","BUILTIN\Administrators","S-1-5-32-544"
"396","PX1SWHDDHCP01","54","9/14/2026 10:48:42 PM","SeDebugPrivilege","BUILTIN\Administrators","S-1-5-32-544"
"396","PX1SWHDDHCP01","54","9/14/2026 10:48:42 PM","SeRemoteShutdownPrivilege","BUILTIN\Administrators","S-1-5-32-544"
"396","PX1SWHDDHCP01","54","9/14/2026 10:48:42 PM","SeAuditPrivilege","NT AUTHORITY\LOCAL SERVICE","S-1-5-19"
"396","PX1SWHDDHCP01","54","9/14/2026 10:48:42 PM","SeAuditPrivilege","NT AUTHORITY\NETWORK SERVICE","S-1-5-20"
"396","PX1SWHDDHCP01","54","9/14/2026 10:48:42 PM","SeIncreaseQuotaPrivilege","NT AUTHORITY\LOCAL SERVICE","S-1-5-19"
"396","PX1SWHDDHCP01","54","9/14/2026 10:48:42 PM","SeIncreaseQuotaPrivilege","NT AUTHORITY\NETWORK SERVICE","S-1-5-20"
"396","PX1SWHDDHCP01","54","9/14/2026 10:48:42 PM","SeIncreaseQuotaPrivilege","BUILTIN\Administrators","S-1-5-32-544"
"396","PX1SWHDDHCP01","54","9/14/2026 10:48:42 PM","SeIncreaseBasePriorityPrivilege","BUILTIN\Administrators","S-1-5-32-544"
"396","PX1SWHDDHCP01","54","9/14/2026 10:48:42 PM","SeIncreaseBasePriorityPrivilege","S-1-5-90-0","S-1-5-90-0"
"396","PX1SWHDDHCP01","54","9/14/2026 10:48:42 PM","SeLoadDriverPrivilege","BUILTIN\Administrators","S-1-5-32-544"
"396","PX1SWHDDHCP01","54","9/14/2026 10:48:42 PM","SeBatchLogonRight","BUILTIN\Administrators","S-1-5-32-544"
"396","PX1SWHDDHCP01","54","9/14/2026 10:48:42 PM","SeBatchLogonRight","BUILTIN\Backup Operators","S-1-5-32-551"
"396","PX1SWHDDHCP01","54","9/14/2026 10:48:42 PM","SeBatchLogonRight","BUILTIN\Performance Log Users","S-1-5-32-559"
"396","PX1SWHDDHCP01","54","9/14/2026 10:48:42 PM","SeServiceLogonRight","NT SERVICE\ALL SERVICES","S-1-5-80-0"
"396","PX1SWHDDHCP01","54","9/14/2026 10:48:42 PM","SeServiceLogonRight","NT SERVICE\himds","S-1-5-80-4215458991-2034252225-2287069555-1155419622-2701885083"
"396","PX1SWHDDHCP01","54","9/14/2026 10:48:42 PM","SeInteractiveLogonRight","BUILTIN\Administrators","S-1-5-32-544"
"396","PX1SWHDDHCP01","54","9/14/2026 10:48:42 PM","SeSecurityPrivilege","BUILTIN\Administrators","S-1-5-32-544"
"396","PX1SWHDDHCP01","54","9/14/2026 10:48:42 PM","SeSystemEnvironmentPrivilege","BUILTIN\Administrators","S-1-5-32-544"
"396","PX1SWHDDHCP01","54","9/14/2026 10:48:42 PM","SeProfileSingleProcessPrivilege","BUILTIN\Administrators","S-1-5-32-544"
"396","PX1SWHDDHCP01","54","9/14/2026 10:48:42 PM","SeSystemProfilePrivilege","BUILTIN\Administrators","S-1-5-32-544"
"396","PX1SWHDDHCP01","54","9/14/2026 10:48:42 PM","SeSystemProfilePrivilege","NT SERVICE\WdiServiceHost","S-1-5-80-3139157870-2983391045-3678747466-658725712-1809340420"
"396","PX1SWHDDHCP01","54","9/14/2026 10:48:42 PM","SeAssignPrimaryTokenPrivilege","NT AUTHORITY\LOCAL SERVICE","S-1-5-19"
"396","PX1SWHDDHCP01","54","9/14/2026 10:48:42 PM","SeAssignPrimaryTokenPrivilege","NT AUTHORITY\NETWORK SERVICE","S-1-5-20"
"396","PX1SWHDDHCP01","54","9/14/2026 10:48:42 PM","SeRestorePrivilege","BUILTIN\Administrators","S-1-5-32-544"
"396","PX1SWHDDHCP01","54","9/14/2026 10:48:42 PM","SeRestorePrivilege","BUILTIN\Backup Operators","S-1-5-32-551"
"396","PX1SWHDDHCP01","54","9/14/2026 10:48:42 PM","SeShutdownPrivilege","BUILTIN\Administrators","S-1-5-32-544"
"396","PX1SWHDDHCP01","54","9/14/2026 10:48:42 PM","SeTakeOwnershipPrivilege","BUILTIN\Administrators","S-1-5-32-544"
"396","PX1SWHDDHCP01","54","9/14/2026 10:48:42 PM","SeDenyBatchLogonRight","BUILTIN\Guests","S-1-5-32-546"
"396","PX1SWHDDHCP01","54","9/14/2026 10:48:42 PM","SeDenyServiceLogonRight","BUILTIN\Guests","S-1-5-32-546"
"396","PX1SWHDDHCP01","54","9/14/2026 10:48:42 PM","SeDenyInteractiveLogonRight","BUILTIN\Guests","S-1-5-32-546"
"396","PX1SWHDDHCP01","54","9/14/2026 10:48:42 PM","SeUndockPrivilege","BUILTIN\Administrators","S-1-5-32-544"
"396","PX1SWHDDHCP01","54","9/14/2026 10:48:42 PM","SeManageVolumePrivilege","BUILTIN\Administrators","S-1-5-32-544"
"396","PX1SWHDDHCP01","54","9/14/2026 10:48:42 PM","SeRemoteInteractiveLogonRight","BUILTIN\Administrators","S-1-5-32-544"
"396","PX1SWHDDHCP01","54","9/14/2026 10:48:42 PM","SeRemoteInteractiveLogonRight","BUILTIN\Remote Desktop Users","S-1-5-32-555"
"396","PX1SWHDDHCP01","54","9/14/2026 10:48:42 PM","SeDenyRemoteInteractiveLogonRight","BUILTIN\Guests","S-1-5-32-546"
"396","PX1SWHDDHCP01","54","9/14/2026 10:48:42 PM","SeImpersonatePrivilege","NT AUTHORITY\LOCAL SERVICE","S-1-5-19"
"396","PX1SWHDDHCP01","54","9/14/2026 10:48:42 PM","SeImpersonatePrivilege","NT AUTHORITY\NETWORK SERVICE","S-1-5-20"
"396","PX1SWHDDHCP01","54","9/14/2026 10:48:42 PM","SeImpersonatePrivilege","BUILTIN\Administrators","S-1-5-32-544"
"396","PX1SWHDDHCP01","54","9/14/2026 10:48:42 PM","SeImpersonatePrivilege","NT AUTHORITY\SERVICE","S-1-5-6"
"396","PX1SWHDDHCP01","54","9/14/2026 10:48:42 PM","SeCreateGlobalPrivilege","NT AUTHORITY\LOCAL SERVICE","S-1-5-19"
"396","PX1SWHDDHCP01","54","9/14/2026 10:48:42 PM","SeCreateGlobalPrivilege","NT AUTHORITY\NETWORK SERVICE","S-1-5-20"
"396","PX1SWHDDHCP01","54","9/14/2026 10:48:42 PM","SeCreateGlobalPrivilege","BUILTIN\Administrators","S-1-5-32-544"
"396","PX1SWHDDHCP01","54","9/14/2026 10:48:42 PM","SeCreateGlobalPrivilege","NT AUTHORITY\SERVICE","S-1-5-6"
"396","PX1SWHDDHCP01","54","9/14/2026 10:48:42 PM","SeIncreaseWorkingSetPrivilege","BUILTIN\Users","S-1-5-32-545"
"396","PX1SWHDDHCP01","54","9/14/2026 10:48:42 PM","SeTimeZonePrivilege","NT AUTHORITY\LOCAL SERVICE","S-1-5-19"
"396","PX1SWHDDHCP01","54","9/14/2026 10:48:42 PM","SeTimeZonePrivilege","BUILTIN\Administrators","S-1-5-32-544"
"396","PX1SWHDDHCP01","54","9/14/2026 10:48:42 PM","SeCreateSymbolicLinkPrivilege","BUILTIN\Administrators","S-1-5-32-544"
"396","PX1SWHDDHCP01","54","9/14/2026 10:48:42 PM","SeDelegateSessionUserImpersonatePrivilege","BUILTIN\Administrators","S-1-5-32-544"
"398","PX1SWQAFILE01","54","9/14/2026 10:48:43 PM","SeNetworkLogonRight","Everyone","S-1-1-0"
"398","PX1SWQAFILE01","54","9/14/2026 10:48:43 PM","SeNetworkLogonRight","BUILTIN\Administrators","S-1-5-32-544"
"398","PX1SWQAFILE01","54","9/14/2026 10:48:43 PM","SeNetworkLogonRight","BUILTIN\Users","S-1-5-32-545"
"398","PX1SWQAFILE01","54","9/14/2026 10:48:43 PM","SeNetworkLogonRight","BUILTIN\Backup Operators","S-1-5-32-551"
"398","PX1SWQAFILE01","54","9/14/2026 10:48:43 PM","SeBackupPrivilege","BUILTIN\Administrators","S-1-5-32-544"
"398","PX1SWQAFILE01","54","9/14/2026 10:48:43 PM","SeBackupPrivilege","BUILTIN\Backup Operators","S-1-5-32-551"
"398","PX1SWQAFILE01","54","9/14/2026 10:48:43 PM","SeChangeNotifyPrivilege","Everyone","S-1-1-0"
"398","PX1SWQAFILE01","54","9/14/2026 10:48:43 PM","SeChangeNotifyPrivilege","NT AUTHORITY\LOCAL SERVICE","S-1-5-19"
"398","PX1SWQAFILE01","54","9/14/2026 10:48:43 PM","SeChangeNotifyPrivilege","NT AUTHORITY\NETWORK SERVICE","S-1-5-20"
"398","PX1SWQAFILE01","54","9/14/2026 10:48:43 PM","SeChangeNotifyPrivilege","BUILTIN\Administrators","S-1-5-32-544"
"398","PX1SWQAFILE01","54","9/14/2026 10:48:43 PM","SeChangeNotifyPrivilege","BUILTIN\Users","S-1-5-32-545"
"398","PX1SWQAFILE01","54","9/14/2026 10:48:43 PM","SeChangeNotifyPrivilege","BUILTIN\Backup Operators","S-1-5-32-551"
"398","PX1SWQAFILE01","54","9/14/2026 10:48:43 PM","SeSystemtimePrivilege","NT AUTHORITY\LOCAL SERVICE","S-1-5-19"
"398","PX1SWQAFILE01","54","9/14/2026 10:48:43 PM","SeSystemtimePrivilege","BUILTIN\Administrators","S-1-5-32-544"
"398","PX1SWQAFILE01","54","9/14/2026 10:48:43 PM","SeCreatePagefilePrivilege","BUILTIN\Administrators","S-1-5-32-544"
"398","PX1SWQAFILE01","54","9/14/2026 10:48:43 PM","SeDebugPrivilege","BUILTIN\Administrators","S-1-5-32-544"
"398","PX1SWQAFILE01","54","9/14/2026 10:48:43 PM","SeRemoteShutdownPrivilege","BUILTIN\Administrators","S-1-5-32-544"
"398","PX1SWQAFILE01","54","9/14/2026 10:48:43 PM","SeAuditPrivilege","NT AUTHORITY\LOCAL SERVICE","S-1-5-19"
"398","PX1SWQAFILE01","54","9/14/2026 10:48:43 PM","SeAuditPrivilege","NT AUTHORITY\NETWORK SERVICE","S-1-5-20"
"398","PX1SWQAFILE01","54","9/14/2026 10:48:43 PM","SeIncreaseQuotaPrivilege","NT AUTHORITY\LOCAL SERVICE","S-1-5-19"
"398","PX1SWQAFILE01","54","9/14/2026 10:48:43 PM","SeIncreaseQuotaPrivilege","NT AUTHORITY\NETWORK SERVICE","S-1-5-20"
"398","PX1SWQAFILE01","54","9/14/2026 10:48:43 PM","SeIncreaseQuotaPrivilege","BUILTIN\Administrators","S-1-5-32-544"
"398","PX1SWQAFILE01","54","9/14/2026 10:48:43 PM","SeIncreaseBasePriorityPrivilege","BUILTIN\Administrators","S-1-5-32-544"
"398","PX1SWQAFILE01","54","9/14/2026 10:48:43 PM","SeIncreaseBasePriorityPrivilege","S-1-5-90-0","S-1-5-90-0"
"398","PX1SWQAFILE01","54","9/14/2026 10:48:43 PM","SeLoadDriverPrivilege","BUILTIN\Administrators","S-1-5-32-544"
"398","PX1SWQAFILE01","54","9/14/2026 10:48:43 PM","SeBatchLogonRight","BUILTIN\Administrators","S-1-5-32-544"
"398","PX1SWQAFILE01","54","9/14/2026 10:48:43 PM","SeBatchLogonRight","BUILTIN\Backup Operators","S-1-5-32-551"
"398","PX1SWQAFILE01","54","9/14/2026 10:48:43 PM","SeBatchLogonRight","BUILTIN\Performance Log Users","S-1-5-32-559"
"398","PX1SWQAFILE01","54","9/14/2026 10:48:43 PM","SeServiceLogonRight","NT SERVICE\ALL SERVICES","S-1-5-80-0"
"398","PX1SWQAFILE01","54","9/14/2026 10:48:43 PM","SeServiceLogonRight","NT SERVICE\himds","S-1-5-80-4215458991-2034252225-2287069555-1155419622-2701885083"
"398","PX1SWQAFILE01","54","9/14/2026 10:48:43 PM","SeInteractiveLogonRight","BUILTIN\Administrators","S-1-5-32-544"
"398","PX1SWQAFILE01","54","9/14/2026 10:48:43 PM","SeSecurityPrivilege","BUILTIN\Administrators","S-1-5-32-544"
"398","PX1SWQAFILE01","54","9/14/2026 10:48:43 PM","SeSystemEnvironmentPrivilege","BUILTIN\Administrators","S-1-5-32-544"
"398","PX1SWQAFILE01","54","9/14/2026 10:48:43 PM","SeProfileSingleProcessPrivilege","BUILTIN\Administrators","S-1-5-32-544"
"398","PX1SWQAFILE01","54","9/14/2026 10:48:43 PM","SeSystemProfilePrivilege","BUILTIN\Administrators","S-1-5-32-544"
"398","PX1SWQAFILE01","54","9/14/2026 10:48:43 PM","SeSystemProfilePrivilege","NT SERVICE\WdiServiceHost","S-1-5-80-3139157870-2983391045-3678747466-658725712-1809340420"
"398","PX1SWQAFILE01","54","9/14/2026 10:48:43 PM","SeAssignPrimaryTokenPrivilege","NT AUTHORITY\LOCAL SERVICE","S-1-5-19"
"398","PX1SWQAFILE01","54","9/14/2026 10:48:43 PM","SeAssignPrimaryTokenPrivilege","NT AUTHORITY\NETWORK SERVICE","S-1-5-20"
"398","PX1SWQAFILE01","54","9/14/2026 10:48:43 PM","SeRestorePrivilege","BUILTIN\Administrators","S-1-5-32-544"
"398","PX1SWQAFILE01","54","9/14/2026 10:48:43 PM","SeRestorePrivilege","BUILTIN\Backup Operators","S-1-5-32-551"
"398","PX1SWQAFILE01","54","9/14/2026 10:48:43 PM","SeShutdownPrivilege","BUILTIN\Administrators","S-1-5-32-544"
"398","PX1SWQAFILE01","54","9/14/2026 10:48:43 PM","SeTakeOwnershipPrivilege","BUILTIN\Administrators","S-1-5-32-544"
"398","PX1SWQAFILE01","54","9/14/2026 10:48:43 PM","SeDenyBatchLogonRight","BUILTIN\Guests","S-1-5-32-546"
"398","PX1SWQAFILE01","54","9/14/2026 10:48:43 PM","SeDenyServiceLogonRight","BUILTIN\Guests","S-1-5-32-546"
"398","PX1SWQAFILE01","54","9/14/2026 10:48:43 PM","SeDenyInteractiveLogonRight","BUILTIN\Guests","S-1-5-32-546"
"398","PX1SWQAFILE01","54","9/14/2026 10:48:43 PM","SeUndockPrivilege","BUILTIN\Administrators","S-1-5-32-544"
"398","PX1SWQAFILE01","54","9/14/2026 10:48:43 PM","SeManageVolumePrivilege","BUILTIN\Administrators","S-1-5-32-544"
"398","PX1SWQAFILE01","54","9/14/2026 10:48:43 PM","SeRemoteInteractiveLogonRight","BUILTIN\Administrators","S-1-5-32-544"
"398","PX1SWQAFILE01","54","9/14/2026 10:48:43 PM","SeRemoteInteractiveLogonRight","BUILTIN\Remote Desktop Users","S-1-5-32-555"
"398","PX1SWQAFILE01","54","9/14/2026 10:48:43 PM","SeDenyRemoteInteractiveLogonRight","BUILTIN\Guests","S-1-5-32-546"
"398","PX1SWQAFILE01","54","9/14/2026 10:48:43 PM","SeImpersonatePrivilege","NT AUTHORITY\LOCAL SERVICE","S-1-5-19"
"398","PX1SWQAFILE01","54","9/14/2026 10:48:43 PM","SeImpersonatePrivilege","NT AUTHORITY\NETWORK SERVICE","S-1-5-20"
"398","PX1SWQAFILE01","54","9/14/2026 10:48:43 PM","SeImpersonatePrivilege","BUILTIN\Administrators","S-1-5-32-544"
"398","PX1SWQAFILE01","54","9/14/2026 10:48:43 PM","SeImpersonatePrivilege","NT AUTHORITY\SERVICE","S-1-5-6"
"398","PX1SWQAFILE01","54","9/14/2026 10:48:43 PM","SeCreateGlobalPrivilege","NT AUTHORITY\LOCAL SERVICE","S-1-5-19"
"398","PX1SWQAFILE01","54","9/14/2026 10:48:43 PM","SeCreateGlobalPrivilege","NT AUTHORITY\NETWORK SERVICE","S-1-5-20"
"398","PX1SWQAFILE01","54","9/14/2026 10:48:43 PM","SeCreateGlobalPrivilege","BUILTIN\Administrators","S-1-5-32-544"
"398","PX1SWQAFILE01","54","9/14/2026 10:48:43 PM","SeCreateGlobalPrivilege","NT AUTHORITY\SERVICE","S-1-5-6"
"398","PX1SWQAFILE01","54","9/14/2026 10:48:43 PM","SeIncreaseWorkingSetPrivilege","BUILTIN\Users","S-1-5-32-545"
"398","PX1SWQAFILE01","54","9/14/2026 10:48:43 PM","SeTimeZonePrivilege","NT AUTHORITY\LOCAL SERVICE","S-1-5-19"
"398","PX1SWQAFILE01","54","9/14/2026 10:48:43 PM","SeTimeZonePrivilege","BUILTIN\Administrators","S-1-5-32-544"
"398","PX1SWQAFILE01","54","9/14/2026 10:48:43 PM","SeCreateSymbolicLinkPrivilege","BUILTIN\Administrators","S-1-5-32-544"
"398","PX1SWQAFILE01","54","9/14/2026 10:48:43 PM","SeDelegateSessionUserImpersonatePrivilege","BUILTIN\Administrators","S-1-5-32-544"
"399","PX1SWNPS01","55","9/14/2026 10:48:46 PM","SeNetworkLogonRight","Everyone","S-1-1-0"
"399","PX1SWNPS01","55","9/14/2026 10:48:46 PM","SeNetworkLogonRight","BUILTIN\Administrators","S-1-5-32-544"
"399","PX1SWNPS01","55","9/14/2026 10:48:46 PM","SeNetworkLogonRight","BUILTIN\Users","S-1-5-32-545"
"399","PX1SWNPS01","55","9/14/2026 10:48:46 PM","SeNetworkLogonRight","BUILTIN\Backup Operators","S-1-5-32-551"
"399","PX1SWNPS01","55","9/14/2026 10:48:46 PM","SeBackupPrivilege","BUILTIN\Administrators","S-1-5-32-544"
"399","PX1SWNPS01","55","9/14/2026 10:48:46 PM","SeBackupPrivilege","BUILTIN\Backup Operators","S-1-5-32-551"
"399","PX1SWNPS01","55","9/14/2026 10:48:46 PM","SeChangeNotifyPrivilege","Everyone","S-1-1-0"
"399","PX1SWNPS01","55","9/14/2026 10:48:46 PM","SeChangeNotifyPrivilege","NT AUTHORITY\LOCAL SERVICE","S-1-5-19"
"399","PX1SWNPS01","55","9/14/2026 10:48:46 PM","SeChangeNotifyPrivilege","NT AUTHORITY\NETWORK SERVICE","S-1-5-20"
"399","PX1SWNPS01","55","9/14/2026 10:48:46 PM","SeChangeNotifyPrivilege","BUILTIN\Administrators","S-1-5-32-544"
"399","PX1SWNPS01","55","9/14/2026 10:48:46 PM","SeChangeNotifyPrivilege","BUILTIN\Users","S-1-5-32-545"
"399","PX1SWNPS01","55","9/14/2026 10:48:46 PM","SeChangeNotifyPrivilege","BUILTIN\Backup Operators","S-1-5-32-551"
"399","PX1SWNPS01","55","9/14/2026 10:48:46 PM","SeSystemtimePrivilege","NT AUTHORITY\LOCAL SERVICE","S-1-5-19"
"399","PX1SWNPS01","55","9/14/2026 10:48:46 PM","SeSystemtimePrivilege","BUILTIN\Administrators","S-1-5-32-544"
"399","PX1SWNPS01","55","9/14/2026 10:48:46 PM","SeCreatePagefilePrivilege","BUILTIN\Administrators","S-1-5-32-544"
"399","PX1SWNPS01","55","9/14/2026 10:48:46 PM","SeDebugPrivilege","BUILTIN\Administrators","S-1-5-32-544"
"399","PX1SWNPS01","55","9/14/2026 10:48:46 PM","SeRemoteShutdownPrivilege","BUILTIN\Administrators","S-1-5-32-544"
"399","PX1SWNPS01","55","9/14/2026 10:48:46 PM","SeAuditPrivilege","NT AUTHORITY\LOCAL SERVICE","S-1-5-19"
"399","PX1SWNPS01","55","9/14/2026 10:48:46 PM","SeAuditPrivilege","NT AUTHORITY\NETWORK SERVICE","S-1-5-20"
"399","PX1SWNPS01","55","9/14/2026 10:48:46 PM","SeIncreaseQuotaPrivilege","NT AUTHORITY\LOCAL SERVICE","S-1-5-19"
"399","PX1SWNPS01","55","9/14/2026 10:48:46 PM","SeIncreaseQuotaPrivilege","NT AUTHORITY\NETWORK SERVICE","S-1-5-20"
"399","PX1SWNPS01","55","9/14/2026 10:48:46 PM","SeIncreaseQuotaPrivilege","BUILTIN\Administrators","S-1-5-32-544"
"399","PX1SWNPS01","55","9/14/2026 10:48:46 PM","SeIncreaseBasePriorityPrivilege","BUILTIN\Administrators","S-1-5-32-544"
"399","PX1SWNPS01","55","9/14/2026 10:48:46 PM","SeIncreaseBasePriorityPrivilege","Window Manager\Window Manager Group","S-1-5-90-0"
"399","PX1SWNPS01","55","9/14/2026 10:48:46 PM","SeLoadDriverPrivilege","BUILTIN\Administrators","S-1-5-32-544"
"399","PX1SWNPS01","55","9/14/2026 10:48:46 PM","SeBatchLogonRight","BUILTIN\Administrators","S-1-5-32-544"
"399","PX1SWNPS01","55","9/14/2026 10:48:46 PM","SeBatchLogonRight","BUILTIN\Backup Operators","S-1-5-32-551"
"399","PX1SWNPS01","55","9/14/2026 10:48:46 PM","SeBatchLogonRight","BUILTIN\Performance Log Users","S-1-5-32-559"
"399","PX1SWNPS01","55","9/14/2026 10:48:46 PM","SeServiceLogonRight","NT SERVICE\ALL SERVICES","S-1-5-80-0"
"399","PX1SWNPS01","55","9/14/2026 10:48:46 PM","SeServiceLogonRight","NT SERVICE\himds","S-1-5-80-4215458991-2034252225-2287069555-1155419622-2701885083"
"399","PX1SWNPS01","55","9/14/2026 10:48:46 PM","SeInteractiveLogonRight","BUILTIN\Administrators","S-1-5-32-544"
"399","PX1SWNPS01","55","9/14/2026 10:48:46 PM","SeSecurityPrivilege","BUILTIN\Administrators","S-1-5-32-544"
"399","PX1SWNPS01","55","9/14/2026 10:48:46 PM","SeSystemEnvironmentPrivilege","BUILTIN\Administrators","S-1-5-32-544"
"399","PX1SWNPS01","55","9/14/2026 10:48:46 PM","SeProfileSingleProcessPrivilege","BUILTIN\Administrators","S-1-5-32-544"
"399","PX1SWNPS01","55","9/14/2026 10:48:46 PM","SeSystemProfilePrivilege","BUILTIN\Administrators","S-1-5-32-544"
"399","PX1SWNPS01","55","9/14/2026 10:48:46 PM","SeSystemProfilePrivilege","NT SERVICE\WdiServiceHost","S-1-5-80-3139157870-2983391045-3678747466-658725712-1809340420"
"399","PX1SWNPS01","55","9/14/2026 10:48:46 PM","SeAssignPrimaryTokenPrivilege","NT AUTHORITY\LOCAL SERVICE","S-1-5-19"
"399","PX1SWNPS01","55","9/14/2026 10:48:46 PM","SeAssignPrimaryTokenPrivilege","NT AUTHORITY\NETWORK SERVICE","S-1-5-20"
"399","PX1SWNPS01","55","9/14/2026 10:48:46 PM","SeRestorePrivilege","BUILTIN\Administrators","S-1-5-32-544"
"399","PX1SWNPS01","55","9/14/2026 10:48:46 PM","SeRestorePrivilege","BUILTIN\Backup Operators","S-1-5-32-551"
"399","PX1SWNPS01","55","9/14/2026 10:48:46 PM","SeShutdownPrivilege","BUILTIN\Administrators","S-1-5-32-544"
"399","PX1SWNPS01","55","9/14/2026 10:48:46 PM","SeTakeOwnershipPrivilege","BUILTIN\Administrators","S-1-5-32-544"
"399","PX1SWNPS01","55","9/14/2026 10:48:46 PM","SeDenyBatchLogonRight","BUILTIN\Guests","S-1-5-32-546"
"399","PX1SWNPS01","55","9/14/2026 10:48:46 PM","SeDenyServiceLogonRight","BUILTIN\Guests","S-1-5-32-546"
"399","PX1SWNPS01","55","9/14/2026 10:48:46 PM","SeDenyInteractiveLogonRight","BUILTIN\Guests","S-1-5-32-546"
"399","PX1SWNPS01","55","9/14/2026 10:48:46 PM","SeUndockPrivilege","BUILTIN\Administrators","S-1-5-32-544"
"399","PX1SWNPS01","55","9/14/2026 10:48:46 PM","SeManageVolumePrivilege","BUILTIN\Administrators","S-1-5-32-544"
"399","PX1SWNPS01","55","9/14/2026 10:48:46 PM","SeRemoteInteractiveLogonRight","BUILTIN\Administrators","S-1-5-32-544"
"399","PX1SWNPS01","55","9/14/2026 10:48:46 PM","SeRemoteInteractiveLogonRight","BUILTIN\Remote Desktop Users","S-1-5-32-555"
"399","PX1SWNPS01","55","9/14/2026 10:48:46 PM","SeDenyRemoteInteractiveLogonRight","BUILTIN\Guests","S-1-5-32-546"
"399","PX1SWNPS01","55","9/14/2026 10:48:46 PM","SeImpersonatePrivilege","NT AUTHORITY\LOCAL SERVICE","S-1-5-19"
"399","PX1SWNPS01","55","9/14/2026 10:48:46 PM","SeImpersonatePrivilege","NT AUTHORITY\NETWORK SERVICE","S-1-5-20"
"399","PX1SWNPS01","55","9/14/2026 10:48:46 PM","SeImpersonatePrivilege","BUILTIN\Administrators","S-1-5-32-544"
"399","PX1SWNPS01","55","9/14/2026 10:48:46 PM","SeImpersonatePrivilege","NT AUTHORITY\SERVICE","S-1-5-6"
"399","PX1SWNPS01","55","9/14/2026 10:48:46 PM","SeCreateGlobalPrivilege","NT AUTHORITY\LOCAL SERVICE","S-1-5-19"
"399","PX1SWNPS01","55","9/14/2026 10:48:46 PM","SeCreateGlobalPrivilege","NT AUTHORITY\NETWORK SERVICE","S-1-5-20"
"399","PX1SWNPS01","55","9/14/2026 10:48:46 PM","SeCreateGlobalPrivilege","BUILTIN\Administrators","S-1-5-32-544"
"399","PX1SWNPS01","55","9/14/2026 10:48:46 PM","SeCreateGlobalPrivilege","NT AUTHORITY\SERVICE","S-1-5-6"
"399","PX1SWNPS01","55","9/14/2026 10:48:46 PM","SeIncreaseWorkingSetPrivilege","BUILTIN\Users","S-1-5-32-545"
"399","PX1SWNPS01","55","9/14/2026 10:48:46 PM","SeTimeZonePrivilege","NT AUTHORITY\LOCAL SERVICE","S-1-5-19"
"399","PX1SWNPS01","55","9/14/2026 10:48:46 PM","SeTimeZonePrivilege","BUILTIN\Administrators","S-1-5-32-544"
"399","PX1SWNPS01","55","9/14/2026 10:48:46 PM","SeCreateSymbolicLinkPrivilege","BUILTIN\Administrators","S-1-5-32-544"
"399","PX1SWNPS01","55","9/14/2026 10:48:46 PM","SeDelegateSessionUserImpersonatePrivilege","BUILTIN\Administrators","S-1-5-32-544"
"403","PX1SWNDES01","55","9/14/2026 10:48:46 PM","SeNetworkLogonRight","Everyone","S-1-1-0"
"403","PX1SWNDES01","55","9/14/2026 10:48:46 PM","SeNetworkLogonRight","BUILTIN\Administrators","S-1-5-32-544"
"403","PX1SWNDES01","55","9/14/2026 10:48:46 PM","SeNetworkLogonRight","BUILTIN\Users","S-1-5-32-545"
"403","PX1SWNDES01","55","9/14/2026 10:48:46 PM","SeNetworkLogonRight","BUILTIN\Backup Operators","S-1-5-32-551"
"403","PX1SWNDES01","55","9/14/2026 10:48:46 PM","SeBackupPrivilege","BUILTIN\Administrators","S-1-5-32-544"
"403","PX1SWNDES01","55","9/14/2026 10:48:46 PM","SeBackupPrivilege","BUILTIN\Backup Operators","S-1-5-32-551"
"403","PX1SWNDES01","55","9/14/2026 10:48:46 PM","SeChangeNotifyPrivilege","Everyone","S-1-1-0"
"403","PX1SWNDES01","55","9/14/2026 10:48:46 PM","SeChangeNotifyPrivilege","NT AUTHORITY\LOCAL SERVICE","S-1-5-19"
"403","PX1SWNDES01","55","9/14/2026 10:48:46 PM","SeChangeNotifyPrivilege","NT AUTHORITY\NETWORK SERVICE","S-1-5-20"
"403","PX1SWNDES01","55","9/14/2026 10:48:46 PM","SeChangeNotifyPrivilege","BUILTIN\Administrators","S-1-5-32-544"
"403","PX1SWNDES01","55","9/14/2026 10:48:46 PM","SeChangeNotifyPrivilege","BUILTIN\Users","S-1-5-32-545"
"403","PX1SWNDES01","55","9/14/2026 10:48:46 PM","SeChangeNotifyPrivilege","BUILTIN\Backup Operators","S-1-5-32-551"
"403","PX1SWNDES01","55","9/14/2026 10:48:46 PM","SeSystemtimePrivilege","NT AUTHORITY\LOCAL SERVICE","S-1-5-19"
"403","PX1SWNDES01","55","9/14/2026 10:48:46 PM","SeSystemtimePrivilege","BUILTIN\Administrators","S-1-5-32-544"
"403","PX1SWNDES01","55","9/14/2026 10:48:46 PM","SeCreatePagefilePrivilege","BUILTIN\Administrators","S-1-5-32-544"
"403","PX1SWNDES01","55","9/14/2026 10:48:46 PM","SeDebugPrivilege","BUILTIN\Administrators","S-1-5-32-544"
"403","PX1SWNDES01","55","9/14/2026 10:48:46 PM","SeRemoteShutdownPrivilege","BUILTIN\Administrators","S-1-5-32-544"
"403","PX1SWNDES01","55","9/14/2026 10:48:46 PM","SeAuditPrivilege","NT AUTHORITY\LOCAL SERVICE","S-1-5-19"
"403","PX1SWNDES01","55","9/14/2026 10:48:46 PM","SeAuditPrivilege","NT AUTHORITY\NETWORK SERVICE","S-1-5-20"
"403","PX1SWNDES01","55","9/14/2026 10:48:46 PM","SeAuditPrivilege","IIS APPPOOL\Classic .NET AppPool","S-1-5-82-1036420768-1044797643-1061213386-2937092688-4282445334"
"403","PX1SWNDES01","55","9/14/2026 10:48:46 PM","SeAuditPrivilege","IIS APPPOOL\.NET v4.5","S-1-5-82-271721585-897601226-2024613209-625570482-296978595"
"403","PX1SWNDES01","55","9/14/2026 10:48:46 PM","SeAuditPrivilege","IIS APPPOOL\DefaultAppPool","S-1-5-82-3006700770-424185619-1745488364-794895919-4004696415"
"403","PX1SWNDES01","55","9/14/2026 10:48:46 PM","SeAuditPrivilege","IIS APPPOOL\.NET v2.0","S-1-5-82-3682073875-1643277370-2842298652-3532359455-2406259117"
"403","PX1SWNDES01","55","9/14/2026 10:48:46 PM","SeAuditPrivilege","IIS APPPOOL\.NET v4.5 Classic","S-1-5-82-3876422241-1344743610-1729199087-774402673-2621913236"
"403","PX1SWNDES01","55","9/14/2026 10:48:46 PM","SeAuditPrivilege","IIS APPPOOL\.NET v2.0 Classic","S-1-5-82-4068219030-1673637257-3279585211-533386110-4122969689"
"403","PX1SWNDES01","55","9/14/2026 10:48:46 PM","SeIncreaseQuotaPrivilege","NT AUTHORITY\LOCAL SERVICE","S-1-5-19"
"403","PX1SWNDES01","55","9/14/2026 10:48:46 PM","SeIncreaseQuotaPrivilege","NT AUTHORITY\NETWORK SERVICE","S-1-5-20"
"403","PX1SWNDES01","55","9/14/2026 10:48:46 PM","SeIncreaseQuotaPrivilege","BUILTIN\Administrators","S-1-5-32-544"
"403","PX1SWNDES01","55","9/14/2026 10:48:46 PM","SeIncreaseQuotaPrivilege","IIS APPPOOL\Classic .NET AppPool","S-1-5-82-1036420768-1044797643-1061213386-2937092688-4282445334"
"403","PX1SWNDES01","55","9/14/2026 10:48:46 PM","SeIncreaseQuotaPrivilege","IIS APPPOOL\.NET v4.5","S-1-5-82-271721585-897601226-2024613209-625570482-296978595"
"403","PX1SWNDES01","55","9/14/2026 10:48:46 PM","SeIncreaseQuotaPrivilege","IIS APPPOOL\DefaultAppPool","S-1-5-82-3006700770-424185619-1745488364-794895919-4004696415"
"403","PX1SWNDES01","55","9/14/2026 10:48:46 PM","SeIncreaseQuotaPrivilege","IIS APPPOOL\.NET v2.0","S-1-5-82-3682073875-1643277370-2842298652-3532359455-2406259117"
"403","PX1SWNDES01","55","9/14/2026 10:48:46 PM","SeIncreaseQuotaPrivilege","IIS APPPOOL\.NET v4.5 Classic","S-1-5-82-3876422241-1344743610-1729199087-774402673-2621913236"
"403","PX1SWNDES01","55","9/14/2026 10:48:46 PM","SeIncreaseQuotaPrivilege","IIS APPPOOL\.NET v2.0 Classic","S-1-5-82-4068219030-1673637257-3279585211-533386110-4122969689"
"403","PX1SWNDES01","55","9/14/2026 10:48:46 PM","SeIncreaseBasePriorityPrivilege","BUILTIN\Administrators","S-1-5-32-544"
"403","PX1SWNDES01","55","9/14/2026 10:48:46 PM","SeIncreaseBasePriorityPrivilege","Window Manager\Window Manager Group","S-1-5-90-0"
"403","PX1SWNDES01","55","9/14/2026 10:48:46 PM","SeLoadDriverPrivilege","BUILTIN\Administrators","S-1-5-32-544"
"403","PX1SWNDES01","55","9/14/2026 10:48:46 PM","SeBatchLogonRight","BUILTIN\Administrators","S-1-5-32-544"
"403","PX1SWNDES01","55","9/14/2026 10:48:46 PM","SeBatchLogonRight","BUILTIN\Backup Operators","S-1-5-32-551"
"403","PX1SWNDES01","55","9/14/2026 10:48:46 PM","SeBatchLogonRight","BUILTIN\Performance Log Users","S-1-5-32-559"
"403","PX1SWNDES01","55","9/14/2026 10:48:46 PM","SeBatchLogonRight","BUILTIN\IIS_IUSRS","S-1-5-32-568"
"403","PX1SWNDES01","55","9/14/2026 10:48:46 PM","SeServiceLogonRight","S-1-5-21-3931559087-14600624-1992188608-27404","S-1-5-21-3931559087-14600624-1992188608-27404"
"403","PX1SWNDES01","55","9/14/2026 10:48:46 PM","SeServiceLogonRight","HARDDOLLAR\SVC.NDES","S-1-5-21-3931559087-14600624-1992188608-27410"
"403","PX1SWNDES01","55","9/14/2026 10:48:46 PM","SeServiceLogonRight","NT SERVICE\ALL SERVICES","S-1-5-80-0"
"403","PX1SWNDES01","55","9/14/2026 10:48:46 PM","SeServiceLogonRight","NT SERVICE\himds","S-1-5-80-4215458991-2034252225-2287069555-1155419622-2701885083"
"403","PX1SWNDES01","55","9/14/2026 10:48:46 PM","SeServiceLogonRight","IIS APPPOOL\Classic .NET AppPool","S-1-5-82-1036420768-1044797643-1061213386-2937092688-4282445334"
"403","PX1SWNDES01","55","9/14/2026 10:48:46 PM","SeServiceLogonRight","IIS APPPOOL\.NET v4.5","S-1-5-82-271721585-897601226-2024613209-625570482-296978595"
"403","PX1SWNDES01","55","9/14/2026 10:48:46 PM","SeServiceLogonRight","IIS APPPOOL\DefaultAppPool","S-1-5-82-3006700770-424185619-1745488364-794895919-4004696415"
"403","PX1SWNDES01","55","9/14/2026 10:48:46 PM","SeServiceLogonRight","IIS APPPOOL\.NET v2.0","S-1-5-82-3682073875-1643277370-2842298652-3532359455-2406259117"
"403","PX1SWNDES01","55","9/14/2026 10:48:46 PM","SeServiceLogonRight","IIS APPPOOL\.NET v4.5 Classic","S-1-5-82-3876422241-1344743610-1729199087-774402673-2621913236"
"403","PX1SWNDES01","55","9/14/2026 10:48:46 PM","SeServiceLogonRight","IIS APPPOOL\.NET v2.0 Classic","S-1-5-82-4068219030-1673637257-3279585211-533386110-4122969689"
"403","PX1SWNDES01","55","9/14/2026 10:48:46 PM","SeInteractiveLogonRight","BUILTIN\Administrators","S-1-5-32-544"
"403","PX1SWNDES01","55","9/14/2026 10:48:46 PM","SeSecurityPrivilege","BUILTIN\Administrators","S-1-5-32-544"
"403","PX1SWNDES01","55","9/14/2026 10:48:46 PM","SeSystemEnvironmentPrivilege","BUILTIN\Administrators","S-1-5-32-544"
"403","PX1SWNDES01","55","9/14/2026 10:48:46 PM","SeProfileSingleProcessPrivilege","BUILTIN\Administrators","S-1-5-32-544"
"403","PX1SWNDES01","55","9/14/2026 10:48:46 PM","SeSystemProfilePrivilege","BUILTIN\Administrators","S-1-5-32-544"
"403","PX1SWNDES01","55","9/14/2026 10:48:46 PM","SeSystemProfilePrivilege","NT SERVICE\WdiServiceHost","S-1-5-80-3139157870-2983391045-3678747466-658725712-1809340420"
"403","PX1SWNDES01","55","9/14/2026 10:48:46 PM","SeAssignPrimaryTokenPrivilege","NT AUTHORITY\LOCAL SERVICE","S-1-5-19"
"403","PX1SWNDES01","55","9/14/2026 10:48:46 PM","SeAssignPrimaryTokenPrivilege","NT AUTHORITY\NETWORK SERVICE","S-1-5-20"
"403","PX1SWNDES01","55","9/14/2026 10:48:46 PM","SeAssignPrimaryTokenPrivilege","IIS APPPOOL\Classic .NET AppPool","S-1-5-82-1036420768-1044797643-1061213386-2937092688-4282445334"
"403","PX1SWNDES01","55","9/14/2026 10:48:46 PM","SeAssignPrimaryTokenPrivilege","IIS APPPOOL\.NET v4.5","S-1-5-82-271721585-897601226-2024613209-625570482-296978595"
"403","PX1SWNDES01","55","9/14/2026 10:48:46 PM","SeAssignPrimaryTokenPrivilege","IIS APPPOOL\DefaultAppPool","S-1-5-82-3006700770-424185619-1745488364-794895919-4004696415"
"403","PX1SWNDES01","55","9/14/2026 10:48:46 PM","SeAssignPrimaryTokenPrivilege","IIS APPPOOL\.NET v2.0","S-1-5-82-3682073875-1643277370-2842298652-3532359455-2406259117"
"403","PX1SWNDES01","55","9/14/2026 10:48:46 PM","SeAssignPrimaryTokenPrivilege","IIS APPPOOL\.NET v4.5 Classic","S-1-5-82-3876422241-1344743610-1729199087-774402673-2621913236"
"403","PX1SWNDES01","55","9/14/2026 10:48:46 PM","SeAssignPrimaryTokenPrivilege","IIS APPPOOL\.NET v2.0 Classic","S-1-5-82-4068219030-1673637257-3279585211-533386110-4122969689"
"403","PX1SWNDES01","55","9/14/2026 10:48:46 PM","SeRestorePrivilege","BUILTIN\Administrators","S-1-5-32-544"
"403","PX1SWNDES01","55","9/14/2026 10:48:46 PM","SeRestorePrivilege","BUILTIN\Backup Operators","S-1-5-32-551"
"403","PX1SWNDES01","55","9/14/2026 10:48:46 PM","SeShutdownPrivilege","BUILTIN\Administrators","S-1-5-32-544"
"403","PX1SWNDES01","55","9/14/2026 10:48:46 PM","SeTakeOwnershipPrivilege","BUILTIN\Administrators","S-1-5-32-544"
"403","PX1SWNDES01","55","9/14/2026 10:48:46 PM","SeDenyBatchLogonRight","BUILTIN\Guests","S-1-5-32-546"
"403","PX1SWNDES01","55","9/14/2026 10:48:46 PM","SeDenyServiceLogonRight","BUILTIN\Guests","S-1-5-32-546"
"403","PX1SWNDES01","55","9/14/2026 10:48:46 PM","SeDenyInteractiveLogonRight","BUILTIN\Guests","S-1-5-32-546"
"403","PX1SWNDES01","55","9/14/2026 10:48:46 PM","SeUndockPrivilege","BUILTIN\Administrators","S-1-5-32-544"
"403","PX1SWNDES01","55","9/14/2026 10:48:46 PM","SeManageVolumePrivilege","BUILTIN\Administrators","S-1-5-32-544"
"403","PX1SWNDES01","55","9/14/2026 10:48:46 PM","SeRemoteInteractiveLogonRight","BUILTIN\Administrators","S-1-5-32-544"
"403","PX1SWNDES01","55","9/14/2026 10:48:46 PM","SeRemoteInteractiveLogonRight","BUILTIN\Remote Desktop Users","S-1-5-32-555"
"403","PX1SWNDES01","55","9/14/2026 10:48:46 PM","SeDenyRemoteInteractiveLogonRight","BUILTIN\Guests","S-1-5-32-546"
"403","PX1SWNDES01","55","9/14/2026 10:48:46 PM","SeImpersonatePrivilege","NT AUTHORITY\LOCAL SERVICE","S-1-5-19"
"403","PX1SWNDES01","55","9/14/2026 10:48:46 PM","SeImpersonatePrivilege","NT AUTHORITY\NETWORK SERVICE","S-1-5-20"
"403","PX1SWNDES01","55","9/14/2026 10:48:46 PM","SeImpersonatePrivilege","BUILTIN\Administrators","S-1-5-32-544"
"403","PX1SWNDES01","55","9/14/2026 10:48:46 PM","SeImpersonatePrivilege","BUILTIN\IIS_IUSRS","S-1-5-32-568"
"403","PX1SWNDES01","55","9/14/2026 10:48:46 PM","SeImpersonatePrivilege","NT AUTHORITY\SERVICE","S-1-5-6"
"403","PX1SWNDES01","55","9/14/2026 10:48:46 PM","SeCreateGlobalPrivilege","NT AUTHORITY\LOCAL SERVICE","S-1-5-19"
"403","PX1SWNDES01","55","9/14/2026 10:48:46 PM","SeCreateGlobalPrivilege","NT AUTHORITY\NETWORK SERVICE","S-1-5-20"
"403","PX1SWNDES01","55","9/14/2026 10:48:46 PM","SeCreateGlobalPrivilege","BUILTIN\Administrators","S-1-5-32-544"
"403","PX1SWNDES01","55","9/14/2026 10:48:46 PM","SeCreateGlobalPrivilege","NT AUTHORITY\SERVICE","S-1-5-6"
"403","PX1SWNDES01","55","9/14/2026 10:48:46 PM","SeIncreaseWorkingSetPrivilege","BUILTIN\Users","S-1-5-32-545"
"403","PX1SWNDES01","55","9/14/2026 10:48:46 PM","SeTimeZonePrivilege","NT AUTHORITY\LOCAL SERVICE","S-1-5-19"
"403","PX1SWNDES01","55","9/14/2026 10:48:46 PM","SeTimeZonePrivilege","BUILTIN\Administrators","S-1-5-32-544"
"403","PX1SWNDES01","55","9/14/2026 10:48:46 PM","SeCreateSymbolicLinkPrivilege","BUILTIN\Administrators","S-1-5-32-544"
"403","PX1SWNDES01","55","9/14/2026 10:48:46 PM","SeDelegateSessionUserImpersonatePrivilege","BUILTIN\Administrators","S-1-5-32-544"
"404","PX1SWHDDHCP02","54","9/14/2026 10:48:48 PM","SeNetworkLogonRight","Everyone","S-1-1-0"
"404","PX1SWHDDHCP02","54","9/14/2026 10:48:48 PM","SeNetworkLogonRight","BUILTIN\Administrators","S-1-5-32-544"
"404","PX1SWHDDHCP02","54","9/14/2026 10:48:48 PM","SeNetworkLogonRight","BUILTIN\Users","S-1-5-32-545"
"404","PX1SWHDDHCP02","54","9/14/2026 10:48:48 PM","SeNetworkLogonRight","BUILTIN\Backup Operators","S-1-5-32-551"
"404","PX1SWHDDHCP02","54","9/14/2026 10:48:48 PM","SeBackupPrivilege","BUILTIN\Administrators","S-1-5-32-544"
"404","PX1SWHDDHCP02","54","9/14/2026 10:48:48 PM","SeBackupPrivilege","BUILTIN\Backup Operators","S-1-5-32-551"
"404","PX1SWHDDHCP02","54","9/14/2026 10:48:48 PM","SeChangeNotifyPrivilege","Everyone","S-1-1-0"
"404","PX1SWHDDHCP02","54","9/14/2026 10:48:48 PM","SeChangeNotifyPrivilege","NT AUTHORITY\LOCAL SERVICE","S-1-5-19"
"404","PX1SWHDDHCP02","54","9/14/2026 10:48:48 PM","SeChangeNotifyPrivilege","NT AUTHORITY\NETWORK SERVICE","S-1-5-20"
"404","PX1SWHDDHCP02","54","9/14/2026 10:48:48 PM","SeChangeNotifyPrivilege","BUILTIN\Administrators","S-1-5-32-544"
"404","PX1SWHDDHCP02","54","9/14/2026 10:48:48 PM","SeChangeNotifyPrivilege","BUILTIN\Users","S-1-5-32-545"
"404","PX1SWHDDHCP02","54","9/14/2026 10:48:48 PM","SeChangeNotifyPrivilege","BUILTIN\Backup Operators","S-1-5-32-551"
"404","PX1SWHDDHCP02","54","9/14/2026 10:48:48 PM","SeSystemtimePrivilege","NT AUTHORITY\LOCAL SERVICE","S-1-5-19"
"404","PX1SWHDDHCP02","54","9/14/2026 10:48:48 PM","SeSystemtimePrivilege","BUILTIN\Administrators","S-1-5-32-544"
"404","PX1SWHDDHCP02","54","9/14/2026 10:48:48 PM","SeCreatePagefilePrivilege","BUILTIN\Administrators","S-1-5-32-544"
"404","PX1SWHDDHCP02","54","9/14/2026 10:48:48 PM","SeDebugPrivilege","BUILTIN\Administrators","S-1-5-32-544"
"404","PX1SWHDDHCP02","54","9/14/2026 10:48:48 PM","SeRemoteShutdownPrivilege","BUILTIN\Administrators","S-1-5-32-544"
"404","PX1SWHDDHCP02","54","9/14/2026 10:48:48 PM","SeAuditPrivilege","NT AUTHORITY\LOCAL SERVICE","S-1-5-19"
"404","PX1SWHDDHCP02","54","9/14/2026 10:48:48 PM","SeAuditPrivilege","NT AUTHORITY\NETWORK SERVICE","S-1-5-20"
"404","PX1SWHDDHCP02","54","9/14/2026 10:48:48 PM","SeIncreaseQuotaPrivilege","NT AUTHORITY\LOCAL SERVICE","S-1-5-19"
"404","PX1SWHDDHCP02","54","9/14/2026 10:48:48 PM","SeIncreaseQuotaPrivilege","NT AUTHORITY\NETWORK SERVICE","S-1-5-20"
"404","PX1SWHDDHCP02","54","9/14/2026 10:48:48 PM","SeIncreaseQuotaPrivilege","BUILTIN\Administrators","S-1-5-32-544"
"404","PX1SWHDDHCP02","54","9/14/2026 10:48:48 PM","SeIncreaseBasePriorityPrivilege","BUILTIN\Administrators","S-1-5-32-544"
"404","PX1SWHDDHCP02","54","9/14/2026 10:48:48 PM","SeIncreaseBasePriorityPrivilege","S-1-5-90-0","S-1-5-90-0"
"404","PX1SWHDDHCP02","54","9/14/2026 10:48:48 PM","SeLoadDriverPrivilege","BUILTIN\Administrators","S-1-5-32-544"
"404","PX1SWHDDHCP02","54","9/14/2026 10:48:48 PM","SeBatchLogonRight","BUILTIN\Administrators","S-1-5-32-544"
"404","PX1SWHDDHCP02","54","9/14/2026 10:48:48 PM","SeBatchLogonRight","BUILTIN\Backup Operators","S-1-5-32-551"
"404","PX1SWHDDHCP02","54","9/14/2026 10:48:48 PM","SeBatchLogonRight","BUILTIN\Performance Log Users","S-1-5-32-559"
"404","PX1SWHDDHCP02","54","9/14/2026 10:48:48 PM","SeServiceLogonRight","NT SERVICE\ALL SERVICES","S-1-5-80-0"
"404","PX1SWHDDHCP02","54","9/14/2026 10:48:48 PM","SeServiceLogonRight","NT SERVICE\himds","S-1-5-80-4215458991-2034252225-2287069555-1155419622-2701885083"
"404","PX1SWHDDHCP02","54","9/14/2026 10:48:48 PM","SeInteractiveLogonRight","BUILTIN\Administrators","S-1-5-32-544"
"404","PX1SWHDDHCP02","54","9/14/2026 10:48:48 PM","SeSecurityPrivilege","BUILTIN\Administrators","S-1-5-32-544"
"404","PX1SWHDDHCP02","54","9/14/2026 10:48:48 PM","SeSystemEnvironmentPrivilege","BUILTIN\Administrators","S-1-5-32-544"
"404","PX1SWHDDHCP02","54","9/14/2026 10:48:48 PM","SeProfileSingleProcessPrivilege","BUILTIN\Administrators","S-1-5-32-544"
"404","PX1SWHDDHCP02","54","9/14/2026 10:48:48 PM","SeSystemProfilePrivilege","BUILTIN\Administrators","S-1-5-32-544"
"404","PX1SWHDDHCP02","54","9/14/2026 10:48:48 PM","SeSystemProfilePrivilege","NT SERVICE\WdiServiceHost","S-1-5-80-3139157870-2983391045-3678747466-658725712-1809340420"
"404","PX1SWHDDHCP02","54","9/14/2026 10:48:48 PM","SeAssignPrimaryTokenPrivilege","NT AUTHORITY\LOCAL SERVICE","S-1-5-19"
"404","PX1SWHDDHCP02","54","9/14/2026 10:48:48 PM","SeAssignPrimaryTokenPrivilege","NT AUTHORITY\NETWORK SERVICE","S-1-5-20"
"404","PX1SWHDDHCP02","54","9/14/2026 10:48:48 PM","SeRestorePrivilege","BUILTIN\Administrators","S-1-5-32-544"
"404","PX1SWHDDHCP02","54","9/14/2026 10:48:48 PM","SeRestorePrivilege","BUILTIN\Backup Operators","S-1-5-32-551"
"404","PX1SWHDDHCP02","54","9/14/2026 10:48:48 PM","SeShutdownPrivilege","BUILTIN\Administrators","S-1-5-32-544"
"404","PX1SWHDDHCP02","54","9/14/2026 10:48:48 PM","SeTakeOwnershipPrivilege","BUILTIN\Administrators","S-1-5-32-544"
"404","PX1SWHDDHCP02","54","9/14/2026 10:48:48 PM","SeDenyBatchLogonRight","BUILTIN\Guests","S-1-5-32-546"
"404","PX1SWHDDHCP02","54","9/14/2026 10:48:48 PM","SeDenyServiceLogonRight","BUILTIN\Guests","S-1-5-32-546"
"404","PX1SWHDDHCP02","54","9/14/2026 10:48:48 PM","SeDenyInteractiveLogonRight","BUILTIN\Guests","S-1-5-32-546"
"404","PX1SWHDDHCP02","54","9/14/2026 10:48:48 PM","SeUndockPrivilege","BUILTIN\Administrators","S-1-5-32-544"
"404","PX1SWHDDHCP02","54","9/14/2026 10:48:48 PM","SeManageVolumePrivilege","BUILTIN\Administrators","S-1-5-32-544"
"404","PX1SWHDDHCP02","54","9/14/2026 10:48:48 PM","SeRemoteInteractiveLogonRight","BUILTIN\Administrators","S-1-5-32-544"
"404","PX1SWHDDHCP02","54","9/14/2026 10:48:48 PM","SeRemoteInteractiveLogonRight","BUILTIN\Remote Desktop Users","S-1-5-32-555"
"404","PX1SWHDDHCP02","54","9/14/2026 10:48:48 PM","SeDenyRemoteInteractiveLogonRight","BUILTIN\Guests","S-1-5-32-546"
"404","PX1SWHDDHCP02","54","9/14/2026 10:48:48 PM","SeImpersonatePrivilege","NT AUTHORITY\LOCAL SERVICE","S-1-5-19"
"404","PX1SWHDDHCP02","54","9/14/2026 10:48:48 PM","SeImpersonatePrivilege","NT AUTHORITY\NETWORK SERVICE","S-1-5-20"
"404","PX1SWHDDHCP02","54","9/14/2026 10:48:48 PM","SeImpersonatePrivilege","BUILTIN\Administrators","S-1-5-32-544"
"404","PX1SWHDDHCP02","54","9/14/2026 10:48:48 PM","SeImpersonatePrivilege","NT AUTHORITY\SERVICE","S-1-5-6"
"404","PX1SWHDDHCP02","54","9/14/2026 10:48:48 PM","SeCreateGlobalPrivilege","NT AUTHORITY\LOCAL SERVICE","S-1-5-19"
"404","PX1SWHDDHCP02","54","9/14/2026 10:48:48 PM","SeCreateGlobalPrivilege","NT AUTHORITY\NETWORK SERVICE","S-1-5-20"
"404","PX1SWHDDHCP02","54","9/14/2026 10:48:48 PM","SeCreateGlobalPrivilege","BUILTIN\Administrators","S-1-5-32-544"
"404","PX1SWHDDHCP02","54","9/14/2026 10:48:48 PM","SeCreateGlobalPrivilege","NT AUTHORITY\SERVICE","S-1-5-6"
"404","PX1SWHDDHCP02","54","9/14/2026 10:48:48 PM","SeIncreaseWorkingSetPrivilege","BUILTIN\Users","S-1-5-32-545"
"404","PX1SWHDDHCP02","54","9/14/2026 10:48:48 PM","SeTimeZonePrivilege","NT AUTHORITY\LOCAL SERVICE","S-1-5-19"
"404","PX1SWHDDHCP02","54","9/14/2026 10:48:48 PM","SeTimeZonePrivilege","BUILTIN\Administrators","S-1-5-32-544"
"404","PX1SWHDDHCP02","54","9/14/2026 10:48:48 PM","SeCreateSymbolicLinkPrivilege","BUILTIN\Administrators","S-1-5-32-544"
"404","PX1SWHDDHCP02","54","9/14/2026 10:48:48 PM","SeDelegateSessionUserImpersonatePrivilege","BUILTIN\Administrators","S-1-5-32-544"
"406","PX1SWNPS04","55","9/14/2026 10:48:49 PM","SeNetworkLogonRight","Everyone","S-1-1-0"
"406","PX1SWNPS04","55","9/14/2026 10:48:49 PM","SeNetworkLogonRight","BUILTIN\Administrators","S-1-5-32-544"
"406","PX1SWNPS04","55","9/14/2026 10:48:49 PM","SeNetworkLogonRight","BUILTIN\Users","S-1-5-32-545"
"406","PX1SWNPS04","55","9/14/2026 10:48:49 PM","SeNetworkLogonRight","BUILTIN\Backup Operators","S-1-5-32-551"
"406","PX1SWNPS04","55","9/14/2026 10:48:49 PM","SeBackupPrivilege","BUILTIN\Administrators","S-1-5-32-544"
"406","PX1SWNPS04","55","9/14/2026 10:48:49 PM","SeBackupPrivilege","BUILTIN\Backup Operators","S-1-5-32-551"
"406","PX1SWNPS04","55","9/14/2026 10:48:49 PM","SeChangeNotifyPrivilege","Everyone","S-1-1-0"
"406","PX1SWNPS04","55","9/14/2026 10:48:49 PM","SeChangeNotifyPrivilege","NT AUTHORITY\LOCAL SERVICE","S-1-5-19"
"406","PX1SWNPS04","55","9/14/2026 10:48:49 PM","SeChangeNotifyPrivilege","NT AUTHORITY\NETWORK SERVICE","S-1-5-20"
"406","PX1SWNPS04","55","9/14/2026 10:48:49 PM","SeChangeNotifyPrivilege","BUILTIN\Administrators","S-1-5-32-544"
"406","PX1SWNPS04","55","9/14/2026 10:48:49 PM","SeChangeNotifyPrivilege","BUILTIN\Users","S-1-5-32-545"
"406","PX1SWNPS04","55","9/14/2026 10:48:49 PM","SeChangeNotifyPrivilege","BUILTIN\Backup Operators","S-1-5-32-551"
"406","PX1SWNPS04","55","9/14/2026 10:48:49 PM","SeSystemtimePrivilege","NT AUTHORITY\LOCAL SERVICE","S-1-5-19"
"406","PX1SWNPS04","55","9/14/2026 10:48:49 PM","SeSystemtimePrivilege","BUILTIN\Administrators","S-1-5-32-544"
"406","PX1SWNPS04","55","9/14/2026 10:48:49 PM","SeCreatePagefilePrivilege","BUILTIN\Administrators","S-1-5-32-544"
"406","PX1SWNPS04","55","9/14/2026 10:48:49 PM","SeDebugPrivilege","BUILTIN\Administrators","S-1-5-32-544"
"406","PX1SWNPS04","55","9/14/2026 10:48:49 PM","SeRemoteShutdownPrivilege","BUILTIN\Administrators","S-1-5-32-544"
"406","PX1SWNPS04","55","9/14/2026 10:48:49 PM","SeAuditPrivilege","NT AUTHORITY\LOCAL SERVICE","S-1-5-19"
"406","PX1SWNPS04","55","9/14/2026 10:48:49 PM","SeAuditPrivilege","NT AUTHORITY\NETWORK SERVICE","S-1-5-20"
"406","PX1SWNPS04","55","9/14/2026 10:48:49 PM","SeIncreaseQuotaPrivilege","NT AUTHORITY\LOCAL SERVICE","S-1-5-19"
"406","PX1SWNPS04","55","9/14/2026 10:48:49 PM","SeIncreaseQuotaPrivilege","NT AUTHORITY\NETWORK SERVICE","S-1-5-20"
"406","PX1SWNPS04","55","9/14/2026 10:48:49 PM","SeIncreaseQuotaPrivilege","BUILTIN\Administrators","S-1-5-32-544"
"406","PX1SWNPS04","55","9/14/2026 10:48:49 PM","SeIncreaseBasePriorityPrivilege","BUILTIN\Administrators","S-1-5-32-544"
"406","PX1SWNPS04","55","9/14/2026 10:48:49 PM","SeIncreaseBasePriorityPrivilege","Window Manager\Window Manager Group","S-1-5-90-0"
"406","PX1SWNPS04","55","9/14/2026 10:48:49 PM","SeLoadDriverPrivilege","BUILTIN\Administrators","S-1-5-32-544"
"406","PX1SWNPS04","55","9/14/2026 10:48:49 PM","SeBatchLogonRight","BUILTIN\Administrators","S-1-5-32-544"
"406","PX1SWNPS04","55","9/14/2026 10:48:49 PM","SeBatchLogonRight","BUILTIN\Backup Operators","S-1-5-32-551"
"406","PX1SWNPS04","55","9/14/2026 10:48:49 PM","SeBatchLogonRight","BUILTIN\Performance Log Users","S-1-5-32-559"
"406","PX1SWNPS04","55","9/14/2026 10:48:49 PM","SeServiceLogonRight","NT SERVICE\ALL SERVICES","S-1-5-80-0"
"406","PX1SWNPS04","55","9/14/2026 10:48:49 PM","SeServiceLogonRight","NT SERVICE\himds","S-1-5-80-4215458991-2034252225-2287069555-1155419622-2701885083"
"406","PX1SWNPS04","55","9/14/2026 10:48:49 PM","SeInteractiveLogonRight","BUILTIN\Administrators","S-1-5-32-544"
"406","PX1SWNPS04","55","9/14/2026 10:48:49 PM","SeSecurityPrivilege","BUILTIN\Administrators","S-1-5-32-544"
"406","PX1SWNPS04","55","9/14/2026 10:48:49 PM","SeSystemEnvironmentPrivilege","BUILTIN\Administrators","S-1-5-32-544"
"406","PX1SWNPS04","55","9/14/2026 10:48:49 PM","SeProfileSingleProcessPrivilege","BUILTIN\Administrators","S-1-5-32-544"
"406","PX1SWNPS04","55","9/14/2026 10:48:49 PM","SeSystemProfilePrivilege","BUILTIN\Administrators","S-1-5-32-544"
"406","PX1SWNPS04","55","9/14/2026 10:48:49 PM","SeSystemProfilePrivilege","NT SERVICE\WdiServiceHost","S-1-5-80-3139157870-2983391045-3678747466-658725712-1809340420"
"406","PX1SWNPS04","55","9/14/2026 10:48:49 PM","SeAssignPrimaryTokenPrivilege","NT AUTHORITY\LOCAL SERVICE","S-1-5-19"
"406","PX1SWNPS04","55","9/14/2026 10:48:49 PM","SeAssignPrimaryTokenPrivilege","NT AUTHORITY\NETWORK SERVICE","S-1-5-20"
"406","PX1SWNPS04","55","9/14/2026 10:48:49 PM","SeRestorePrivilege","BUILTIN\Administrators","S-1-5-32-544"
"406","PX1SWNPS04","55","9/14/2026 10:48:49 PM","SeRestorePrivilege","BUILTIN\Backup Operators","S-1-5-32-551"
"406","PX1SWNPS04","55","9/14/2026 10:48:49 PM","SeShutdownPrivilege","BUILTIN\Administrators","S-1-5-32-544"
"406","PX1SWNPS04","55","9/14/2026 10:48:49 PM","SeTakeOwnershipPrivilege","BUILTIN\Administrators","S-1-5-32-544"
"406","PX1SWNPS04","55","9/14/2026 10:48:49 PM","SeDenyBatchLogonRight","BUILTIN\Guests","S-1-5-32-546"
"406","PX1SWNPS04","55","9/14/2026 10:48:49 PM","SeDenyServiceLogonRight","BUILTIN\Guests","S-1-5-32-546"
"406","PX1SWNPS04","55","9/14/2026 10:48:49 PM","SeDenyInteractiveLogonRight","BUILTIN\Guests","S-1-5-32-546"
"406","PX1SWNPS04","55","9/14/2026 10:48:49 PM","SeUndockPrivilege","BUILTIN\Administrators","S-1-5-32-544"
"406","PX1SWNPS04","55","9/14/2026 10:48:49 PM","SeManageVolumePrivilege","BUILTIN\Administrators","S-1-5-32-544"
"406","PX1SWNPS04","55","9/14/2026 10:48:49 PM","SeRemoteInteractiveLogonRight","BUILTIN\Administrators","S-1-5-32-544"
"406","PX1SWNPS04","55","9/14/2026 10:48:49 PM","SeRemoteInteractiveLogonRight","BUILTIN\Remote Desktop Users","S-1-5-32-555"
"406","PX1SWNPS04","55","9/14/2026 10:48:49 PM","SeDenyRemoteInteractiveLogonRight","BUILTIN\Guests","S-1-5-32-546"
"406","PX1SWNPS04","55","9/14/2026 10:48:49 PM","SeImpersonatePrivilege","NT AUTHORITY\LOCAL SERVICE","S-1-5-19"
"406","PX1SWNPS04","55","9/14/2026 10:48:49 PM","SeImpersonatePrivilege","NT AUTHORITY\NETWORK SERVICE","S-1-5-20"
"406","PX1SWNPS04","55","9/14/2026 10:48:49 PM","SeImpersonatePrivilege","BUILTIN\Administrators","S-1-5-32-544"
"406","PX1SWNPS04","55","9/14/2026 10:48:49 PM","SeImpersonatePrivilege","NT AUTHORITY\SERVICE","S-1-5-6"
"406","PX1SWNPS04","55","9/14/2026 10:48:49 PM","SeCreateGlobalPrivilege","NT AUTHORITY\LOCAL SERVICE","S-1-5-19"
"406","PX1SWNPS04","55","9/14/2026 10:48:49 PM","SeCreateGlobalPrivilege","NT AUTHORITY\NETWORK SERVICE","S-1-5-20"
"406","PX1SWNPS04","55","9/14/2026 10:48:49 PM","SeCreateGlobalPrivilege","BUILTIN\Administrators","S-1-5-32-544"
"406","PX1SWNPS04","55","9/14/2026 10:48:49 PM","SeCreateGlobalPrivilege","NT AUTHORITY\SERVICE","S-1-5-6"
"406","PX1SWNPS04","55","9/14/2026 10:48:49 PM","SeIncreaseWorkingSetPrivilege","BUILTIN\Users","S-1-5-32-545"
"406","PX1SWNPS04","55","9/14/2026 10:48:49 PM","SeTimeZonePrivilege","NT AUTHORITY\LOCAL SERVICE","S-1-5-19"
"406","PX1SWNPS04","55","9/14/2026 10:48:49 PM","SeTimeZonePrivilege","BUILTIN\Administrators","S-1-5-32-544"
"406","PX1SWNPS04","55","9/14/2026 10:48:49 PM","SeCreateSymbolicLinkPrivilege","BUILTIN\Administrators","S-1-5-32-544"
"406","PX1SWNPS04","55","9/14/2026 10:48:49 PM","SeDelegateSessionUserImpersonatePrivilege","BUILTIN\Administrators","S-1-5-32-544"
"407","PX1SWNPS03","55","9/14/2026 10:48:50 PM","SeNetworkLogonRight","Everyone","S-1-1-0"
"407","PX1SWNPS03","55","9/14/2026 10:48:50 PM","SeNetworkLogonRight","BUILTIN\Administrators","S-1-5-32-544"
"407","PX1SWNPS03","55","9/14/2026 10:48:50 PM","SeNetworkLogonRight","BUILTIN\Users","S-1-5-32-545"
"407","PX1SWNPS03","55","9/14/2026 10:48:50 PM","SeNetworkLogonRight","BUILTIN\Backup Operators","S-1-5-32-551"
"407","PX1SWNPS03","55","9/14/2026 10:48:50 PM","SeBackupPrivilege","BUILTIN\Administrators","S-1-5-32-544"
"407","PX1SWNPS03","55","9/14/2026 10:48:50 PM","SeBackupPrivilege","BUILTIN\Backup Operators","S-1-5-32-551"
"407","PX1SWNPS03","55","9/14/2026 10:48:50 PM","SeChangeNotifyPrivilege","Everyone","S-1-1-0"
"407","PX1SWNPS03","55","9/14/2026 10:48:50 PM","SeChangeNotifyPrivilege","NT AUTHORITY\LOCAL SERVICE","S-1-5-19"
"407","PX1SWNPS03","55","9/14/2026 10:48:50 PM","SeChangeNotifyPrivilege","NT AUTHORITY\NETWORK SERVICE","S-1-5-20"
"407","PX1SWNPS03","55","9/14/2026 10:48:50 PM","SeChangeNotifyPrivilege","BUILTIN\Administrators","S-1-5-32-544"
"407","PX1SWNPS03","55","9/14/2026 10:48:50 PM","SeChangeNotifyPrivilege","BUILTIN\Users","S-1-5-32-545"
"407","PX1SWNPS03","55","9/14/2026 10:48:50 PM","SeChangeNotifyPrivilege","BUILTIN\Backup Operators","S-1-5-32-551"
"407","PX1SWNPS03","55","9/14/2026 10:48:50 PM","SeSystemtimePrivilege","NT AUTHORITY\LOCAL SERVICE","S-1-5-19"
"407","PX1SWNPS03","55","9/14/2026 10:48:50 PM","SeSystemtimePrivilege","BUILTIN\Administrators","S-1-5-32-544"
"407","PX1SWNPS03","55","9/14/2026 10:48:50 PM","SeCreatePagefilePrivilege","BUILTIN\Administrators","S-1-5-32-544"
"407","PX1SWNPS03","55","9/14/2026 10:48:50 PM","SeDebugPrivilege","BUILTIN\Administrators","S-1-5-32-544"
"407","PX1SWNPS03","55","9/14/2026 10:48:50 PM","SeRemoteShutdownPrivilege","BUILTIN\Administrators","S-1-5-32-544"
"407","PX1SWNPS03","55","9/14/2026 10:48:50 PM","SeAuditPrivilege","NT AUTHORITY\LOCAL SERVICE","S-1-5-19"
"407","PX1SWNPS03","55","9/14/2026 10:48:50 PM","SeAuditPrivilege","NT AUTHORITY\NETWORK SERVICE","S-1-5-20"
"407","PX1SWNPS03","55","9/14/2026 10:48:50 PM","SeIncreaseQuotaPrivilege","NT AUTHORITY\LOCAL SERVICE","S-1-5-19"
"407","PX1SWNPS03","55","9/14/2026 10:48:50 PM","SeIncreaseQuotaPrivilege","NT AUTHORITY\NETWORK SERVICE","S-1-5-20"
"407","PX1SWNPS03","55","9/14/2026 10:48:50 PM","SeIncreaseQuotaPrivilege","BUILTIN\Administrators","S-1-5-32-544"
"407","PX1SWNPS03","55","9/14/2026 10:48:50 PM","SeIncreaseBasePriorityPrivilege","BUILTIN\Administrators","S-1-5-32-544"
"407","PX1SWNPS03","55","9/14/2026 10:48:50 PM","SeIncreaseBasePriorityPrivilege","Window Manager\Window Manager Group","S-1-5-90-0"
"407","PX1SWNPS03","55","9/14/2026 10:48:50 PM","SeLoadDriverPrivilege","BUILTIN\Administrators","S-1-5-32-544"
"407","PX1SWNPS03","55","9/14/2026 10:48:50 PM","SeBatchLogonRight","BUILTIN\Administrators","S-1-5-32-544"
"407","PX1SWNPS03","55","9/14/2026 10:48:50 PM","SeBatchLogonRight","BUILTIN\Backup Operators","S-1-5-32-551"
"407","PX1SWNPS03","55","9/14/2026 10:48:50 PM","SeBatchLogonRight","BUILTIN\Performance Log Users","S-1-5-32-559"
"407","PX1SWNPS03","55","9/14/2026 10:48:50 PM","SeServiceLogonRight","NT SERVICE\ALL SERVICES","S-1-5-80-0"
"407","PX1SWNPS03","55","9/14/2026 10:48:50 PM","SeServiceLogonRight","NT SERVICE\himds","S-1-5-80-4215458991-2034252225-2287069555-1155419622-2701885083"
"407","PX1SWNPS03","55","9/14/2026 10:48:50 PM","SeInteractiveLogonRight","BUILTIN\Administrators","S-1-5-32-544"
"407","PX1SWNPS03","55","9/14/2026 10:48:50 PM","SeSecurityPrivilege","BUILTIN\Administrators","S-1-5-32-544"
"407","PX1SWNPS03","55","9/14/2026 10:48:50 PM","SeSystemEnvironmentPrivilege","BUILTIN\Administrators","S-1-5-32-544"
"407","PX1SWNPS03","55","9/14/2026 10:48:50 PM","SeProfileSingleProcessPrivilege","BUILTIN\Administrators","S-1-5-32-544"
"407","PX1SWNPS03","55","9/14/2026 10:48:50 PM","SeSystemProfilePrivilege","BUILTIN\Administrators","S-1-5-32-544"
"407","PX1SWNPS03","55","9/14/2026 10:48:50 PM","SeSystemProfilePrivilege","NT SERVICE\WdiServiceHost","S-1-5-80-3139157870-2983391045-3678747466-658725712-1809340420"
"407","PX1SWNPS03","55","9/14/2026 10:48:50 PM","SeAssignPrimaryTokenPrivilege","NT AUTHORITY\LOCAL SERVICE","S-1-5-19"
"407","PX1SWNPS03","55","9/14/2026 10:48:50 PM","SeAssignPrimaryTokenPrivilege","NT AUTHORITY\NETWORK SERVICE","S-1-5-20"
"407","PX1SWNPS03","55","9/14/2026 10:48:50 PM","SeRestorePrivilege","BUILTIN\Administrators","S-1-5-32-544"
"407","PX1SWNPS03","55","9/14/2026 10:48:50 PM","SeRestorePrivilege","BUILTIN\Backup Operators","S-1-5-32-551"
"407","PX1SWNPS03","55","9/14/2026 10:48:50 PM","SeShutdownPrivilege","BUILTIN\Administrators","S-1-5-32-544"
"407","PX1SWNPS03","55","9/14/2026 10:48:50 PM","SeTakeOwnershipPrivilege","BUILTIN\Administrators","S-1-5-32-544"
"407","PX1SWNPS03","55","9/14/2026 10:48:50 PM","SeDenyBatchLogonRight","BUILTIN\Guests","S-1-5-32-546"
"407","PX1SWNPS03","55","9/14/2026 10:48:50 PM","SeDenyServiceLogonRight","BUILTIN\Guests","S-1-5-32-546"
"407","PX1SWNPS03","55","9/14/2026 10:48:50 PM","SeDenyInteractiveLogonRight","BUILTIN\Guests","S-1-5-32-546"
"407","PX1SWNPS03","55","9/14/2026 10:48:50 PM","SeUndockPrivilege","BUILTIN\Administrators","S-1-5-32-544"
"407","PX1SWNPS03","55","9/14/2026 10:48:50 PM","SeManageVolumePrivilege","BUILTIN\Administrators","S-1-5-32-544"
"407","PX1SWNPS03","55","9/14/2026 10:48:50 PM","SeRemoteInteractiveLogonRight","BUILTIN\Administrators","S-1-5-32-544"
"407","PX1SWNPS03","55","9/14/2026 10:48:50 PM","SeRemoteInteractiveLogonRight","BUILTIN\Remote Desktop Users","S-1-5-32-555"
"407","PX1SWNPS03","55","9/14/2026 10:48:50 PM","SeDenyRemoteInteractiveLogonRight","BUILTIN\Guests","S-1-5-32-546"
"407","PX1SWNPS03","55","9/14/2026 10:48:50 PM","SeImpersonatePrivilege","NT AUTHORITY\LOCAL SERVICE","S-1-5-19"
"407","PX1SWNPS03","55","9/14/2026 10:48:50 PM","SeImpersonatePrivilege","NT AUTHORITY\NETWORK SERVICE","S-1-5-20"
"407","PX1SWNPS03","55","9/14/2026 10:48:50 PM","SeImpersonatePrivilege","BUILTIN\Administrators","S-1-5-32-544"
"407","PX1SWNPS03","55","9/14/2026 10:48:50 PM","SeImpersonatePrivilege","NT AUTHORITY\SERVICE","S-1-5-6"
"407","PX1SWNPS03","55","9/14/2026 10:48:50 PM","SeCreateGlobalPrivilege","NT AUTHORITY\LOCAL SERVICE","S-1-5-19"
"407","PX1SWNPS03","55","9/14/2026 10:48:50 PM","SeCreateGlobalPrivilege","NT AUTHORITY\NETWORK SERVICE","S-1-5-20"
"407","PX1SWNPS03","55","9/14/2026 10:48:50 PM","SeCreateGlobalPrivilege","BUILTIN\Administrators","S-1-5-32-544"
"407","PX1SWNPS03","55","9/14/2026 10:48:50 PM","SeCreateGlobalPrivilege","NT AUTHORITY\SERVICE","S-1-5-6"
"407","PX1SWNPS03","55","9/14/2026 10:48:50 PM","SeIncreaseWorkingSetPrivilege","BUILTIN\Users","S-1-5-32-545"
"407","PX1SWNPS03","55","9/14/2026 10:48:50 PM","SeTimeZonePrivilege","NT AUTHORITY\LOCAL SERVICE","S-1-5-19"
"407","PX1SWNPS03","55","9/14/2026 10:48:50 PM","SeTimeZonePrivilege","BUILTIN\Administrators","S-1-5-32-544"
"407","PX1SWNPS03","55","9/14/2026 10:48:50 PM","SeCreateSymbolicLinkPrivilege","BUILTIN\Administrators","S-1-5-32-544"
"407","PX1SWNPS03","55","9/14/2026 10:48:50 PM","SeDelegateSessionUserImpersonatePrivilege","BUILTIN\Administrators","S-1-5-32-544"
"412","ML1SWHDNPS01","55","9/14/2026 10:48:53 PM","SeNetworkLogonRight","Everyone","S-1-1-0"
"412","ML1SWHDNPS01","55","9/14/2026 10:48:53 PM","SeNetworkLogonRight","BUILTIN\Administrators","S-1-5-32-544"
"412","ML1SWHDNPS01","55","9/14/2026 10:48:53 PM","SeNetworkLogonRight","BUILTIN\Users","S-1-5-32-545"
"412","ML1SWHDNPS01","55","9/14/2026 10:48:53 PM","SeNetworkLogonRight","BUILTIN\Backup Operators","S-1-5-32-551"
"412","ML1SWHDNPS01","55","9/14/2026 10:48:53 PM","SeBackupPrivilege","BUILTIN\Administrators","S-1-5-32-544"
"412","ML1SWHDNPS01","55","9/14/2026 10:48:53 PM","SeBackupPrivilege","BUILTIN\Backup Operators","S-1-5-32-551"
"412","ML1SWHDNPS01","55","9/14/2026 10:48:53 PM","SeChangeNotifyPrivilege","Everyone","S-1-1-0"
"412","ML1SWHDNPS01","55","9/14/2026 10:48:53 PM","SeChangeNotifyPrivilege","NT AUTHORITY\LOCAL SERVICE","S-1-5-19"
"412","ML1SWHDNPS01","55","9/14/2026 10:48:53 PM","SeChangeNotifyPrivilege","NT AUTHORITY\NETWORK SERVICE","S-1-5-20"
"412","ML1SWHDNPS01","55","9/14/2026 10:48:53 PM","SeChangeNotifyPrivilege","BUILTIN\Administrators","S-1-5-32-544"
"412","ML1SWHDNPS01","55","9/14/2026 10:48:53 PM","SeChangeNotifyPrivilege","BUILTIN\Users","S-1-5-32-545"
"412","ML1SWHDNPS01","55","9/14/2026 10:48:53 PM","SeChangeNotifyPrivilege","BUILTIN\Backup Operators","S-1-5-32-551"
"412","ML1SWHDNPS01","55","9/14/2026 10:48:53 PM","SeSystemtimePrivilege","NT AUTHORITY\LOCAL SERVICE","S-1-5-19"
"412","ML1SWHDNPS01","55","9/14/2026 10:48:53 PM","SeSystemtimePrivilege","BUILTIN\Administrators","S-1-5-32-544"
"412","ML1SWHDNPS01","55","9/14/2026 10:48:53 PM","SeCreatePagefilePrivilege","BUILTIN\Administrators","S-1-5-32-544"
"412","ML1SWHDNPS01","55","9/14/2026 10:48:53 PM","SeDebugPrivilege","BUILTIN\Administrators","S-1-5-32-544"
"412","ML1SWHDNPS01","55","9/14/2026 10:48:53 PM","SeRemoteShutdownPrivilege","BUILTIN\Administrators","S-1-5-32-544"
"412","ML1SWHDNPS01","55","9/14/2026 10:48:53 PM","SeAuditPrivilege","NT AUTHORITY\LOCAL SERVICE","S-1-5-19"
"412","ML1SWHDNPS01","55","9/14/2026 10:48:53 PM","SeAuditPrivilege","NT AUTHORITY\NETWORK SERVICE","S-1-5-20"
"412","ML1SWHDNPS01","55","9/14/2026 10:48:53 PM","SeIncreaseQuotaPrivilege","NT AUTHORITY\LOCAL SERVICE","S-1-5-19"
"412","ML1SWHDNPS01","55","9/14/2026 10:48:53 PM","SeIncreaseQuotaPrivilege","NT AUTHORITY\NETWORK SERVICE","S-1-5-20"
"412","ML1SWHDNPS01","55","9/14/2026 10:48:53 PM","SeIncreaseQuotaPrivilege","BUILTIN\Administrators","S-1-5-32-544"
"412","ML1SWHDNPS01","55","9/14/2026 10:48:53 PM","SeIncreaseBasePriorityPrivilege","BUILTIN\Administrators","S-1-5-32-544"
"412","ML1SWHDNPS01","55","9/14/2026 10:48:53 PM","SeIncreaseBasePriorityPrivilege","Window Manager\Window Manager Group","S-1-5-90-0"
"412","ML1SWHDNPS01","55","9/14/2026 10:48:53 PM","SeLoadDriverPrivilege","BUILTIN\Administrators","S-1-5-32-544"
"412","ML1SWHDNPS01","55","9/14/2026 10:48:53 PM","SeBatchLogonRight","BUILTIN\Administrators","S-1-5-32-544"
"412","ML1SWHDNPS01","55","9/14/2026 10:48:53 PM","SeBatchLogonRight","BUILTIN\Backup Operators","S-1-5-32-551"
"412","ML1SWHDNPS01","55","9/14/2026 10:48:53 PM","SeBatchLogonRight","BUILTIN\Performance Log Users","S-1-5-32-559"
"412","ML1SWHDNPS01","55","9/14/2026 10:48:53 PM","SeServiceLogonRight","NT SERVICE\ALL SERVICES","S-1-5-80-0"
"412","ML1SWHDNPS01","55","9/14/2026 10:48:53 PM","SeServiceLogonRight","NT SERVICE\himds","S-1-5-80-4215458991-2034252225-2287069555-1155419622-2701885083"
"412","ML1SWHDNPS01","55","9/14/2026 10:48:53 PM","SeInteractiveLogonRight","BUILTIN\Administrators","S-1-5-32-544"
"412","ML1SWHDNPS01","55","9/14/2026 10:48:53 PM","SeSecurityPrivilege","BUILTIN\Administrators","S-1-5-32-544"
"412","ML1SWHDNPS01","55","9/14/2026 10:48:53 PM","SeSystemEnvironmentPrivilege","BUILTIN\Administrators","S-1-5-32-544"
"412","ML1SWHDNPS01","55","9/14/2026 10:48:53 PM","SeProfileSingleProcessPrivilege","BUILTIN\Administrators","S-1-5-32-544"
"412","ML1SWHDNPS01","55","9/14/2026 10:48:53 PM","SeSystemProfilePrivilege","BUILTIN\Administrators","S-1-5-32-544"
"412","ML1SWHDNPS01","55","9/14/2026 10:48:53 PM","SeSystemProfilePrivilege","NT SERVICE\WdiServiceHost","S-1-5-80-3139157870-2983391045-3678747466-658725712-1809340420"
"412","ML1SWHDNPS01","55","9/14/2026 10:48:53 PM","SeAssignPrimaryTokenPrivilege","NT AUTHORITY\LOCAL SERVICE","S-1-5-19"
"412","ML1SWHDNPS01","55","9/14/2026 10:48:53 PM","SeAssignPrimaryTokenPrivilege","NT AUTHORITY\NETWORK SERVICE","S-1-5-20"
"412","ML1SWHDNPS01","55","9/14/2026 10:48:53 PM","SeRestorePrivilege","BUILTIN\Administrators","S-1-5-32-544"
"412","ML1SWHDNPS01","55","9/14/2026 10:48:53 PM","SeRestorePrivilege","BUILTIN\Backup Operators","S-1-5-32-551"
"412","ML1SWHDNPS01","55","9/14/2026 10:48:53 PM","SeShutdownPrivilege","BUILTIN\Administrators","S-1-5-32-544"
"412","ML1SWHDNPS01","55","9/14/2026 10:48:53 PM","SeTakeOwnershipPrivilege","BUILTIN\Administrators","S-1-5-32-544"
"412","ML1SWHDNPS01","55","9/14/2026 10:48:53 PM","SeDenyBatchLogonRight","BUILTIN\Guests","S-1-5-32-546"
"412","ML1SWHDNPS01","55","9/14/2026 10:48:53 PM","SeDenyServiceLogonRight","BUILTIN\Guests","S-1-5-32-546"
"412","ML1SWHDNPS01","55","9/14/2026 10:48:53 PM","SeDenyInteractiveLogonRight","BUILTIN\Guests","S-1-5-32-546"
"412","ML1SWHDNPS01","55","9/14/2026 10:48:53 PM","SeUndockPrivilege","BUILTIN\Administrators","S-1-5-32-544"
"412","ML1SWHDNPS01","55","9/14/2026 10:48:53 PM","SeManageVolumePrivilege","BUILTIN\Administrators","S-1-5-32-544"
"412","ML1SWHDNPS01","55","9/14/2026 10:48:53 PM","SeRemoteInteractiveLogonRight","BUILTIN\Administrators","S-1-5-32-544"
"412","ML1SWHDNPS01","55","9/14/2026 10:48:53 PM","SeRemoteInteractiveLogonRight","BUILTIN\Remote Desktop Users","S-1-5-32-555"
"412","ML1SWHDNPS01","55","9/14/2026 10:48:53 PM","SeDenyRemoteInteractiveLogonRight","BUILTIN\Guests","S-1-5-32-546"
"412","ML1SWHDNPS01","55","9/14/2026 10:48:53 PM","SeImpersonatePrivilege","NT AUTHORITY\LOCAL SERVICE","S-1-5-19"
"412","ML1SWHDNPS01","55","9/14/2026 10:48:53 PM","SeImpersonatePrivilege","NT AUTHORITY\NETWORK SERVICE","S-1-5-20"
"412","ML1SWHDNPS01","55","9/14/2026 10:48:53 PM","SeImpersonatePrivilege","BUILTIN\Administrators","S-1-5-32-544"
"412","ML1SWHDNPS01","55","9/14/2026 10:48:53 PM","SeImpersonatePrivilege","NT AUTHORITY\SERVICE","S-1-5-6"
"412","ML1SWHDNPS01","55","9/14/2026 10:48:53 PM","SeCreateGlobalPrivilege","NT AUTHORITY\LOCAL SERVICE","S-1-5-19"
"412","ML1SWHDNPS01","55","9/14/2026 10:48:53 PM","SeCreateGlobalPrivilege","NT AUTHORITY\NETWORK SERVICE","S-1-5-20"
"412","ML1SWHDNPS01","55","9/14/2026 10:48:53 PM","SeCreateGlobalPrivilege","BUILTIN\Administrators","S-1-5-32-544"
"412","ML1SWHDNPS01","55","9/14/2026 10:48:53 PM","SeCreateGlobalPrivilege","NT AUTHORITY\SERVICE","S-1-5-6"
"412","ML1SWHDNPS01","55","9/14/2026 10:48:53 PM","SeIncreaseWorkingSetPrivilege","BUILTIN\Users","S-1-5-32-545"
"412","ML1SWHDNPS01","55","9/14/2026 10:48:53 PM","SeTimeZonePrivilege","NT AUTHORITY\LOCAL SERVICE","S-1-5-19"
"412","ML1SWHDNPS01","55","9/14/2026 10:48:53 PM","SeTimeZonePrivilege","BUILTIN\Administrators","S-1-5-32-544"
"412","ML1SWHDNPS01","55","9/14/2026 10:48:53 PM","SeCreateSymbolicLinkPrivilege","BUILTIN\Administrators","S-1-5-32-544"
"412","ML1SWHDNPS01","55","9/14/2026 10:48:53 PM","SeDelegateSessionUserImpersonatePrivilege","BUILTIN\Administrators","S-1-5-32-544"
"424","PX1HWHYPERV02","54","9/14/2026 10:48:54 PM","SeNetworkLogonRight","Everyone","S-1-1-0"
"424","PX1HWHYPERV02","54","9/14/2026 10:48:54 PM","SeNetworkLogonRight","BUILTIN\Administrators","S-1-5-32-544"
"424","PX1HWHYPERV02","54","9/14/2026 10:48:54 PM","SeNetworkLogonRight","BUILTIN\Users","S-1-5-32-545"
"424","PX1HWHYPERV02","54","9/14/2026 10:48:54 PM","SeNetworkLogonRight","BUILTIN\Backup Operators","S-1-5-32-551"
"424","PX1HWHYPERV02","54","9/14/2026 10:48:54 PM","SeBackupPrivilege","BUILTIN\Administrators","S-1-5-32-544"
"424","PX1HWHYPERV02","54","9/14/2026 10:48:54 PM","SeBackupPrivilege","BUILTIN\Backup Operators","S-1-5-32-551"
"424","PX1HWHYPERV02","54","9/14/2026 10:48:54 PM","SeChangeNotifyPrivilege","Everyone","S-1-1-0"
"424","PX1HWHYPERV02","54","9/14/2026 10:48:54 PM","SeChangeNotifyPrivilege","NT AUTHORITY\LOCAL SERVICE","S-1-5-19"
"424","PX1HWHYPERV02","54","9/14/2026 10:48:54 PM","SeChangeNotifyPrivilege","NT AUTHORITY\NETWORK SERVICE","S-1-5-20"
"424","PX1HWHYPERV02","54","9/14/2026 10:48:54 PM","SeChangeNotifyPrivilege","BUILTIN\Administrators","S-1-5-32-544"
"424","PX1HWHYPERV02","54","9/14/2026 10:48:54 PM","SeChangeNotifyPrivilege","BUILTIN\Users","S-1-5-32-545"
"424","PX1HWHYPERV02","54","9/14/2026 10:48:54 PM","SeChangeNotifyPrivilege","BUILTIN\Backup Operators","S-1-5-32-551"
"424","PX1HWHYPERV02","54","9/14/2026 10:48:54 PM","SeSystemtimePrivilege","NT AUTHORITY\LOCAL SERVICE","S-1-5-19"
"424","PX1HWHYPERV02","54","9/14/2026 10:48:54 PM","SeSystemtimePrivilege","BUILTIN\Administrators","S-1-5-32-544"
"424","PX1HWHYPERV02","54","9/14/2026 10:48:54 PM","SeCreatePagefilePrivilege","BUILTIN\Administrators","S-1-5-32-544"
"424","PX1HWHYPERV02","54","9/14/2026 10:48:54 PM","SeDebugPrivilege","BUILTIN\Administrators","S-1-5-32-544"
"424","PX1HWHYPERV02","54","9/14/2026 10:48:54 PM","SeRemoteShutdownPrivilege","BUILTIN\Administrators","S-1-5-32-544"
"424","PX1HWHYPERV02","54","9/14/2026 10:48:54 PM","SeAuditPrivilege","NT AUTHORITY\LOCAL SERVICE","S-1-5-19"
"424","PX1HWHYPERV02","54","9/14/2026 10:48:54 PM","SeAuditPrivilege","NT AUTHORITY\NETWORK SERVICE","S-1-5-20"
"424","PX1HWHYPERV02","54","9/14/2026 10:48:54 PM","SeIncreaseQuotaPrivilege","NT AUTHORITY\LOCAL SERVICE","S-1-5-19"
"424","PX1HWHYPERV02","54","9/14/2026 10:48:54 PM","SeIncreaseQuotaPrivilege","NT AUTHORITY\NETWORK SERVICE","S-1-5-20"
"424","PX1HWHYPERV02","54","9/14/2026 10:48:54 PM","SeIncreaseQuotaPrivilege","BUILTIN\Administrators","S-1-5-32-544"
"424","PX1HWHYPERV02","54","9/14/2026 10:48:54 PM","SeIncreaseBasePriorityPrivilege","BUILTIN\Administrators","S-1-5-32-544"
"424","PX1HWHYPERV02","54","9/14/2026 10:48:54 PM","SeIncreaseBasePriorityPrivilege","S-1-5-90-0","S-1-5-90-0"
"424","PX1HWHYPERV02","54","9/14/2026 10:48:54 PM","SeLoadDriverPrivilege","BUILTIN\Administrators","S-1-5-32-544"
"424","PX1HWHYPERV02","54","9/14/2026 10:48:54 PM","SeBatchLogonRight","BUILTIN\Administrators","S-1-5-32-544"
"424","PX1HWHYPERV02","54","9/14/2026 10:48:54 PM","SeBatchLogonRight","BUILTIN\Backup Operators","S-1-5-32-551"
"424","PX1HWHYPERV02","54","9/14/2026 10:48:54 PM","SeBatchLogonRight","BUILTIN\Performance Log Users","S-1-5-32-559"
"424","PX1HWHYPERV02","54","9/14/2026 10:48:54 PM","SeServiceLogonRight","NT SERVICE\ALL SERVICES","S-1-5-80-0"
"424","PX1HWHYPERV02","54","9/14/2026 10:48:54 PM","SeServiceLogonRight","NT SERVICE\himds","S-1-5-80-4215458991-2034252225-2287069555-1155419622-2701885083"
"424","PX1HWHYPERV02","54","9/14/2026 10:48:54 PM","SeServiceLogonRight","NT VIRTUAL MACHINE\Virtual Machines","S-1-5-83-0"
"424","PX1HWHYPERV02","54","9/14/2026 10:48:54 PM","SeInteractiveLogonRight","BUILTIN\Administrators","S-1-5-32-544"
"424","PX1HWHYPERV02","54","9/14/2026 10:48:54 PM","SeInteractiveLogonRight","BUILTIN\Users","S-1-5-32-545"
"424","PX1HWHYPERV02","54","9/14/2026 10:48:54 PM","SeInteractiveLogonRight","BUILTIN\Backup Operators","S-1-5-32-551"
"424","PX1HWHYPERV02","54","9/14/2026 10:48:54 PM","SeSecurityPrivilege","BUILTIN\Administrators","S-1-5-32-544"
"424","PX1HWHYPERV02","54","9/14/2026 10:48:54 PM","SeSystemEnvironmentPrivilege","BUILTIN\Administrators","S-1-5-32-544"
"424","PX1HWHYPERV02","54","9/14/2026 10:48:54 PM","SeProfileSingleProcessPrivilege","BUILTIN\Administrators","S-1-5-32-544"
"424","PX1HWHYPERV02","54","9/14/2026 10:48:54 PM","SeSystemProfilePrivilege","BUILTIN\Administrators","S-1-5-32-544"
"424","PX1HWHYPERV02","54","9/14/2026 10:48:54 PM","SeSystemProfilePrivilege","NT SERVICE\WdiServiceHost","S-1-5-80-3139157870-2983391045-3678747466-658725712-1809340420"
"424","PX1HWHYPERV02","54","9/14/2026 10:48:54 PM","SeAssignPrimaryTokenPrivilege","NT AUTHORITY\LOCAL SERVICE","S-1-5-19"
"424","PX1HWHYPERV02","54","9/14/2026 10:48:54 PM","SeAssignPrimaryTokenPrivilege","NT AUTHORITY\NETWORK SERVICE","S-1-5-20"
"424","PX1HWHYPERV02","54","9/14/2026 10:48:54 PM","SeRestorePrivilege","BUILTIN\Administrators","S-1-5-32-544"
"424","PX1HWHYPERV02","54","9/14/2026 10:48:54 PM","SeRestorePrivilege","BUILTIN\Backup Operators","S-1-5-32-551"
"424","PX1HWHYPERV02","54","9/14/2026 10:48:54 PM","SeShutdownPrivilege","BUILTIN\Administrators","S-1-5-32-544"
"424","PX1HWHYPERV02","54","9/14/2026 10:48:54 PM","SeShutdownPrivilege","BUILTIN\Backup Operators","S-1-5-32-551"
"424","PX1HWHYPERV02","54","9/14/2026 10:48:54 PM","SeTakeOwnershipPrivilege","BUILTIN\Administrators","S-1-5-32-544"
"424","PX1HWHYPERV02","54","9/14/2026 10:48:54 PM","SeDenyInteractiveLogonRight","CLIUSR","CLIUSR"
"424","PX1HWHYPERV02","54","9/14/2026 10:48:54 PM","SeUndockPrivilege","BUILTIN\Administrators","S-1-5-32-544"
"424","PX1HWHYPERV02","54","9/14/2026 10:48:54 PM","SeManageVolumePrivilege","BUILTIN\Administrators","S-1-5-32-544"
"424","PX1HWHYPERV02","54","9/14/2026 10:48:54 PM","SeRemoteInteractiveLogonRight","BUILTIN\Administrators","S-1-5-32-544"
"424","PX1HWHYPERV02","54","9/14/2026 10:48:54 PM","SeRemoteInteractiveLogonRight","BUILTIN\Remote Desktop Users","S-1-5-32-555"
"424","PX1HWHYPERV02","54","9/14/2026 10:48:54 PM","SeDenyRemoteInteractiveLogonRight","CLIUSR","CLIUSR"
"424","PX1HWHYPERV02","54","9/14/2026 10:48:54 PM","SeImpersonatePrivilege","NT AUTHORITY\LOCAL SERVICE","S-1-5-19"
"424","PX1HWHYPERV02","54","9/14/2026 10:48:54 PM","SeImpersonatePrivilege","NT AUTHORITY\NETWORK SERVICE","S-1-5-20"
"424","PX1HWHYPERV02","54","9/14/2026 10:48:54 PM","SeImpersonatePrivilege","BUILTIN\Administrators","S-1-5-32-544"
"424","PX1HWHYPERV02","54","9/14/2026 10:48:54 PM","SeImpersonatePrivilege","NT AUTHORITY\SERVICE","S-1-5-6"
"424","PX1HWHYPERV02","54","9/14/2026 10:48:54 PM","SeCreateGlobalPrivilege","NT AUTHORITY\LOCAL SERVICE","S-1-5-19"
"424","PX1HWHYPERV02","54","9/14/2026 10:48:54 PM","SeCreateGlobalPrivilege","NT AUTHORITY\NETWORK SERVICE","S-1-5-20"
"424","PX1HWHYPERV02","54","9/14/2026 10:48:54 PM","SeCreateGlobalPrivilege","BUILTIN\Administrators","S-1-5-32-544"
"424","PX1HWHYPERV02","54","9/14/2026 10:48:54 PM","SeCreateGlobalPrivilege","NT AUTHORITY\SERVICE","S-1-5-6"
"424","PX1HWHYPERV02","54","9/14/2026 10:48:54 PM","SeIncreaseWorkingSetPrivilege","BUILTIN\Users","S-1-5-32-545"
"424","PX1HWHYPERV02","54","9/14/2026 10:48:54 PM","SeTimeZonePrivilege","NT AUTHORITY\LOCAL SERVICE","S-1-5-19"
"424","PX1HWHYPERV02","54","9/14/2026 10:48:54 PM","SeTimeZonePrivilege","BUILTIN\Administrators","S-1-5-32-544"
"424","PX1HWHYPERV02","54","9/14/2026 10:48:54 PM","SeCreateSymbolicLinkPrivilege","BUILTIN\Administrators","S-1-5-32-544"
"424","PX1HWHYPERV02","54","9/14/2026 10:48:54 PM","SeCreateSymbolicLinkPrivilege","NT VIRTUAL MACHINE\Virtual Machines","S-1-5-83-0"
"424","PX1HWHYPERV02","54","9/14/2026 10:48:54 PM","SeDelegateSessionUserImpersonatePrivilege","BUILTIN\Administrators","S-1-5-32-544"
"427","PX1SWNPS02","55","9/14/2026 10:48:56 PM","SeNetworkLogonRight","Everyone","S-1-1-0"
"427","PX1SWNPS02","55","9/14/2026 10:48:56 PM","SeNetworkLogonRight","BUILTIN\Administrators","S-1-5-32-544"
"427","PX1SWNPS02","55","9/14/2026 10:48:56 PM","SeNetworkLogonRight","BUILTIN\Users","S-1-5-32-545"
"427","PX1SWNPS02","55","9/14/2026 10:48:56 PM","SeNetworkLogonRight","BUILTIN\Backup Operators","S-1-5-32-551"
"427","PX1SWNPS02","55","9/14/2026 10:48:56 PM","SeBackupPrivilege","BUILTIN\Administrators","S-1-5-32-544"
"427","PX1SWNPS02","55","9/14/2026 10:48:56 PM","SeBackupPrivilege","BUILTIN\Backup Operators","S-1-5-32-551"
"427","PX1SWNPS02","55","9/14/2026 10:48:56 PM","SeChangeNotifyPrivilege","Everyone","S-1-1-0"
"427","PX1SWNPS02","55","9/14/2026 10:48:56 PM","SeChangeNotifyPrivilege","NT AUTHORITY\LOCAL SERVICE","S-1-5-19"
"427","PX1SWNPS02","55","9/14/2026 10:48:56 PM","SeChangeNotifyPrivilege","NT AUTHORITY\NETWORK SERVICE","S-1-5-20"
"427","PX1SWNPS02","55","9/14/2026 10:48:56 PM","SeChangeNotifyPrivilege","BUILTIN\Administrators","S-1-5-32-544"
"427","PX1SWNPS02","55","9/14/2026 10:48:56 PM","SeChangeNotifyPrivilege","BUILTIN\Users","S-1-5-32-545"
"427","PX1SWNPS02","55","9/14/2026 10:48:56 PM","SeChangeNotifyPrivilege","BUILTIN\Backup Operators","S-1-5-32-551"
"427","PX1SWNPS02","55","9/14/2026 10:48:56 PM","SeSystemtimePrivilege","NT AUTHORITY\LOCAL SERVICE","S-1-5-19"
"427","PX1SWNPS02","55","9/14/2026 10:48:56 PM","SeSystemtimePrivilege","BUILTIN\Administrators","S-1-5-32-544"
"427","PX1SWNPS02","55","9/14/2026 10:48:56 PM","SeCreatePagefilePrivilege","BUILTIN\Administrators","S-1-5-32-544"
"427","PX1SWNPS02","55","9/14/2026 10:48:56 PM","SeDebugPrivilege","BUILTIN\Administrators","S-1-5-32-544"
"427","PX1SWNPS02","55","9/14/2026 10:48:56 PM","SeRemoteShutdownPrivilege","BUILTIN\Administrators","S-1-5-32-544"
"427","PX1SWNPS02","55","9/14/2026 10:48:56 PM","SeAuditPrivilege","NT AUTHORITY\LOCAL SERVICE","S-1-5-19"
"427","PX1SWNPS02","55","9/14/2026 10:48:56 PM","SeAuditPrivilege","NT AUTHORITY\NETWORK SERVICE","S-1-5-20"
"427","PX1SWNPS02","55","9/14/2026 10:48:56 PM","SeIncreaseQuotaPrivilege","NT AUTHORITY\LOCAL SERVICE","S-1-5-19"
"427","PX1SWNPS02","55","9/14/2026 10:48:56 PM","SeIncreaseQuotaPrivilege","NT AUTHORITY\NETWORK SERVICE","S-1-5-20"
"427","PX1SWNPS02","55","9/14/2026 10:48:56 PM","SeIncreaseQuotaPrivilege","BUILTIN\Administrators","S-1-5-32-544"
"427","PX1SWNPS02","55","9/14/2026 10:48:56 PM","SeIncreaseBasePriorityPrivilege","BUILTIN\Administrators","S-1-5-32-544"
"427","PX1SWNPS02","55","9/14/2026 10:48:56 PM","SeIncreaseBasePriorityPrivilege","Window Manager\Window Manager Group","S-1-5-90-0"
"427","PX1SWNPS02","55","9/14/2026 10:48:56 PM","SeLoadDriverPrivilege","BUILTIN\Administrators","S-1-5-32-544"
"427","PX1SWNPS02","55","9/14/2026 10:48:56 PM","SeBatchLogonRight","BUILTIN\Administrators","S-1-5-32-544"
"427","PX1SWNPS02","55","9/14/2026 10:48:56 PM","SeBatchLogonRight","BUILTIN\Backup Operators","S-1-5-32-551"
"427","PX1SWNPS02","55","9/14/2026 10:48:56 PM","SeBatchLogonRight","BUILTIN\Performance Log Users","S-1-5-32-559"
"427","PX1SWNPS02","55","9/14/2026 10:48:56 PM","SeServiceLogonRight","NT SERVICE\ALL SERVICES","S-1-5-80-0"
"427","PX1SWNPS02","55","9/14/2026 10:48:56 PM","SeServiceLogonRight","NT SERVICE\himds","S-1-5-80-4215458991-2034252225-2287069555-1155419622-2701885083"
"427","PX1SWNPS02","55","9/14/2026 10:48:56 PM","SeInteractiveLogonRight","BUILTIN\Administrators","S-1-5-32-544"
"427","PX1SWNPS02","55","9/14/2026 10:48:56 PM","SeSecurityPrivilege","BUILTIN\Administrators","S-1-5-32-544"
"427","PX1SWNPS02","55","9/14/2026 10:48:56 PM","SeSystemEnvironmentPrivilege","BUILTIN\Administrators","S-1-5-32-544"
"427","PX1SWNPS02","55","9/14/2026 10:48:56 PM","SeProfileSingleProcessPrivilege","BUILTIN\Administrators","S-1-5-32-544"
"427","PX1SWNPS02","55","9/14/2026 10:48:56 PM","SeSystemProfilePrivilege","BUILTIN\Administrators","S-1-5-32-544"
"427","PX1SWNPS02","55","9/14/2026 10:48:56 PM","SeSystemProfilePrivilege","NT SERVICE\WdiServiceHost","S-1-5-80-3139157870-2983391045-3678747466-658725712-1809340420"
"427","PX1SWNPS02","55","9/14/2026 10:48:56 PM","SeAssignPrimaryTokenPrivilege","NT AUTHORITY\LOCAL SERVICE","S-1-5-19"
"427","PX1SWNPS02","55","9/14/2026 10:48:56 PM","SeAssignPrimaryTokenPrivilege","NT AUTHORITY\NETWORK SERVICE","S-1-5-20"
"427","PX1SWNPS02","55","9/14/2026 10:48:56 PM","SeRestorePrivilege","BUILTIN\Administrators","S-1-5-32-544"
"427","PX1SWNPS02","55","9/14/2026 10:48:56 PM","SeRestorePrivilege","BUILTIN\Backup Operators","S-1-5-32-551"
"427","PX1SWNPS02","55","9/14/2026 10:48:56 PM","SeShutdownPrivilege","BUILTIN\Administrators","S-1-5-32-544"
"427","PX1SWNPS02","55","9/14/2026 10:48:56 PM","SeTakeOwnershipPrivilege","BUILTIN\Administrators","S-1-5-32-544"
"427","PX1SWNPS02","55","9/14/2026 10:48:56 PM","SeDenyBatchLogonRight","BUILTIN\Guests","S-1-5-32-546"
"427","PX1SWNPS02","55","9/14/2026 10:48:56 PM","SeDenyServiceLogonRight","BUILTIN\Guests","S-1-5-32-546"
"427","PX1SWNPS02","55","9/14/2026 10:48:56 PM","SeDenyInteractiveLogonRight","BUILTIN\Guests","S-1-5-32-546"
"427","PX1SWNPS02","55","9/14/2026 10:48:56 PM","SeUndockPrivilege","BUILTIN\Administrators","S-1-5-32-544"
"427","PX1SWNPS02","55","9/14/2026 10:48:56 PM","SeManageVolumePrivilege","BUILTIN\Administrators","S-1-5-32-544"
"427","PX1SWNPS02","55","9/14/2026 10:48:56 PM","SeRemoteInteractiveLogonRight","BUILTIN\Administrators","S-1-5-32-544"
"427","PX1SWNPS02","55","9/14/2026 10:48:56 PM","SeRemoteInteractiveLogonRight","BUILTIN\Remote Desktop Users","S-1-5-32-555"
"427","PX1SWNPS02","55","9/14/2026 10:48:56 PM","SeDenyRemoteInteractiveLogonRight","BUILTIN\Guests","S-1-5-32-546"
"427","PX1SWNPS02","55","9/14/2026 10:48:56 PM","SeImpersonatePrivilege","NT AUTHORITY\LOCAL SERVICE","S-1-5-19"
"427","PX1SWNPS02","55","9/14/2026 10:48:56 PM","SeImpersonatePrivilege","NT AUTHORITY\NETWORK SERVICE","S-1-5-20"
"427","PX1SWNPS02","55","9/14/2026 10:48:56 PM","SeImpersonatePrivilege","BUILTIN\Administrators","S-1-5-32-544"
"427","PX1SWNPS02","55","9/14/2026 10:48:56 PM","SeImpersonatePrivilege","NT AUTHORITY\SERVICE","S-1-5-6"
"427","PX1SWNPS02","55","9/14/2026 10:48:56 PM","SeCreateGlobalPrivilege","NT AUTHORITY\LOCAL SERVICE","S-1-5-19"
"427","PX1SWNPS02","55","9/14/2026 10:48:56 PM","SeCreateGlobalPrivilege","NT AUTHORITY\NETWORK SERVICE","S-1-5-20"
"427","PX1SWNPS02","55","9/14/2026 10:48:56 PM","SeCreateGlobalPrivilege","BUILTIN\Administrators","S-1-5-32-544"
"427","PX1SWNPS02","55","9/14/2026 10:48:56 PM","SeCreateGlobalPrivilege","NT AUTHORITY\SERVICE","S-1-5-6"
"427","PX1SWNPS02","55","9/14/2026 10:48:56 PM","SeIncreaseWorkingSetPrivilege","BUILTIN\Users","S-1-5-32-545"
"427","PX1SWNPS02","55","9/14/2026 10:48:56 PM","SeTimeZonePrivilege","NT AUTHORITY\LOCAL SERVICE","S-1-5-19"
"427","PX1SWNPS02","55","9/14/2026 10:48:56 PM","SeTimeZonePrivilege","BUILTIN\Administrators","S-1-5-32-544"
"427","PX1SWNPS02","55","9/14/2026 10:48:56 PM","SeCreateSymbolicLinkPrivilege","BUILTIN\Administrators","S-1-5-32-544"
"427","PX1SWNPS02","55","9/14/2026 10:48:56 PM","SeDelegateSessionUserImpersonatePrivilege","BUILTIN\Administrators","S-1-5-32-544"
"779","CL1SWLICENSE001","54","9/14/2026 10:48:59 PM","SeNetworkLogonRight","Everyone","S-1-1-0"
"779","CL1SWLICENSE001","54","9/14/2026 10:48:59 PM","SeNetworkLogonRight","BUILTIN\Administrators","S-1-5-32-544"
"779","CL1SWLICENSE001","54","9/14/2026 10:48:59 PM","SeNetworkLogonRight","BUILTIN\Users","S-1-5-32-545"
"779","CL1SWLICENSE001","54","9/14/2026 10:48:59 PM","SeNetworkLogonRight","BUILTIN\Backup Operators","S-1-5-32-551"
"779","CL1SWLICENSE001","54","9/14/2026 10:48:59 PM","SeBackupPrivilege","BUILTIN\Administrators","S-1-5-32-544"
"779","CL1SWLICENSE001","54","9/14/2026 10:48:59 PM","SeBackupPrivilege","BUILTIN\Backup Operators","S-1-5-32-551"
"779","CL1SWLICENSE001","54","9/14/2026 10:48:59 PM","SeChangeNotifyPrivilege","Everyone","S-1-1-0"
"779","CL1SWLICENSE001","54","9/14/2026 10:48:59 PM","SeChangeNotifyPrivilege","NT AUTHORITY\LOCAL SERVICE","S-1-5-19"
"779","CL1SWLICENSE001","54","9/14/2026 10:48:59 PM","SeChangeNotifyPrivilege","NT AUTHORITY\NETWORK SERVICE","S-1-5-20"
"779","CL1SWLICENSE001","54","9/14/2026 10:48:59 PM","SeChangeNotifyPrivilege","BUILTIN\Administrators","S-1-5-32-544"
"779","CL1SWLICENSE001","54","9/14/2026 10:48:59 PM","SeChangeNotifyPrivilege","BUILTIN\Users","S-1-5-32-545"
"779","CL1SWLICENSE001","54","9/14/2026 10:48:59 PM","SeChangeNotifyPrivilege","BUILTIN\Backup Operators","S-1-5-32-551"
"779","CL1SWLICENSE001","54","9/14/2026 10:48:59 PM","SeSystemtimePrivilege","NT AUTHORITY\LOCAL SERVICE","S-1-5-19"
"779","CL1SWLICENSE001","54","9/14/2026 10:48:59 PM","SeSystemtimePrivilege","BUILTIN\Administrators","S-1-5-32-544"
"779","CL1SWLICENSE001","54","9/14/2026 10:48:59 PM","SeCreatePagefilePrivilege","BUILTIN\Administrators","S-1-5-32-544"
"779","CL1SWLICENSE001","54","9/14/2026 10:48:59 PM","SeDebugPrivilege","BUILTIN\Administrators","S-1-5-32-544"
"779","CL1SWLICENSE001","54","9/14/2026 10:48:59 PM","SeRemoteShutdownPrivilege","BUILTIN\Administrators","S-1-5-32-544"
"779","CL1SWLICENSE001","54","9/14/2026 10:48:59 PM","SeAuditPrivilege","NT AUTHORITY\LOCAL SERVICE","S-1-5-19"
"779","CL1SWLICENSE001","54","9/14/2026 10:48:59 PM","SeAuditPrivilege","NT AUTHORITY\NETWORK SERVICE","S-1-5-20"
"779","CL1SWLICENSE001","54","9/14/2026 10:48:59 PM","SeAuditPrivilege","IIS APPPOOL\Classic .NET AppPool","S-1-5-82-1036420768-1044797643-1061213386-2937092688-4282445334"
"779","CL1SWLICENSE001","54","9/14/2026 10:48:59 PM","SeAuditPrivilege","IIS APPPOOL\.NET v4.5","S-1-5-82-271721585-897601226-2024613209-625570482-296978595"
"779","CL1SWLICENSE001","54","9/14/2026 10:48:59 PM","SeAuditPrivilege","IIS APPPOOL\DefaultAppPool","S-1-5-82-3006700770-424185619-1745488364-794895919-4004696415"
"779","CL1SWLICENSE001","54","9/14/2026 10:48:59 PM","SeAuditPrivilege","IIS APPPOOL\.NET v2.0","S-1-5-82-3682073875-1643277370-2842298652-3532359455-2406259117"
"779","CL1SWLICENSE001","54","9/14/2026 10:48:59 PM","SeAuditPrivilege","IIS APPPOOL\.NET v4.5 Classic","S-1-5-82-3876422241-1344743610-1729199087-774402673-2621913236"
"779","CL1SWLICENSE001","54","9/14/2026 10:48:59 PM","SeAuditPrivilege","IIS APPPOOL\.NET v2.0 Classic","S-1-5-82-4068219030-1673637257-3279585211-533386110-4122969689"
"779","CL1SWLICENSE001","54","9/14/2026 10:48:59 PM","SeIncreaseQuotaPrivilege","NT AUTHORITY\LOCAL SERVICE","S-1-5-19"
"779","CL1SWLICENSE001","54","9/14/2026 10:48:59 PM","SeIncreaseQuotaPrivilege","NT AUTHORITY\NETWORK SERVICE","S-1-5-20"
"779","CL1SWLICENSE001","54","9/14/2026 10:48:59 PM","SeIncreaseQuotaPrivilege","BUILTIN\Administrators","S-1-5-32-544"
"779","CL1SWLICENSE001","54","9/14/2026 10:48:59 PM","SeIncreaseQuotaPrivilege","IIS APPPOOL\Classic .NET AppPool","S-1-5-82-1036420768-1044797643-1061213386-2937092688-4282445334"
"779","CL1SWLICENSE001","54","9/14/2026 10:48:59 PM","SeIncreaseQuotaPrivilege","IIS APPPOOL\.NET v4.5","S-1-5-82-271721585-897601226-2024613209-625570482-296978595"
"779","CL1SWLICENSE001","54","9/14/2026 10:48:59 PM","SeIncreaseQuotaPrivilege","IIS APPPOOL\DefaultAppPool","S-1-5-82-3006700770-424185619-1745488364-794895919-4004696415"
"779","CL1SWLICENSE001","54","9/14/2026 10:48:59 PM","SeIncreaseQuotaPrivilege","IIS APPPOOL\.NET v2.0","S-1-5-82-3682073875-1643277370-2842298652-3532359455-2406259117"
"779","CL1SWLICENSE001","54","9/14/2026 10:48:59 PM","SeIncreaseQuotaPrivilege","IIS APPPOOL\.NET v4.5 Classic","S-1-5-82-3876422241-1344743610-1729199087-774402673-2621913236"
"779","CL1SWLICENSE001","54","9/14/2026 10:48:59 PM","SeIncreaseQuotaPrivilege","IIS APPPOOL\.NET v2.0 Classic","S-1-5-82-4068219030-1673637257-3279585211-533386110-4122969689"
"779","CL1SWLICENSE001","54","9/14/2026 10:48:59 PM","SeIncreaseBasePriorityPrivilege","BUILTIN\Administrators","S-1-5-32-544"
"779","CL1SWLICENSE001","54","9/14/2026 10:48:59 PM","SeIncreaseBasePriorityPrivilege","Window Manager\Window Manager Group","S-1-5-90-0"
"779","CL1SWLICENSE001","54","9/14/2026 10:48:59 PM","SeLoadDriverPrivilege","BUILTIN\Administrators","S-1-5-32-544"
"779","CL1SWLICENSE001","54","9/14/2026 10:48:59 PM","SeBatchLogonRight","BUILTIN\Administrators","S-1-5-32-544"
"779","CL1SWLICENSE001","54","9/14/2026 10:48:59 PM","SeBatchLogonRight","BUILTIN\Backup Operators","S-1-5-32-551"
"779","CL1SWLICENSE001","54","9/14/2026 10:48:59 PM","SeBatchLogonRight","BUILTIN\Performance Log Users","S-1-5-32-559"
"779","CL1SWLICENSE001","54","9/14/2026 10:48:59 PM","SeBatchLogonRight","BUILTIN\IIS_IUSRS","S-1-5-32-568"
"779","CL1SWLICENSE001","54","9/14/2026 10:48:59 PM","SeServiceLogonRight","NT SERVICE\ALL SERVICES","S-1-5-80-0"
"779","CL1SWLICENSE001","54","9/14/2026 10:48:59 PM","SeServiceLogonRight","IIS APPPOOL\Classic .NET AppPool","S-1-5-82-1036420768-1044797643-1061213386-2937092688-4282445334"
"779","CL1SWLICENSE001","54","9/14/2026 10:48:59 PM","SeServiceLogonRight","IIS APPPOOL\.NET v4.5","S-1-5-82-271721585-897601226-2024613209-625570482-296978595"
"779","CL1SWLICENSE001","54","9/14/2026 10:48:59 PM","SeServiceLogonRight","IIS APPPOOL\DefaultAppPool","S-1-5-82-3006700770-424185619-1745488364-794895919-4004696415"
"779","CL1SWLICENSE001","54","9/14/2026 10:48:59 PM","SeServiceLogonRight","IIS APPPOOL\.NET v2.0","S-1-5-82-3682073875-1643277370-2842298652-3532359455-2406259117"
"779","CL1SWLICENSE001","54","9/14/2026 10:48:59 PM","SeServiceLogonRight","IIS APPPOOL\.NET v4.5 Classic","S-1-5-82-3876422241-1344743610-1729199087-774402673-2621913236"
"779","CL1SWLICENSE001","54","9/14/2026 10:48:59 PM","SeServiceLogonRight","IIS APPPOOL\.NET v2.0 Classic","S-1-5-82-4068219030-1673637257-3279585211-533386110-4122969689"
"779","CL1SWLICENSE001","54","9/14/2026 10:48:59 PM","SeInteractiveLogonRight","BUILTIN\Administrators","S-1-5-32-544"
"779","CL1SWLICENSE001","54","9/14/2026 10:48:59 PM","SeSecurityPrivilege","BUILTIN\Administrators","S-1-5-32-544"
"779","CL1SWLICENSE001","54","9/14/2026 10:48:59 PM","SeSystemEnvironmentPrivilege","BUILTIN\Administrators","S-1-5-32-544"
"779","CL1SWLICENSE001","54","9/14/2026 10:48:59 PM","SeProfileSingleProcessPrivilege","BUILTIN\Administrators","S-1-5-32-544"
"779","CL1SWLICENSE001","54","9/14/2026 10:48:59 PM","SeSystemProfilePrivilege","BUILTIN\Administrators","S-1-5-32-544"
"779","CL1SWLICENSE001","54","9/14/2026 10:48:59 PM","SeSystemProfilePrivilege","NT SERVICE\WdiServiceHost","S-1-5-80-3139157870-2983391045-3678747466-658725712-1809340420"
"779","CL1SWLICENSE001","54","9/14/2026 10:48:59 PM","SeAssignPrimaryTokenPrivilege","NT AUTHORITY\LOCAL SERVICE","S-1-5-19"
"779","CL1SWLICENSE001","54","9/14/2026 10:48:59 PM","SeAssignPrimaryTokenPrivilege","NT AUTHORITY\NETWORK SERVICE","S-1-5-20"
"779","CL1SWLICENSE001","54","9/14/2026 10:48:59 PM","SeAssignPrimaryTokenPrivilege","IIS APPPOOL\Classic .NET AppPool","S-1-5-82-1036420768-1044797643-1061213386-2937092688-4282445334"
"779","CL1SWLICENSE001","54","9/14/2026 10:48:59 PM","SeAssignPrimaryTokenPrivilege","IIS APPPOOL\.NET v4.5","S-1-5-82-271721585-897601226-2024613209-625570482-296978595"
"779","CL1SWLICENSE001","54","9/14/2026 10:48:59 PM","SeAssignPrimaryTokenPrivilege","IIS APPPOOL\DefaultAppPool","S-1-5-82-3006700770-424185619-1745488364-794895919-4004696415"
"779","CL1SWLICENSE001","54","9/14/2026 10:48:59 PM","SeAssignPrimaryTokenPrivilege","IIS APPPOOL\.NET v2.0","S-1-5-82-3682073875-1643277370-2842298652-3532359455-2406259117"
"779","CL1SWLICENSE001","54","9/14/2026 10:48:59 PM","SeAssignPrimaryTokenPrivilege","IIS APPPOOL\.NET v4.5 Classic","S-1-5-82-3876422241-1344743610-1729199087-774402673-2621913236"
"779","CL1SWLICENSE001","54","9/14/2026 10:48:59 PM","SeAssignPrimaryTokenPrivilege","IIS APPPOOL\.NET v2.0 Classic","S-1-5-82-4068219030-1673637257-3279585211-533386110-4122969689"
"779","CL1SWLICENSE001","54","9/14/2026 10:48:59 PM","SeRestorePrivilege","BUILTIN\Administrators","S-1-5-32-544"
"779","CL1SWLICENSE001","54","9/14/2026 10:48:59 PM","SeRestorePrivilege","BUILTIN\Backup Operators","S-1-5-32-551"
"779","CL1SWLICENSE001","54","9/14/2026 10:48:59 PM","SeShutdownPrivilege","BUILTIN\Administrators","S-1-5-32-544"
"779","CL1SWLICENSE001","54","9/14/2026 10:48:59 PM","SeTakeOwnershipPrivilege","BUILTIN\Administrators","S-1-5-32-544"
"779","CL1SWLICENSE001","54","9/14/2026 10:48:59 PM","SeDenyBatchLogonRight","BUILTIN\Guests","S-1-5-32-546"
"779","CL1SWLICENSE001","54","9/14/2026 10:48:59 PM","SeDenyServiceLogonRight","BUILTIN\Guests","S-1-5-32-546"
"779","CL1SWLICENSE001","54","9/14/2026 10:48:59 PM","SeDenyInteractiveLogonRight","BUILTIN\Guests","S-1-5-32-546"
"779","CL1SWLICENSE001","54","9/14/2026 10:48:59 PM","SeUndockPrivilege","BUILTIN\Administrators","S-1-5-32-544"
"779","CL1SWLICENSE001","54","9/14/2026 10:48:59 PM","SeManageVolumePrivilege","BUILTIN\Administrators","S-1-5-32-544"
"779","CL1SWLICENSE001","54","9/14/2026 10:48:59 PM","SeRemoteInteractiveLogonRight","BUILTIN\Administrators","S-1-5-32-544"
"779","CL1SWLICENSE001","54","9/14/2026 10:48:59 PM","SeRemoteInteractiveLogonRight","BUILTIN\Remote Desktop Users","S-1-5-32-555"
"779","CL1SWLICENSE001","54","9/14/2026 10:48:59 PM","SeDenyRemoteInteractiveLogonRight","BUILTIN\Guests","S-1-5-32-546"
"779","CL1SWLICENSE001","54","9/14/2026 10:48:59 PM","SeImpersonatePrivilege","NT AUTHORITY\LOCAL SERVICE","S-1-5-19"
"779","CL1SWLICENSE001","54","9/14/2026 10:48:59 PM","SeImpersonatePrivilege","NT AUTHORITY\NETWORK SERVICE","S-1-5-20"
"779","CL1SWLICENSE001","54","9/14/2026 10:48:59 PM","SeImpersonatePrivilege","BUILTIN\Administrators","S-1-5-32-544"
"779","CL1SWLICENSE001","54","9/14/2026 10:48:59 PM","SeImpersonatePrivilege","BUILTIN\IIS_IUSRS","S-1-5-32-568"
"779","CL1SWLICENSE001","54","9/14/2026 10:48:59 PM","SeImpersonatePrivilege","NT AUTHORITY\SERVICE","S-1-5-6"
"779","CL1SWLICENSE001","54","9/14/2026 10:48:59 PM","SeCreateGlobalPrivilege","NT AUTHORITY\LOCAL SERVICE","S-1-5-19"
"779","CL1SWLICENSE001","54","9/14/2026 10:48:59 PM","SeCreateGlobalPrivilege","NT AUTHORITY\NETWORK SERVICE","S-1-5-20"
"779","CL1SWLICENSE001","54","9/14/2026 10:48:59 PM","SeCreateGlobalPrivilege","BUILTIN\Administrators","S-1-5-32-544"
"779","CL1SWLICENSE001","54","9/14/2026 10:48:59 PM","SeCreateGlobalPrivilege","NT AUTHORITY\SERVICE","S-1-5-6"
"779","CL1SWLICENSE001","54","9/14/2026 10:48:59 PM","SeIncreaseWorkingSetPrivilege","BUILTIN\Users","S-1-5-32-545"
"779","CL1SWLICENSE001","54","9/14/2026 10:48:59 PM","SeTimeZonePrivilege","NT AUTHORITY\LOCAL SERVICE","S-1-5-19"
"779","CL1SWLICENSE001","54","9/14/2026 10:48:59 PM","SeTimeZonePrivilege","BUILTIN\Administrators","S-1-5-32-544"
"779","CL1SWLICENSE001","54","9/14/2026 10:48:59 PM","SeCreateSymbolicLinkPrivilege","BUILTIN\Administrators","S-1-5-32-544"
"779","CL1SWLICENSE001","54","9/14/2026 10:48:59 PM","SeDelegateSessionUserImpersonatePrivilege","BUILTIN\Administrators","S-1-5-32-544"
"786","CL1SWNPS03","55","9/14/2026 10:49:02 PM","SeNetworkLogonRight","Everyone","S-1-1-0"
"786","CL1SWNPS03","55","9/14/2026 10:49:02 PM","SeNetworkLogonRight","BUILTIN\Administrators","S-1-5-32-544"
"786","CL1SWNPS03","55","9/14/2026 10:49:02 PM","SeNetworkLogonRight","BUILTIN\Users","S-1-5-32-545"
"786","CL1SWNPS03","55","9/14/2026 10:49:02 PM","SeNetworkLogonRight","BUILTIN\Backup Operators","S-1-5-32-551"
"786","CL1SWNPS03","55","9/14/2026 10:49:02 PM","SeBackupPrivilege","BUILTIN\Administrators","S-1-5-32-544"
"786","CL1SWNPS03","55","9/14/2026 10:49:02 PM","SeBackupPrivilege","BUILTIN\Backup Operators","S-1-5-32-551"
"786","CL1SWNPS03","55","9/14/2026 10:49:02 PM","SeChangeNotifyPrivilege","Everyone","S-1-1-0"
"786","CL1SWNPS03","55","9/14/2026 10:49:02 PM","SeChangeNotifyPrivilege","NT AUTHORITY\LOCAL SERVICE","S-1-5-19"
"786","CL1SWNPS03","55","9/14/2026 10:49:02 PM","SeChangeNotifyPrivilege","NT AUTHORITY\NETWORK SERVICE","S-1-5-20"
"786","CL1SWNPS03","55","9/14/2026 10:49:02 PM","SeChangeNotifyPrivilege","BUILTIN\Administrators","S-1-5-32-544"
"786","CL1SWNPS03","55","9/14/2026 10:49:02 PM","SeChangeNotifyPrivilege","BUILTIN\Users","S-1-5-32-545"
"786","CL1SWNPS03","55","9/14/2026 10:49:02 PM","SeChangeNotifyPrivilege","BUILTIN\Backup Operators","S-1-5-32-551"
"786","CL1SWNPS03","55","9/14/2026 10:49:02 PM","SeSystemtimePrivilege","NT AUTHORITY\LOCAL SERVICE","S-1-5-19"
"786","CL1SWNPS03","55","9/14/2026 10:49:02 PM","SeSystemtimePrivilege","BUILTIN\Administrators","S-1-5-32-544"
"786","CL1SWNPS03","55","9/14/2026 10:49:02 PM","SeCreatePagefilePrivilege","BUILTIN\Administrators","S-1-5-32-544"
"786","CL1SWNPS03","55","9/14/2026 10:49:02 PM","SeDebugPrivilege","BUILTIN\Administrators","S-1-5-32-544"
"786","CL1SWNPS03","55","9/14/2026 10:49:02 PM","SeRemoteShutdownPrivilege","BUILTIN\Administrators","S-1-5-32-544"
"786","CL1SWNPS03","55","9/14/2026 10:49:02 PM","SeAuditPrivilege","NT AUTHORITY\LOCAL SERVICE","S-1-5-19"
"786","CL1SWNPS03","55","9/14/2026 10:49:02 PM","SeAuditPrivilege","NT AUTHORITY\NETWORK SERVICE","S-1-5-20"
"786","CL1SWNPS03","55","9/14/2026 10:49:02 PM","SeIncreaseQuotaPrivilege","NT AUTHORITY\LOCAL SERVICE","S-1-5-19"
"786","CL1SWNPS03","55","9/14/2026 10:49:02 PM","SeIncreaseQuotaPrivilege","NT AUTHORITY\NETWORK SERVICE","S-1-5-20"
"786","CL1SWNPS03","55","9/14/2026 10:49:02 PM","SeIncreaseQuotaPrivilege","BUILTIN\Administrators","S-1-5-32-544"
"786","CL1SWNPS03","55","9/14/2026 10:49:02 PM","SeIncreaseBasePriorityPrivilege","BUILTIN\Administrators","S-1-5-32-544"
"786","CL1SWNPS03","55","9/14/2026 10:49:02 PM","SeIncreaseBasePriorityPrivilege","Window Manager\Window Manager Group","S-1-5-90-0"
"786","CL1SWNPS03","55","9/14/2026 10:49:02 PM","SeLoadDriverPrivilege","BUILTIN\Administrators","S-1-5-32-544"
"786","CL1SWNPS03","55","9/14/2026 10:49:02 PM","SeBatchLogonRight","BUILTIN\Administrators","S-1-5-32-544"
"786","CL1SWNPS03","55","9/14/2026 10:49:02 PM","SeBatchLogonRight","BUILTIN\Backup Operators","S-1-5-32-551"
"786","CL1SWNPS03","55","9/14/2026 10:49:02 PM","SeBatchLogonRight","BUILTIN\Performance Log Users","S-1-5-32-559"
"786","CL1SWNPS03","55","9/14/2026 10:49:02 PM","SeServiceLogonRight","NT SERVICE\ALL SERVICES","S-1-5-80-0"
"786","CL1SWNPS03","55","9/14/2026 10:49:02 PM","SeInteractiveLogonRight","BUILTIN\Administrators","S-1-5-32-544"
"786","CL1SWNPS03","55","9/14/2026 10:49:02 PM","SeSecurityPrivilege","BUILTIN\Administrators","S-1-5-32-544"
"786","CL1SWNPS03","55","9/14/2026 10:49:02 PM","SeSystemEnvironmentPrivilege","BUILTIN\Administrators","S-1-5-32-544"
"786","CL1SWNPS03","55","9/14/2026 10:49:02 PM","SeProfileSingleProcessPrivilege","BUILTIN\Administrators","S-1-5-32-544"
"786","CL1SWNPS03","55","9/14/2026 10:49:02 PM","SeSystemProfilePrivilege","BUILTIN\Administrators","S-1-5-32-544"
"786","CL1SWNPS03","55","9/14/2026 10:49:02 PM","SeSystemProfilePrivilege","NT SERVICE\WdiServiceHost","S-1-5-80-3139157870-2983391045-3678747466-658725712-1809340420"
"786","CL1SWNPS03","55","9/14/2026 10:49:02 PM","SeAssignPrimaryTokenPrivilege","NT AUTHORITY\LOCAL SERVICE","S-1-5-19"
"786","CL1SWNPS03","55","9/14/2026 10:49:02 PM","SeAssignPrimaryTokenPrivilege","NT AUTHORITY\NETWORK SERVICE","S-1-5-20"
"786","CL1SWNPS03","55","9/14/2026 10:49:02 PM","SeRestorePrivilege","BUILTIN\Administrators","S-1-5-32-544"
"786","CL1SWNPS03","55","9/14/2026 10:49:02 PM","SeRestorePrivilege","BUILTIN\Backup Operators","S-1-5-32-551"
"786","CL1SWNPS03","55","9/14/2026 10:49:02 PM","SeShutdownPrivilege","BUILTIN\Administrators","S-1-5-32-544"
"786","CL1SWNPS03","55","9/14/2026 10:49:02 PM","SeTakeOwnershipPrivilege","BUILTIN\Administrators","S-1-5-32-544"
"786","CL1SWNPS03","55","9/14/2026 10:49:02 PM","SeDenyBatchLogonRight","BUILTIN\Guests","S-1-5-32-546"
"786","CL1SWNPS03","55","9/14/2026 10:49:02 PM","SeDenyServiceLogonRight","BUILTIN\Guests","S-1-5-32-546"
"786","CL1SWNPS03","55","9/14/2026 10:49:02 PM","SeDenyInteractiveLogonRight","BUILTIN\Guests","S-1-5-32-546"
"786","CL1SWNPS03","55","9/14/2026 10:49:02 PM","SeUndockPrivilege","BUILTIN\Administrators","S-1-5-32-544"
"786","CL1SWNPS03","55","9/14/2026 10:49:02 PM","SeManageVolumePrivilege","BUILTIN\Administrators","S-1-5-32-544"
"786","CL1SWNPS03","55","9/14/2026 10:49:02 PM","SeRemoteInteractiveLogonRight","ConfigMgr Remote Control Users","ConfigMgr Remote Control Users"
"786","CL1SWNPS03","55","9/14/2026 10:49:02 PM","SeRemoteInteractiveLogonRight","BUILTIN\Administrators","S-1-5-32-544"
"786","CL1SWNPS03","55","9/14/2026 10:49:02 PM","SeRemoteInteractiveLogonRight","BUILTIN\Remote Desktop Users","S-1-5-32-555"
"786","CL1SWNPS03","55","9/14/2026 10:49:02 PM","SeDenyRemoteInteractiveLogonRight","BUILTIN\Guests","S-1-5-32-546"
"786","CL1SWNPS03","55","9/14/2026 10:49:02 PM","SeImpersonatePrivilege","NT AUTHORITY\LOCAL SERVICE","S-1-5-19"
"786","CL1SWNPS03","55","9/14/2026 10:49:02 PM","SeImpersonatePrivilege","NT AUTHORITY\NETWORK SERVICE","S-1-5-20"
"786","CL1SWNPS03","55","9/14/2026 10:49:02 PM","SeImpersonatePrivilege","BUILTIN\Administrators","S-1-5-32-544"
"786","CL1SWNPS03","55","9/14/2026 10:49:02 PM","SeImpersonatePrivilege","NT AUTHORITY\SERVICE","S-1-5-6"
"786","CL1SWNPS03","55","9/14/2026 10:49:02 PM","SeCreateGlobalPrivilege","NT AUTHORITY\LOCAL SERVICE","S-1-5-19"
"786","CL1SWNPS03","55","9/14/2026 10:49:02 PM","SeCreateGlobalPrivilege","NT AUTHORITY\NETWORK SERVICE","S-1-5-20"
"786","CL1SWNPS03","55","9/14/2026 10:49:02 PM","SeCreateGlobalPrivilege","BUILTIN\Administrators","S-1-5-32-544"
"786","CL1SWNPS03","55","9/14/2026 10:49:02 PM","SeCreateGlobalPrivilege","NT AUTHORITY\SERVICE","S-1-5-6"
"786","CL1SWNPS03","55","9/14/2026 10:49:02 PM","SeIncreaseWorkingSetPrivilege","BUILTIN\Users","S-1-5-32-545"
"786","CL1SWNPS03","55","9/14/2026 10:49:02 PM","SeTimeZonePrivilege","NT AUTHORITY\LOCAL SERVICE","S-1-5-19"
"786","CL1SWNPS03","55","9/14/2026 10:49:02 PM","SeTimeZonePrivilege","BUILTIN\Administrators","S-1-5-32-544"
"786","CL1SWNPS03","55","9/14/2026 10:49:02 PM","SeCreateSymbolicLinkPrivilege","BUILTIN\Administrators","S-1-5-32-544"
"786","CL1SWNPS03","55","9/14/2026 10:49:02 PM","SeDelegateSessionUserImpersonatePrivilege","BUILTIN\Administrators","S-1-5-32-544"
"2512","PX1SWUPRINT01","54","9/14/2026 10:49:02 PM","SeNetworkLogonRight","Everyone","S-1-1-0"
"2512","PX1SWUPRINT01","54","9/14/2026 10:49:02 PM","SeNetworkLogonRight","BUILTIN\Administrators","S-1-5-32-544"
"2512","PX1SWUPRINT01","54","9/14/2026 10:49:02 PM","SeNetworkLogonRight","BUILTIN\Users","S-1-5-32-545"
"2512","PX1SWUPRINT01","54","9/14/2026 10:49:02 PM","SeNetworkLogonRight","BUILTIN\Backup Operators","S-1-5-32-551"
"2512","PX1SWUPRINT01","54","9/14/2026 10:49:02 PM","SeBackupPrivilege","BUILTIN\Administrators","S-1-5-32-544"
"2512","PX1SWUPRINT01","54","9/14/2026 10:49:02 PM","SeBackupPrivilege","BUILTIN\Backup Operators","S-1-5-32-551"
"2512","PX1SWUPRINT01","54","9/14/2026 10:49:02 PM","SeChangeNotifyPrivilege","Everyone","S-1-1-0"
"2512","PX1SWUPRINT01","54","9/14/2026 10:49:02 PM","SeChangeNotifyPrivilege","NT AUTHORITY\LOCAL SERVICE","S-1-5-19"
"2512","PX1SWUPRINT01","54","9/14/2026 10:49:02 PM","SeChangeNotifyPrivilege","NT AUTHORITY\NETWORK SERVICE","S-1-5-20"
"2512","PX1SWUPRINT01","54","9/14/2026 10:49:02 PM","SeChangeNotifyPrivilege","BUILTIN\Administrators","S-1-5-32-544"
"2512","PX1SWUPRINT01","54","9/14/2026 10:49:02 PM","SeChangeNotifyPrivilege","BUILTIN\Users","S-1-5-32-545"
"2512","PX1SWUPRINT01","54","9/14/2026 10:49:02 PM","SeChangeNotifyPrivilege","BUILTIN\Backup Operators","S-1-5-32-551"
"2512","PX1SWUPRINT01","54","9/14/2026 10:49:02 PM","SeSystemtimePrivilege","NT AUTHORITY\LOCAL SERVICE","S-1-5-19"
"2512","PX1SWUPRINT01","54","9/14/2026 10:49:02 PM","SeSystemtimePrivilege","BUILTIN\Administrators","S-1-5-32-544"
"2512","PX1SWUPRINT01","54","9/14/2026 10:49:02 PM","SeCreatePagefilePrivilege","BUILTIN\Administrators","S-1-5-32-544"
"2512","PX1SWUPRINT01","54","9/14/2026 10:49:02 PM","SeDebugPrivilege","BUILTIN\Administrators","S-1-5-32-544"
"2512","PX1SWUPRINT01","54","9/14/2026 10:49:02 PM","SeRemoteShutdownPrivilege","BUILTIN\Administrators","S-1-5-32-544"
"2512","PX1SWUPRINT01","54","9/14/2026 10:49:02 PM","SeAuditPrivilege","NT AUTHORITY\LOCAL SERVICE","S-1-5-19"
"2512","PX1SWUPRINT01","54","9/14/2026 10:49:02 PM","SeAuditPrivilege","NT AUTHORITY\NETWORK SERVICE","S-1-5-20"
"2512","PX1SWUPRINT01","54","9/14/2026 10:49:02 PM","SeIncreaseQuotaPrivilege","NT AUTHORITY\LOCAL SERVICE","S-1-5-19"
"2512","PX1SWUPRINT01","54","9/14/2026 10:49:02 PM","SeIncreaseQuotaPrivilege","NT AUTHORITY\NETWORK SERVICE","S-1-5-20"
"2512","PX1SWUPRINT01","54","9/14/2026 10:49:02 PM","SeIncreaseQuotaPrivilege","BUILTIN\Administrators","S-1-5-32-544"
"2512","PX1SWUPRINT01","54","9/14/2026 10:49:02 PM","SeIncreaseBasePriorityPrivilege","BUILTIN\Administrators","S-1-5-32-544"
"2512","PX1SWUPRINT01","54","9/14/2026 10:49:02 PM","SeIncreaseBasePriorityPrivilege","Window Manager\Window Manager Group","S-1-5-90-0"
"2512","PX1SWUPRINT01","54","9/14/2026 10:49:02 PM","SeLoadDriverPrivilege","BUILTIN\Administrators","S-1-5-32-544"
"2512","PX1SWUPRINT01","54","9/14/2026 10:49:02 PM","SeBatchLogonRight","BUILTIN\Administrators","S-1-5-32-544"
"2512","PX1SWUPRINT01","54","9/14/2026 10:49:02 PM","SeBatchLogonRight","BUILTIN\Backup Operators","S-1-5-32-551"
"2512","PX1SWUPRINT01","54","9/14/2026 10:49:02 PM","SeBatchLogonRight","BUILTIN\Performance Log Users","S-1-5-32-559"
"2512","PX1SWUPRINT01","54","9/14/2026 10:49:02 PM","SeServiceLogonRight","NT SERVICE\ALL SERVICES","S-1-5-80-0"
"2512","PX1SWUPRINT01","54","9/14/2026 10:49:02 PM","SeServiceLogonRight","NT SERVICE\himds","S-1-5-80-4215458991-2034252225-2287069555-1155419622-2701885083"
"2512","PX1SWUPRINT01","54","9/14/2026 10:49:02 PM","SeInteractiveLogonRight","BUILTIN\Administrators","S-1-5-32-544"
"2512","PX1SWUPRINT01","54","9/14/2026 10:49:02 PM","SeSecurityPrivilege","BUILTIN\Administrators","S-1-5-32-544"
"2512","PX1SWUPRINT01","54","9/14/2026 10:49:02 PM","SeSystemEnvironmentPrivilege","BUILTIN\Administrators","S-1-5-32-544"
"2512","PX1SWUPRINT01","54","9/14/2026 10:49:02 PM","SeProfileSingleProcessPrivilege","BUILTIN\Administrators","S-1-5-32-544"
"2512","PX1SWUPRINT01","54","9/14/2026 10:49:02 PM","SeSystemProfilePrivilege","BUILTIN\Administrators","S-1-5-32-544"
"2512","PX1SWUPRINT01","54","9/14/2026 10:49:02 PM","SeSystemProfilePrivilege","NT SERVICE\WdiServiceHost","S-1-5-80-3139157870-2983391045-3678747466-658725712-1809340420"
"2512","PX1SWUPRINT01","54","9/14/2026 10:49:02 PM","SeAssignPrimaryTokenPrivilege","NT AUTHORITY\LOCAL SERVICE","S-1-5-19"
"2512","PX1SWUPRINT01","54","9/14/2026 10:49:02 PM","SeAssignPrimaryTokenPrivilege","NT AUTHORITY\NETWORK SERVICE","S-1-5-20"
"2512","PX1SWUPRINT01","54","9/14/2026 10:49:02 PM","SeRestorePrivilege","BUILTIN\Administrators","S-1-5-32-544"
"2512","PX1SWUPRINT01","54","9/14/2026 10:49:02 PM","SeRestorePrivilege","BUILTIN\Backup Operators","S-1-5-32-551"
"2512","PX1SWUPRINT01","54","9/14/2026 10:49:02 PM","SeShutdownPrivilege","BUILTIN\Administrators","S-1-5-32-544"
"2512","PX1SWUPRINT01","54","9/14/2026 10:49:02 PM","SeTakeOwnershipPrivilege","BUILTIN\Administrators","S-1-5-32-544"
"2512","PX1SWUPRINT01","54","9/14/2026 10:49:02 PM","SeDenyBatchLogonRight","BUILTIN\Guests","S-1-5-32-546"
"2512","PX1SWUPRINT01","54","9/14/2026 10:49:02 PM","SeDenyServiceLogonRight","BUILTIN\Guests","S-1-5-32-546"
"2512","PX1SWUPRINT01","54","9/14/2026 10:49:02 PM","SeDenyInteractiveLogonRight","BUILTIN\Guests","S-1-5-32-546"
"2512","PX1SWUPRINT01","54","9/14/2026 10:49:02 PM","SeUndockPrivilege","BUILTIN\Administrators","S-1-5-32-544"
"2512","PX1SWUPRINT01","54","9/14/2026 10:49:02 PM","SeManageVolumePrivilege","BUILTIN\Administrators","S-1-5-32-544"
"2512","PX1SWUPRINT01","54","9/14/2026 10:49:02 PM","SeRemoteInteractiveLogonRight","BUILTIN\Administrators","S-1-5-32-544"
"2512","PX1SWUPRINT01","54","9/14/2026 10:49:02 PM","SeRemoteInteractiveLogonRight","BUILTIN\Remote Desktop Users","S-1-5-32-555"
"2512","PX1SWUPRINT01","54","9/14/2026 10:49:02 PM","SeDenyRemoteInteractiveLogonRight","BUILTIN\Guests","S-1-5-32-546"
"2512","PX1SWUPRINT01","54","9/14/2026 10:49:02 PM","SeImpersonatePrivilege","NT AUTHORITY\LOCAL SERVICE","S-1-5-19"
"2512","PX1SWUPRINT01","54","9/14/2026 10:49:02 PM","SeImpersonatePrivilege","NT AUTHORITY\NETWORK SERVICE","S-1-5-20"
"2512","PX1SWUPRINT01","54","9/14/2026 10:49:02 PM","SeImpersonatePrivilege","BUILTIN\Administrators","S-1-5-32-544"
"2512","PX1SWUPRINT01","54","9/14/2026 10:49:02 PM","SeImpersonatePrivilege","NT AUTHORITY\SERVICE","S-1-5-6"
"2512","PX1SWUPRINT01","54","9/14/2026 10:49:02 PM","SeCreateGlobalPrivilege","NT AUTHORITY\LOCAL SERVICE","S-1-5-19"
"2512","PX1SWUPRINT01","54","9/14/2026 10:49:02 PM","SeCreateGlobalPrivilege","NT AUTHORITY\NETWORK SERVICE","S-1-5-20"
"2512","PX1SWUPRINT01","54","9/14/2026 10:49:02 PM","SeCreateGlobalPrivilege","BUILTIN\Administrators","S-1-5-32-544"
"2512","PX1SWUPRINT01","54","9/14/2026 10:49:02 PM","SeCreateGlobalPrivilege","NT AUTHORITY\SERVICE","S-1-5-6"
"2512","PX1SWUPRINT01","54","9/14/2026 10:49:02 PM","SeIncreaseWorkingSetPrivilege","BUILTIN\Users","S-1-5-32-545"
"2512","PX1SWUPRINT01","54","9/14/2026 10:49:02 PM","SeTimeZonePrivilege","NT AUTHORITY\LOCAL SERVICE","S-1-5-19"
"2512","PX1SWUPRINT01","54","9/14/2026 10:49:02 PM","SeTimeZonePrivilege","BUILTIN\Administrators","S-1-5-32-544"
"2512","PX1SWUPRINT01","54","9/14/2026 10:49:02 PM","SeCreateSymbolicLinkPrivilege","BUILTIN\Administrators","S-1-5-32-544"
"2512","PX1SWUPRINT01","54","9/14/2026 10:49:02 PM","SeDelegateSessionUserImpersonatePrivilege","BUILTIN\Administrators","S-1-5-32-544"
"3680","ML1SWMONITOR01","52","9/14/2026 10:49:07 PM","SeNetworkLogonRight","Everyone","S-1-1-0"
"3680","ML1SWMONITOR01","52","9/14/2026 10:49:07 PM","SeNetworkLogonRight","BUILTIN\Administrators","S-1-5-32-544"
"3680","ML1SWMONITOR01","52","9/14/2026 10:49:07 PM","SeNetworkLogonRight","BUILTIN\Users","S-1-5-32-545"
"3680","ML1SWMONITOR01","52","9/14/2026 10:49:07 PM","SeNetworkLogonRight","BUILTIN\Backup Operators","S-1-5-32-551"
"3680","ML1SWMONITOR01","52","9/14/2026 10:49:07 PM","SeBackupPrivilege","BUILTIN\Administrators","S-1-5-32-544"
"3680","ML1SWMONITOR01","52","9/14/2026 10:49:07 PM","SeBackupPrivilege","BUILTIN\Backup Operators","S-1-5-32-551"
"3680","ML1SWMONITOR01","52","9/14/2026 10:49:07 PM","SeChangeNotifyPrivilege","Everyone","S-1-1-0"
"3680","ML1SWMONITOR01","52","9/14/2026 10:49:07 PM","SeChangeNotifyPrivilege","NT AUTHORITY\LOCAL SERVICE","S-1-5-19"
"3680","ML1SWMONITOR01","52","9/14/2026 10:49:07 PM","SeChangeNotifyPrivilege","NT AUTHORITY\NETWORK SERVICE","S-1-5-20"
"3680","ML1SWMONITOR01","52","9/14/2026 10:49:07 PM","SeChangeNotifyPrivilege","BUILTIN\Administrators","S-1-5-32-544"
"3680","ML1SWMONITOR01","52","9/14/2026 10:49:07 PM","SeChangeNotifyPrivilege","BUILTIN\Users","S-1-5-32-545"
"3680","ML1SWMONITOR01","52","9/14/2026 10:49:07 PM","SeChangeNotifyPrivilege","BUILTIN\Backup Operators","S-1-5-32-551"
"3680","ML1SWMONITOR01","52","9/14/2026 10:49:07 PM","SeChangeNotifyPrivilege","NT SERVICE\SQLSERVERAGENT","S-1-5-80-344959196-2060754871-2302487193-2804545603-1466107430"
"3680","ML1SWMONITOR01","52","9/14/2026 10:49:07 PM","SeChangeNotifyPrivilege","NT SERVICE\MSSQLSERVER","S-1-5-80-3880718306-3832830129-1677859214-2598158968-1052248003"
"3680","ML1SWMONITOR01","52","9/14/2026 10:49:07 PM","SeChangeNotifyPrivilege","RESTRICTED SERVICES\PrintSpoolerService","S-1-5-99-216390572-1995538116-3857911515-2404958512-2623887229"
"3680","ML1SWMONITOR01","52","9/14/2026 10:49:07 PM","SeSystemtimePrivilege","NT AUTHORITY\LOCAL SERVICE","S-1-5-19"
"3680","ML1SWMONITOR01","52","9/14/2026 10:49:07 PM","SeSystemtimePrivilege","BUILTIN\Administrators","S-1-5-32-544"
"3680","ML1SWMONITOR01","52","9/14/2026 10:49:07 PM","SeCreatePagefilePrivilege","BUILTIN\Administrators","S-1-5-32-544"
"3680","ML1SWMONITOR01","52","9/14/2026 10:49:07 PM","SeDebugPrivilege","BUILTIN\Administrators","S-1-5-32-544"
"3680","ML1SWMONITOR01","52","9/14/2026 10:49:07 PM","SeRemoteShutdownPrivilege","BUILTIN\Administrators","S-1-5-32-544"
"3680","ML1SWMONITOR01","52","9/14/2026 10:49:07 PM","SeAuditPrivilege","NT AUTHORITY\LOCAL SERVICE","S-1-5-19"
"3680","ML1SWMONITOR01","52","9/14/2026 10:49:07 PM","SeAuditPrivilege","NT AUTHORITY\NETWORK SERVICE","S-1-5-20"
"3680","ML1SWMONITOR01","52","9/14/2026 10:49:07 PM","SeAuditPrivilege","RESTRICTED SERVICES\PrintSpoolerService","S-1-5-99-216390572-1995538116-3857911515-2404958512-2623887229"
"3680","ML1SWMONITOR01","52","9/14/2026 10:49:07 PM","SeIncreaseQuotaPrivilege","NT AUTHORITY\LOCAL SERVICE","S-1-5-19"
"3680","ML1SWMONITOR01","52","9/14/2026 10:49:07 PM","SeIncreaseQuotaPrivilege","NT AUTHORITY\NETWORK SERVICE","S-1-5-20"
"3680","ML1SWMONITOR01","52","9/14/2026 10:49:07 PM","SeIncreaseQuotaPrivilege","BUILTIN\Administrators","S-1-5-32-544"
"3680","ML1SWMONITOR01","52","9/14/2026 10:49:07 PM","SeIncreaseQuotaPrivilege","NT SERVICE\SQLSERVERAGENT","S-1-5-80-344959196-2060754871-2302487193-2804545603-1466107430"
"3680","ML1SWMONITOR01","52","9/14/2026 10:49:07 PM","SeIncreaseQuotaPrivilege","NT SERVICE\MSSQLSERVER","S-1-5-80-3880718306-3832830129-1677859214-2598158968-1052248003"
"3680","ML1SWMONITOR01","52","9/14/2026 10:49:07 PM","SeIncreaseBasePriorityPrivilege","BUILTIN\Administrators","S-1-5-32-544"
"3680","ML1SWMONITOR01","52","9/14/2026 10:49:07 PM","SeIncreaseBasePriorityPrivilege","Window Manager\Window Manager Group","S-1-5-90-0"
"3680","ML1SWMONITOR01","52","9/14/2026 10:49:07 PM","SeLoadDriverPrivilege","BUILTIN\Administrators","S-1-5-32-544"
"3680","ML1SWMONITOR01","52","9/14/2026 10:49:07 PM","SeBatchLogonRight","BUILTIN\Administrators","S-1-5-32-544"
"3680","ML1SWMONITOR01","52","9/14/2026 10:49:07 PM","SeBatchLogonRight","BUILTIN\Backup Operators","S-1-5-32-551"
"3680","ML1SWMONITOR01","52","9/14/2026 10:49:07 PM","SeBatchLogonRight","BUILTIN\Performance Log Users","S-1-5-32-559"
"3680","ML1SWMONITOR01","52","9/14/2026 10:49:07 PM","SeServiceLogonRight","SQLServer2005SQLBrowserUser$ML1SWMONITOR01","SQLServer2005SQLBrowserUser$ML1SWMONITOR01"
"3680","ML1SWMONITOR01","52","9/14/2026 10:49:07 PM","SeServiceLogonRight","HARDDOLLAR\svc.monsvr01","S-1-5-21-3931559087-14600624-1992188608-41575"
"3680","ML1SWMONITOR01","52","9/14/2026 10:49:07 PM","SeServiceLogonRight","NT SERVICE\ALL SERVICES","S-1-5-80-0"
"3680","ML1SWMONITOR01","52","9/14/2026 10:49:07 PM","SeServiceLogonRight","NT SERVICE\SQLTELEMETRY","S-1-5-80-2652535364-2169709536-2857650723-2622804123-1107741775"
"3680","ML1SWMONITOR01","52","9/14/2026 10:49:07 PM","SeServiceLogonRight","NT SERVICE\MSSQLFDLauncher","S-1-5-80-3263513310-3392720605-1798839546-683002060-3227631582"
"3680","ML1SWMONITOR01","52","9/14/2026 10:49:07 PM","SeServiceLogonRight","NT SERVICE\SQLSERVERAGENT","S-1-5-80-344959196-2060754871-2302487193-2804545603-1466107430"
"3680","ML1SWMONITOR01","52","9/14/2026 10:49:07 PM","SeServiceLogonRight","NT SERVICE\MSSQLSERVER","S-1-5-80-3880718306-3832830129-1677859214-2598158968-1052248003"
"3680","ML1SWMONITOR01","52","9/14/2026 10:49:07 PM","SeServiceLogonRight","NT SERVICE\himds","S-1-5-80-4215458991-2034252225-2287069555-1155419622-2701885083"
"3680","ML1SWMONITOR01","52","9/14/2026 10:49:07 PM","SeServiceLogonRight","RESTRICTED SERVICES\ALL RESTRICTED SERVICES","S-1-5-99-0"
"3680","ML1SWMONITOR01","52","9/14/2026 10:49:07 PM","SeInteractiveLogonRight","BUILTIN\Administrators","S-1-5-32-544"
"3680","ML1SWMONITOR01","52","9/14/2026 10:49:07 PM","SeSecurityPrivilege","BUILTIN\Administrators","S-1-5-32-544"
"3680","ML1SWMONITOR01","52","9/14/2026 10:49:07 PM","SeSystemEnvironmentPrivilege","BUILTIN\Administrators","S-1-5-32-544"
"3680","ML1SWMONITOR01","52","9/14/2026 10:49:07 PM","SeProfileSingleProcessPrivilege","BUILTIN\Administrators","S-1-5-32-544"
"3680","ML1SWMONITOR01","52","9/14/2026 10:49:07 PM","SeSystemProfilePrivilege","BUILTIN\Administrators","S-1-5-32-544"
"3680","ML1SWMONITOR01","52","9/14/2026 10:49:07 PM","SeSystemProfilePrivilege","NT SERVICE\WdiServiceHost","S-1-5-80-3139157870-2983391045-3678747466-658725712-1809340420"
"3680","ML1SWMONITOR01","52","9/14/2026 10:49:07 PM","SeAssignPrimaryTokenPrivilege","NT AUTHORITY\LOCAL SERVICE","S-1-5-19"
"3680","ML1SWMONITOR01","52","9/14/2026 10:49:07 PM","SeAssignPrimaryTokenPrivilege","NT AUTHORITY\NETWORK SERVICE","S-1-5-20"
"3680","ML1SWMONITOR01","52","9/14/2026 10:49:07 PM","SeAssignPrimaryTokenPrivilege","NT SERVICE\SQLSERVERAGENT","S-1-5-80-344959196-2060754871-2302487193-2804545603-1466107430"
"3680","ML1SWMONITOR01","52","9/14/2026 10:49:07 PM","SeAssignPrimaryTokenPrivilege","NT SERVICE\MSSQLSERVER","S-1-5-80-3880718306-3832830129-1677859214-2598158968-1052248003"
"3680","ML1SWMONITOR01","52","9/14/2026 10:49:07 PM","SeRestorePrivilege","BUILTIN\Administrators","S-1-5-32-544"
"3680","ML1SWMONITOR01","52","9/14/2026 10:49:07 PM","SeRestorePrivilege","BUILTIN\Backup Operators","S-1-5-32-551"
"3680","ML1SWMONITOR01","52","9/14/2026 10:49:07 PM","SeShutdownPrivilege","BUILTIN\Administrators","S-1-5-32-544"
"3680","ML1SWMONITOR01","52","9/14/2026 10:49:07 PM","SeTakeOwnershipPrivilege","BUILTIN\Administrators","S-1-5-32-544"
"3680","ML1SWMONITOR01","52","9/14/2026 10:49:07 PM","SeDenyBatchLogonRight","BUILTIN\Guests","S-1-5-32-546"
"3680","ML1SWMONITOR01","52","9/14/2026 10:49:07 PM","SeDenyServiceLogonRight","BUILTIN\Guests","S-1-5-32-546"
"3680","ML1SWMONITOR01","52","9/14/2026 10:49:07 PM","SeDenyInteractiveLogonRight","BUILTIN\Guests","S-1-5-32-546"
"3680","ML1SWMONITOR01","52","9/14/2026 10:49:07 PM","SeUndockPrivilege","BUILTIN\Administrators","S-1-5-32-544"
"3680","ML1SWMONITOR01","52","9/14/2026 10:49:07 PM","SeManageVolumePrivilege","BUILTIN\Administrators","S-1-5-32-544"
"3680","ML1SWMONITOR01","52","9/14/2026 10:49:07 PM","SeRemoteInteractiveLogonRight","BUILTIN\Administrators","S-1-5-32-544"
"3680","ML1SWMONITOR01","52","9/14/2026 10:49:07 PM","SeRemoteInteractiveLogonRight","BUILTIN\Remote Desktop Users","S-1-5-32-555"
"3680","ML1SWMONITOR01","52","9/14/2026 10:49:07 PM","SeDenyRemoteInteractiveLogonRight","BUILTIN\Guests","S-1-5-32-546"
"3680","ML1SWMONITOR01","52","9/14/2026 10:49:07 PM","SeImpersonatePrivilege","NT AUTHORITY\LOCAL SERVICE","S-1-5-19"
"3680","ML1SWMONITOR01","52","9/14/2026 10:49:07 PM","SeImpersonatePrivilege","NT AUTHORITY\NETWORK SERVICE","S-1-5-20"
"3680","ML1SWMONITOR01","52","9/14/2026 10:49:07 PM","SeImpersonatePrivilege","BUILTIN\Administrators","S-1-5-32-544"
"3680","ML1SWMONITOR01","52","9/14/2026 10:49:07 PM","SeImpersonatePrivilege","NT AUTHORITY\SERVICE","S-1-5-6"
"3680","ML1SWMONITOR01","52","9/14/2026 10:49:07 PM","SeImpersonatePrivilege","RESTRICTED SERVICES\PrintSpoolerService","S-1-5-99-216390572-1995538116-3857911515-2404958512-2623887229"
"3680","ML1SWMONITOR01","52","9/14/2026 10:49:07 PM","SeCreateGlobalPrivilege","NT AUTHORITY\LOCAL SERVICE","S-1-5-19"
"3680","ML1SWMONITOR01","52","9/14/2026 10:49:07 PM","SeCreateGlobalPrivilege","NT AUTHORITY\NETWORK SERVICE","S-1-5-20"
"3680","ML1SWMONITOR01","52","9/14/2026 10:49:07 PM","SeCreateGlobalPrivilege","BUILTIN\Administrators","S-1-5-32-544"
"3680","ML1SWMONITOR01","52","9/14/2026 10:49:07 PM","SeCreateGlobalPrivilege","NT AUTHORITY\SERVICE","S-1-5-6"
"3680","ML1SWMONITOR01","52","9/14/2026 10:49:07 PM","SeIncreaseWorkingSetPrivilege","BUILTIN\Users","S-1-5-32-545"
"3680","ML1SWMONITOR01","52","9/14/2026 10:49:07 PM","SeTimeZonePrivilege","NT AUTHORITY\LOCAL SERVICE","S-1-5-19"
"3680","ML1SWMONITOR01","52","9/14/2026 10:49:07 PM","SeTimeZonePrivilege","BUILTIN\Administrators","S-1-5-32-544"
"3680","ML1SWMONITOR01","52","9/14/2026 10:49:07 PM","SeCreateSymbolicLinkPrivilege","BUILTIN\Administrators","S-1-5-32-544"
"3680","ML1SWMONITOR01","52","9/14/2026 10:49:07 PM","SeDelegateSessionUserImpersonatePrivilege","BUILTIN\Administrators","S-1-5-32-544"
"3931","ASADDS1","48","9/14/2026 10:49:06 PM","SeNetworkLogonRight","Everyone","S-1-1-0"
"3931","ASADDS1","48","9/14/2026 10:49:06 PM","SeNetworkLogonRight","NT AUTHORITY\Authenticated Users","S-1-5-11"
"3931","ASADDS1","48","9/14/2026 10:49:06 PM","SeNetworkLogonRight","IWAM_TRAX","IWAM_TRAX"
"3931","ASADDS1","48","9/14/2026 10:49:06 PM","SeNetworkLogonRight","BUILTIN\Administrators","S-1-5-32-544"
"3931","ASADDS1","48","9/14/2026 10:49:06 PM","SeNetworkLogonRight","BUILTIN\Users","S-1-5-32-545"
"3931","ASADDS1","48","9/14/2026 10:49:06 PM","SeNetworkLogonRight","BUILTIN\Backup Operators","S-1-5-32-551"
"3931","ASADDS1","48","9/14/2026 10:49:06 PM","SeNetworkLogonRight","BUILTIN\Pre-Windows 2000 Compatible Access","S-1-5-32-554"
"3931","ASADDS1","48","9/14/2026 10:49:06 PM","SeNetworkLogonRight","NT AUTHORITY\ENTERPRISE DOMAIN CONTROLLERS","S-1-5-9"
"3931","ASADDS1","48","9/14/2026 10:49:06 PM","SeBackupPrivilege","BUILTIN\Administrators","S-1-5-32-544"
"3931","ASADDS1","48","9/14/2026 10:49:06 PM","SeBackupPrivilege","BUILTIN\Backup Operators","S-1-5-32-551"
"3931","ASADDS1","48","9/14/2026 10:49:06 PM","SeChangeNotifyPrivilege","Everyone","S-1-1-0"
"3931","ASADDS1","48","9/14/2026 10:49:06 PM","SeChangeNotifyPrivilege","NT AUTHORITY\LOCAL SERVICE","S-1-5-19"
"3931","ASADDS1","48","9/14/2026 10:49:06 PM","SeChangeNotifyPrivilege","NT AUTHORITY\NETWORK SERVICE","S-1-5-20"
"3931","ASADDS1","48","9/14/2026 10:49:06 PM","SeChangeNotifyPrivilege","BUILTIN\Administrators","S-1-5-32-544"
"3931","ASADDS1","48","9/14/2026 10:49:06 PM","SeChangeNotifyPrivilege","BUILTIN\Users","S-1-5-32-545"
"3931","ASADDS1","48","9/14/2026 10:49:06 PM","SeChangeNotifyPrivilege","S-1-5-32-547","S-1-5-32-547"
"3931","ASADDS1","48","9/14/2026 10:49:06 PM","SeChangeNotifyPrivilege","BUILTIN\Backup Operators","S-1-5-32-551"
"3931","ASADDS1","48","9/14/2026 10:49:06 PM","SeChangeNotifyPrivilege","S-1-5-80-278727464-2799626827-3554134484-3874229996-3794241093","S-1-5-80-278727464-2799626827-3554134484-3874229996-3794241093"
"3931","ASADDS1","48","9/14/2026 10:49:06 PM","SeChangeNotifyPrivilege","S-1-5-80-513965296-3976842974-3725154243-275643233-1327859854","S-1-5-80-513965296-3976842974-3725154243-275643233-1327859854"
"3931","ASADDS1","48","9/14/2026 10:49:06 PM","SeSystemtimePrivilege","NT AUTHORITY\LOCAL SERVICE","S-1-5-19"
"3931","ASADDS1","48","9/14/2026 10:49:06 PM","SeSystemtimePrivilege","BUILTIN\Administrators","S-1-5-32-544"
"3931","ASADDS1","48","9/14/2026 10:49:06 PM","SeSystemtimePrivilege","S-1-5-32-547","S-1-5-32-547"
"3931","ASADDS1","48","9/14/2026 10:49:06 PM","SeCreatePagefilePrivilege","BUILTIN\Administrators","S-1-5-32-544"
"3931","ASADDS1","48","9/14/2026 10:49:06 PM","SeDebugPrivilege","BUILTIN\Administrators","S-1-5-32-544"
"3931","ASADDS1","48","9/14/2026 10:49:06 PM","SeRemoteShutdownPrivilege","BUILTIN\Administrators","S-1-5-32-544"
"3931","ASADDS1","48","9/14/2026 10:49:06 PM","SeAuditPrivilege","NT AUTHORITY\LOCAL SERVICE","S-1-5-19"
"3931","ASADDS1","48","9/14/2026 10:49:06 PM","SeAuditPrivilege","NT AUTHORITY\NETWORK SERVICE","S-1-5-20"
"3931","ASADDS1","48","9/14/2026 10:49:06 PM","SeAuditPrivilege","S-1-5-82-3006700770-424185619-1745488364-794895919-4004696415","S-1-5-82-3006700770-424185619-1745488364-794895919-4004696415"
"3931","ASADDS1","48","9/14/2026 10:49:06 PM","SeIncreaseQuotaPrivilege","NT AUTHORITY\LOCAL SERVICE","S-1-5-19"
"3931","ASADDS1","48","9/14/2026 10:49:06 PM","SeIncreaseQuotaPrivilege","NT AUTHORITY\NETWORK SERVICE","S-1-5-20"
"3931","ASADDS1","48","9/14/2026 10:49:06 PM","SeIncreaseQuotaPrivilege","IWAM_TRAX","IWAM_TRAX"
"3931","ASADDS1","48","9/14/2026 10:49:06 PM","SeIncreaseQuotaPrivilege","BUILTIN\Administrators","S-1-5-32-544"
"3931","ASADDS1","48","9/14/2026 10:49:06 PM","SeIncreaseQuotaPrivilege","S-1-5-80-278727464-2799626827-3554134484-3874229996-3794241093","S-1-5-80-278727464-2799626827-3554134484-3874229996-3794241093"
"3931","ASADDS1","48","9/14/2026 10:49:06 PM","SeIncreaseQuotaPrivilege","S-1-5-80-513965296-3976842974-3725154243-275643233-1327859854","S-1-5-80-513965296-3976842974-3725154243-275643233-1327859854"
"3931","ASADDS1","48","9/14/2026 10:49:06 PM","SeIncreaseQuotaPrivilege","S-1-5-82-3006700770-424185619-1745488364-794895919-4004696415","S-1-5-82-3006700770-424185619-1745488364-794895919-4004696415"
"3931","ASADDS1","48","9/14/2026 10:49:06 PM","SeIncreaseBasePriorityPrivilege","BUILTIN\Administrators","S-1-5-32-544"
"3931","ASADDS1","48","9/14/2026 10:49:06 PM","SeLoadDriverPrivilege","BUILTIN\Administrators","S-1-5-32-544"
"3931","ASADDS1","48","9/14/2026 10:49:06 PM","SeBatchLogonRight","IIS_WPG","IIS_WPG"
"3931","ASADDS1","48","9/14/2026 10:49:06 PM","SeBatchLogonRight","admn","admn"
"3931","ASADDS1","48","9/14/2026 10:49:06 PM","SeBatchLogonRight","IWAM_TRAX","IWAM_TRAX"
"3931","ASADDS1","48","9/14/2026 10:49:06 PM","SeBatchLogonRight","BUILTIN\IIS_IUSRS","S-1-5-32-568"
"3931","ASADDS1","48","9/14/2026 10:49:06 PM","SeServiceLogonRight","SVCMSDefender$","SVCMSDefender$"
"3931","ASADDS1","48","9/14/2026 10:49:06 PM","SeInteractiveLogonRight","BUILTIN\Administrators","S-1-5-32-544"
"3931","ASADDS1","48","9/14/2026 10:49:06 PM","SeInteractiveLogonRight","BUILTIN\Users","S-1-5-32-545"
"3931","ASADDS1","48","9/14/2026 10:49:06 PM","SeInteractiveLogonRight","S-1-5-32-547","S-1-5-32-547"
"3931","ASADDS1","48","9/14/2026 10:49:06 PM","SeInteractiveLogonRight","BUILTIN\Backup Operators","S-1-5-32-551"
"3931","ASADDS1","48","9/14/2026 10:49:06 PM","SeInteractiveLogonRight","S-1-5-93-2-2","S-1-5-93-2-2"
"3931","ASADDS1","48","9/14/2026 10:49:06 PM","SeSecurityPrivilege","BUILTIN\Administrators","S-1-5-32-544"
"3931","ASADDS1","48","9/14/2026 10:49:06 PM","SeSystemEnvironmentPrivilege","BUILTIN\Administrators","S-1-5-32-544"
"3931","ASADDS1","48","9/14/2026 10:49:06 PM","SeProfileSingleProcessPrivilege","BUILTIN\Administrators","S-1-5-32-544"
"3931","ASADDS1","48","9/14/2026 10:49:06 PM","SeProfileSingleProcessPrivilege","S-1-5-32-547","S-1-5-32-547"
"3931","ASADDS1","48","9/14/2026 10:49:06 PM","SeSystemProfilePrivilege","BUILTIN\Administrators","S-1-5-32-544"
"3931","ASADDS1","48","9/14/2026 10:49:06 PM","SeAssignPrimaryTokenPrivilege","NT AUTHORITY\LOCAL SERVICE","S-1-5-19"
"3931","ASADDS1","48","9/14/2026 10:49:06 PM","SeAssignPrimaryTokenPrivilege","NT AUTHORITY\NETWORK SERVICE","S-1-5-20"
"3931","ASADDS1","48","9/14/2026 10:49:06 PM","SeAssignPrimaryTokenPrivilege","IWAM_TRAX","IWAM_TRAX"
"3931","ASADDS1","48","9/14/2026 10:49:06 PM","SeAssignPrimaryTokenPrivilege","S-1-5-80-278727464-2799626827-3554134484-3874229996-3794241093","S-1-5-80-278727464-2799626827-3554134484-3874229996-3794241093"
"3931","ASADDS1","48","9/14/2026 10:49:06 PM","SeAssignPrimaryTokenPrivilege","S-1-5-80-513965296-3976842974-3725154243-275643233-1327859854","S-1-5-80-513965296-3976842974-3725154243-275643233-1327859854"
"3931","ASADDS1","48","9/14/2026 10:49:06 PM","SeAssignPrimaryTokenPrivilege","S-1-5-82-3006700770-424185619-1745488364-794895919-4004696415","S-1-5-82-3006700770-424185619-1745488364-794895919-4004696415"
"3931","ASADDS1","48","9/14/2026 10:49:06 PM","SeRestorePrivilege","BUILTIN\Administrators","S-1-5-32-544"
"3931","ASADDS1","48","9/14/2026 10:49:06 PM","SeRestorePrivilege","BUILTIN\Backup Operators","S-1-5-32-551"
"3931","ASADDS1","48","9/14/2026 10:49:06 PM","SeShutdownPrivilege","BUILTIN\Administrators","S-1-5-32-544"
"3931","ASADDS1","48","9/14/2026 10:49:06 PM","SeShutdownPrivilege","S-1-5-32-547","S-1-5-32-547"
"3931","ASADDS1","48","9/14/2026 10:49:06 PM","SeShutdownPrivilege","BUILTIN\Backup Operators","S-1-5-32-551"
"3931","ASADDS1","48","9/14/2026 10:49:06 PM","SeTakeOwnershipPrivilege","BUILTIN\Administrators","S-1-5-32-544"
"3931","ASADDS1","48","9/14/2026 10:49:06 PM","SeUndockPrivilege","BUILTIN\Administrators","S-1-5-32-544"
"3931","ASADDS1","48","9/14/2026 10:49:06 PM","SeUndockPrivilege","S-1-5-32-547","S-1-5-32-547"
"3931","ASADDS1","48","9/14/2026 10:49:06 PM","SeEnableDelegationPrivilege","admn","admn"
"3931","ASADDS1","48","9/14/2026 10:49:06 PM","SeEnableDelegationPrivilege","Domain Admins","Domain Admins"
"3931","ASADDS1","48","9/14/2026 10:49:06 PM","SeEnableDelegationPrivilege","BUILTIN\Administrators","S-1-5-32-544"
"3931","ASADDS1","48","9/14/2026 10:49:06 PM","SeManageVolumePrivilege","BUILTIN\Administrators","S-1-5-32-544"
"3931","ASADDS1","48","9/14/2026 10:49:06 PM","SeRemoteInteractiveLogonRight","BUILTIN\Administrators","S-1-5-32-544"
"3931","ASADDS1","48","9/14/2026 10:49:06 PM","SeRemoteInteractiveLogonRight","BUILTIN\Remote Desktop Users","S-1-5-32-555"
"3931","ASADDS1","48","9/14/2026 10:49:06 PM","SeImpersonatePrivilege","NT AUTHORITY\LOCAL SERVICE","S-1-5-19"
"3931","ASADDS1","48","9/14/2026 10:49:06 PM","SeImpersonatePrivilege","NT AUTHORITY\NETWORK SERVICE","S-1-5-20"
"3931","ASADDS1","48","9/14/2026 10:49:06 PM","SeImpersonatePrivilege","IIS_WPG","IIS_WPG"
"3931","ASADDS1","48","9/14/2026 10:49:06 PM","SeImpersonatePrivilege","BUILTIN\Administrators","S-1-5-32-544"
"3931","ASADDS1","48","9/14/2026 10:49:06 PM","SeImpersonatePrivilege","BUILTIN\IIS_IUSRS","S-1-5-32-568"
"3931","ASADDS1","48","9/14/2026 10:49:06 PM","SeImpersonatePrivilege","NT AUTHORITY\SERVICE","S-1-5-6"
"3931","ASADDS1","48","9/14/2026 10:49:06 PM","SeCreateGlobalPrivilege","NT AUTHORITY\LOCAL SERVICE","S-1-5-19"
"3931","ASADDS1","48","9/14/2026 10:49:06 PM","SeCreateGlobalPrivilege","NT AUTHORITY\NETWORK SERVICE","S-1-5-20"
"3931","ASADDS1","48","9/14/2026 10:49:06 PM","SeCreateGlobalPrivilege","BUILTIN\Administrators","S-1-5-32-544"
"3931","ASADDS1","48","9/14/2026 10:49:06 PM","SeCreateGlobalPrivilege","NT AUTHORITY\SERVICE","S-1-5-6"
"3931","ASADDS1","48","9/14/2026 10:49:06 PM","SeIncreaseWorkingSetPrivilege","BUILTIN\Users","S-1-5-32-545"
"3931","ASADDS1","48","9/14/2026 10:49:06 PM","SeTimeZonePrivilege","NT AUTHORITY\LOCAL SERVICE","S-1-5-19"
"3931","ASADDS1","48","9/14/2026 10:49:06 PM","SeTimeZonePrivilege","BUILTIN\Administrators","S-1-5-32-544"
"3931","ASADDS1","48","9/14/2026 10:49:06 PM","SeTimeZonePrivilege","BUILTIN\Server Operators","S-1-5-32-549"
"3931","ASADDS1","48","9/14/2026 10:49:06 PM","SeCreateSymbolicLinkPrivilege","BUILTIN\Administrators","S-1-5-32-544"
"3931","ASADDS1","48","9/14/2026 10:49:06 PM","SeDelegateSessionUserImpersonatePrivilege","BUILTIN\Administrators","S-1-5-32-544"
"3932","PSADDS1","48","9/14/2026 10:49:08 PM","SeNetworkLogonRight","Everyone","S-1-1-0"
"3932","PSADDS1","48","9/14/2026 10:49:08 PM","SeNetworkLogonRight","NT AUTHORITY\Authenticated Users","S-1-5-11"
"3932","PSADDS1","48","9/14/2026 10:49:08 PM","SeNetworkLogonRight","IWAM_TRAX","IWAM_TRAX"
"3932","PSADDS1","48","9/14/2026 10:49:08 PM","SeNetworkLogonRight","BUILTIN\Administrators","S-1-5-32-544"
"3932","PSADDS1","48","9/14/2026 10:49:08 PM","SeNetworkLogonRight","BUILTIN\Users","S-1-5-32-545"
"3932","PSADDS1","48","9/14/2026 10:49:08 PM","SeNetworkLogonRight","BUILTIN\Backup Operators","S-1-5-32-551"
"3932","PSADDS1","48","9/14/2026 10:49:08 PM","SeNetworkLogonRight","BUILTIN\Pre-Windows 2000 Compatible Access","S-1-5-32-554"
"3932","PSADDS1","48","9/14/2026 10:49:08 PM","SeNetworkLogonRight","NT AUTHORITY\ENTERPRISE DOMAIN CONTROLLERS","S-1-5-9"
"3932","PSADDS1","48","9/14/2026 10:49:08 PM","SeBackupPrivilege","BUILTIN\Administrators","S-1-5-32-544"
"3932","PSADDS1","48","9/14/2026 10:49:08 PM","SeBackupPrivilege","BUILTIN\Backup Operators","S-1-5-32-551"
"3932","PSADDS1","48","9/14/2026 10:49:08 PM","SeChangeNotifyPrivilege","Everyone","S-1-1-0"
"3932","PSADDS1","48","9/14/2026 10:49:08 PM","SeChangeNotifyPrivilege","NT AUTHORITY\LOCAL SERVICE","S-1-5-19"
"3932","PSADDS1","48","9/14/2026 10:49:08 PM","SeChangeNotifyPrivilege","NT AUTHORITY\NETWORK SERVICE","S-1-5-20"
"3932","PSADDS1","48","9/14/2026 10:49:08 PM","SeChangeNotifyPrivilege","BUILTIN\Administrators","S-1-5-32-544"
"3932","PSADDS1","48","9/14/2026 10:49:08 PM","SeChangeNotifyPrivilege","BUILTIN\Users","S-1-5-32-545"
"3932","PSADDS1","48","9/14/2026 10:49:08 PM","SeChangeNotifyPrivilege","S-1-5-32-547","S-1-5-32-547"
"3932","PSADDS1","48","9/14/2026 10:49:08 PM","SeChangeNotifyPrivilege","BUILTIN\Backup Operators","S-1-5-32-551"
"3932","PSADDS1","48","9/14/2026 10:49:08 PM","SeChangeNotifyPrivilege","S-1-5-80-278727464-2799626827-3554134484-3874229996-3794241093","S-1-5-80-278727464-2799626827-3554134484-3874229996-3794241093"
"3932","PSADDS1","48","9/14/2026 10:49:08 PM","SeChangeNotifyPrivilege","S-1-5-80-513965296-3976842974-3725154243-275643233-1327859854","S-1-5-80-513965296-3976842974-3725154243-275643233-1327859854"
"3932","PSADDS1","48","9/14/2026 10:49:08 PM","SeSystemtimePrivilege","NT AUTHORITY\LOCAL SERVICE","S-1-5-19"
"3932","PSADDS1","48","9/14/2026 10:49:08 PM","SeSystemtimePrivilege","BUILTIN\Administrators","S-1-5-32-544"
"3932","PSADDS1","48","9/14/2026 10:49:08 PM","SeSystemtimePrivilege","S-1-5-32-547","S-1-5-32-547"
"3932","PSADDS1","48","9/14/2026 10:49:08 PM","SeCreatePagefilePrivilege","BUILTIN\Administrators","S-1-5-32-544"
"3932","PSADDS1","48","9/14/2026 10:49:08 PM","SeDebugPrivilege","BUILTIN\Administrators","S-1-5-32-544"
"3932","PSADDS1","48","9/14/2026 10:49:08 PM","SeRemoteShutdownPrivilege","BUILTIN\Administrators","S-1-5-32-544"
"3932","PSADDS1","48","9/14/2026 10:49:08 PM","SeAuditPrivilege","NT AUTHORITY\LOCAL SERVICE","S-1-5-19"
"3932","PSADDS1","48","9/14/2026 10:49:08 PM","SeAuditPrivilege","NT AUTHORITY\NETWORK SERVICE","S-1-5-20"
"3932","PSADDS1","48","9/14/2026 10:49:08 PM","SeAuditPrivilege","S-1-5-82-3006700770-424185619-1745488364-794895919-4004696415","S-1-5-82-3006700770-424185619-1745488364-794895919-4004696415"
"3932","PSADDS1","48","9/14/2026 10:49:08 PM","SeIncreaseQuotaPrivilege","NT AUTHORITY\LOCAL SERVICE","S-1-5-19"
"3932","PSADDS1","48","9/14/2026 10:49:08 PM","SeIncreaseQuotaPrivilege","NT AUTHORITY\NETWORK SERVICE","S-1-5-20"
"3932","PSADDS1","48","9/14/2026 10:49:08 PM","SeIncreaseQuotaPrivilege","IWAM_TRAX","IWAM_TRAX"
"3932","PSADDS1","48","9/14/2026 10:49:08 PM","SeIncreaseQuotaPrivilege","BUILTIN\Administrators","S-1-5-32-544"
"3932","PSADDS1","48","9/14/2026 10:49:08 PM","SeIncreaseQuotaPrivilege","S-1-5-80-278727464-2799626827-3554134484-3874229996-3794241093","S-1-5-80-278727464-2799626827-3554134484-3874229996-3794241093"
"3932","PSADDS1","48","9/14/2026 10:49:08 PM","SeIncreaseQuotaPrivilege","S-1-5-80-513965296-3976842974-3725154243-275643233-1327859854","S-1-5-80-513965296-3976842974-3725154243-275643233-1327859854"
"3932","PSADDS1","48","9/14/2026 10:49:08 PM","SeIncreaseQuotaPrivilege","S-1-5-82-3006700770-424185619-1745488364-794895919-4004696415","S-1-5-82-3006700770-424185619-1745488364-794895919-4004696415"
"3932","PSADDS1","48","9/14/2026 10:49:08 PM","SeIncreaseBasePriorityPrivilege","BUILTIN\Administrators","S-1-5-32-544"
"3932","PSADDS1","48","9/14/2026 10:49:08 PM","SeLoadDriverPrivilege","BUILTIN\Administrators","S-1-5-32-544"
"3932","PSADDS1","48","9/14/2026 10:49:08 PM","SeBatchLogonRight","IIS_WPG","IIS_WPG"
"3932","PSADDS1","48","9/14/2026 10:49:08 PM","SeBatchLogonRight","admn","admn"
"3932","PSADDS1","48","9/14/2026 10:49:08 PM","SeBatchLogonRight","IWAM_TRAX","IWAM_TRAX"
"3932","PSADDS1","48","9/14/2026 10:49:08 PM","SeBatchLogonRight","BUILTIN\IIS_IUSRS","S-1-5-32-568"
"3932","PSADDS1","48","9/14/2026 10:49:08 PM","SeServiceLogonRight","SVCMSDefender$","SVCMSDefender$"
"3932","PSADDS1","48","9/14/2026 10:49:08 PM","SeInteractiveLogonRight","BUILTIN\Administrators","S-1-5-32-544"
"3932","PSADDS1","48","9/14/2026 10:49:08 PM","SeInteractiveLogonRight","BUILTIN\Users","S-1-5-32-545"
"3932","PSADDS1","48","9/14/2026 10:49:08 PM","SeInteractiveLogonRight","S-1-5-32-547","S-1-5-32-547"
"3932","PSADDS1","48","9/14/2026 10:49:08 PM","SeInteractiveLogonRight","BUILTIN\Backup Operators","S-1-5-32-551"
"3932","PSADDS1","48","9/14/2026 10:49:08 PM","SeInteractiveLogonRight","S-1-5-93-2-2","S-1-5-93-2-2"
"3932","PSADDS1","48","9/14/2026 10:49:08 PM","SeSecurityPrivilege","BUILTIN\Administrators","S-1-5-32-544"
"3932","PSADDS1","48","9/14/2026 10:49:08 PM","SeSystemEnvironmentPrivilege","BUILTIN\Administrators","S-1-5-32-544"
"3932","PSADDS1","48","9/14/2026 10:49:08 PM","SeProfileSingleProcessPrivilege","BUILTIN\Administrators","S-1-5-32-544"
"3932","PSADDS1","48","9/14/2026 10:49:08 PM","SeProfileSingleProcessPrivilege","S-1-5-32-547","S-1-5-32-547"
"3932","PSADDS1","48","9/14/2026 10:49:08 PM","SeSystemProfilePrivilege","BUILTIN\Administrators","S-1-5-32-544"
"3932","PSADDS1","48","9/14/2026 10:49:08 PM","SeAssignPrimaryTokenPrivilege","NT AUTHORITY\LOCAL SERVICE","S-1-5-19"
"3932","PSADDS1","48","9/14/2026 10:49:08 PM","SeAssignPrimaryTokenPrivilege","NT AUTHORITY\NETWORK SERVICE","S-1-5-20"
"3932","PSADDS1","48","9/14/2026 10:49:08 PM","SeAssignPrimaryTokenPrivilege","IWAM_TRAX","IWAM_TRAX"
"3932","PSADDS1","48","9/14/2026 10:49:08 PM","SeAssignPrimaryTokenPrivilege","S-1-5-80-278727464-2799626827-3554134484-3874229996-3794241093","S-1-5-80-278727464-2799626827-3554134484-3874229996-3794241093"
"3932","PSADDS1","48","9/14/2026 10:49:08 PM","SeAssignPrimaryTokenPrivilege","S-1-5-80-513965296-3976842974-3725154243-275643233-1327859854","S-1-5-80-513965296-3976842974-3725154243-275643233-1327859854"
"3932","PSADDS1","48","9/14/2026 10:49:08 PM","SeAssignPrimaryTokenPrivilege","S-1-5-82-3006700770-424185619-1745488364-794895919-4004696415","S-1-5-82-3006700770-424185619-1745488364-794895919-4004696415"
"3932","PSADDS1","48","9/14/2026 10:49:08 PM","SeRestorePrivilege","BUILTIN\Administrators","S-1-5-32-544"
"3932","PSADDS1","48","9/14/2026 10:49:08 PM","SeRestorePrivilege","BUILTIN\Backup Operators","S-1-5-32-551"
"3932","PSADDS1","48","9/14/2026 10:49:08 PM","SeShutdownPrivilege","BUILTIN\Administrators","S-1-5-32-544"
"3932","PSADDS1","48","9/14/2026 10:49:08 PM","SeShutdownPrivilege","S-1-5-32-547","S-1-5-32-547"
"3932","PSADDS1","48","9/14/2026 10:49:08 PM","SeShutdownPrivilege","BUILTIN\Backup Operators","S-1-5-32-551"
"3932","PSADDS1","48","9/14/2026 10:49:08 PM","SeTakeOwnershipPrivilege","BUILTIN\Administrators","S-1-5-32-544"
"3932","PSADDS1","48","9/14/2026 10:49:08 PM","SeUndockPrivilege","BUILTIN\Administrators","S-1-5-32-544"
"3932","PSADDS1","48","9/14/2026 10:49:08 PM","SeUndockPrivilege","S-1-5-32-547","S-1-5-32-547"
"3932","PSADDS1","48","9/14/2026 10:49:08 PM","SeEnableDelegationPrivilege","admn","admn"
"3932","PSADDS1","48","9/14/2026 10:49:08 PM","SeEnableDelegationPrivilege","Domain Admins","Domain Admins"
"3932","PSADDS1","48","9/14/2026 10:49:08 PM","SeEnableDelegationPrivilege","BUILTIN\Administrators","S-1-5-32-544"
"3932","PSADDS1","48","9/14/2026 10:49:08 PM","SeManageVolumePrivilege","BUILTIN\Administrators","S-1-5-32-544"
"3932","PSADDS1","48","9/14/2026 10:49:08 PM","SeRemoteInteractiveLogonRight","BUILTIN\Administrators","S-1-5-32-544"
"3932","PSADDS1","48","9/14/2026 10:49:08 PM","SeRemoteInteractiveLogonRight","BUILTIN\Remote Desktop Users","S-1-5-32-555"
"3932","PSADDS1","48","9/14/2026 10:49:08 PM","SeImpersonatePrivilege","NT AUTHORITY\LOCAL SERVICE","S-1-5-19"
"3932","PSADDS1","48","9/14/2026 10:49:08 PM","SeImpersonatePrivilege","NT AUTHORITY\NETWORK SERVICE","S-1-5-20"
"3932","PSADDS1","48","9/14/2026 10:49:08 PM","SeImpersonatePrivilege","IIS_WPG","IIS_WPG"
"3932","PSADDS1","48","9/14/2026 10:49:08 PM","SeImpersonatePrivilege","BUILTIN\Administrators","S-1-5-32-544"
"3932","PSADDS1","48","9/14/2026 10:49:08 PM","SeImpersonatePrivilege","BUILTIN\IIS_IUSRS","S-1-5-32-568"
"3932","PSADDS1","48","9/14/2026 10:49:08 PM","SeImpersonatePrivilege","NT AUTHORITY\SERVICE","S-1-5-6"
"3932","PSADDS1","48","9/14/2026 10:49:08 PM","SeCreateGlobalPrivilege","NT AUTHORITY\LOCAL SERVICE","S-1-5-19"
"3932","PSADDS1","48","9/14/2026 10:49:08 PM","SeCreateGlobalPrivilege","NT AUTHORITY\NETWORK SERVICE","S-1-5-20"
"3932","PSADDS1","48","9/14/2026 10:49:08 PM","SeCreateGlobalPrivilege","BUILTIN\Administrators","S-1-5-32-544"
"3932","PSADDS1","48","9/14/2026 10:49:08 PM","SeCreateGlobalPrivilege","NT AUTHORITY\SERVICE","S-1-5-6"
"3932","PSADDS1","48","9/14/2026 10:49:08 PM","SeIncreaseWorkingSetPrivilege","BUILTIN\Users","S-1-5-32-545"
"3932","PSADDS1","48","9/14/2026 10:49:08 PM","SeTimeZonePrivilege","NT AUTHORITY\LOCAL SERVICE","S-1-5-19"
"3932","PSADDS1","48","9/14/2026 10:49:08 PM","SeTimeZonePrivilege","BUILTIN\Administrators","S-1-5-32-544"
"3932","PSADDS1","48","9/14/2026 10:49:08 PM","SeTimeZonePrivilege","BUILTIN\Server Operators","S-1-5-32-549"
"3932","PSADDS1","48","9/14/2026 10:49:08 PM","SeCreateSymbolicLinkPrivilege","BUILTIN\Administrators","S-1-5-32-544"
"3932","PSADDS1","48","9/14/2026 10:49:08 PM","SeDelegateSessionUserImpersonatePrivilege","BUILTIN\Administrators","S-1-5-32-544"
"3933","MSADDS1","48","9/14/2026 10:49:10 PM","SeNetworkLogonRight","Everyone","S-1-1-0"
"3933","MSADDS1","48","9/14/2026 10:49:10 PM","SeNetworkLogonRight","NT AUTHORITY\Authenticated Users","S-1-5-11"
"3933","MSADDS1","48","9/14/2026 10:49:10 PM","SeNetworkLogonRight","IWAM_TRAX","IWAM_TRAX"
"3933","MSADDS1","48","9/14/2026 10:49:10 PM","SeNetworkLogonRight","BUILTIN\Administrators","S-1-5-32-544"
"3933","MSADDS1","48","9/14/2026 10:49:10 PM","SeNetworkLogonRight","BUILTIN\Users","S-1-5-32-545"
"3933","MSADDS1","48","9/14/2026 10:49:10 PM","SeNetworkLogonRight","BUILTIN\Backup Operators","S-1-5-32-551"
"3933","MSADDS1","48","9/14/2026 10:49:10 PM","SeNetworkLogonRight","BUILTIN\Pre-Windows 2000 Compatible Access","S-1-5-32-554"
"3933","MSADDS1","48","9/14/2026 10:49:10 PM","SeNetworkLogonRight","NT AUTHORITY\ENTERPRISE DOMAIN CONTROLLERS","S-1-5-9"
"3933","MSADDS1","48","9/14/2026 10:49:10 PM","SeBackupPrivilege","BUILTIN\Administrators","S-1-5-32-544"
"3933","MSADDS1","48","9/14/2026 10:49:10 PM","SeBackupPrivilege","BUILTIN\Backup Operators","S-1-5-32-551"
"3933","MSADDS1","48","9/14/2026 10:49:10 PM","SeChangeNotifyPrivilege","Everyone","S-1-1-0"
"3933","MSADDS1","48","9/14/2026 10:49:10 PM","SeChangeNotifyPrivilege","NT AUTHORITY\LOCAL SERVICE","S-1-5-19"
"3933","MSADDS1","48","9/14/2026 10:49:10 PM","SeChangeNotifyPrivilege","NT AUTHORITY\NETWORK SERVICE","S-1-5-20"
"3933","MSADDS1","48","9/14/2026 10:49:10 PM","SeChangeNotifyPrivilege","BUILTIN\Administrators","S-1-5-32-544"
"3933","MSADDS1","48","9/14/2026 10:49:10 PM","SeChangeNotifyPrivilege","BUILTIN\Users","S-1-5-32-545"
"3933","MSADDS1","48","9/14/2026 10:49:10 PM","SeChangeNotifyPrivilege","S-1-5-32-547","S-1-5-32-547"
"3933","MSADDS1","48","9/14/2026 10:49:10 PM","SeChangeNotifyPrivilege","BUILTIN\Backup Operators","S-1-5-32-551"
"3933","MSADDS1","48","9/14/2026 10:49:10 PM","SeChangeNotifyPrivilege","S-1-5-80-278727464-2799626827-3554134484-3874229996-3794241093","S-1-5-80-278727464-2799626827-3554134484-3874229996-3794241093"
"3933","MSADDS1","48","9/14/2026 10:49:10 PM","SeChangeNotifyPrivilege","S-1-5-80-513965296-3976842974-3725154243-275643233-1327859854","S-1-5-80-513965296-3976842974-3725154243-275643233-1327859854"
"3933","MSADDS1","48","9/14/2026 10:49:10 PM","SeSystemtimePrivilege","NT AUTHORITY\LOCAL SERVICE","S-1-5-19"
"3933","MSADDS1","48","9/14/2026 10:49:10 PM","SeSystemtimePrivilege","BUILTIN\Administrators","S-1-5-32-544"
"3933","MSADDS1","48","9/14/2026 10:49:10 PM","SeSystemtimePrivilege","S-1-5-32-547","S-1-5-32-547"
"3933","MSADDS1","48","9/14/2026 10:49:10 PM","SeCreatePagefilePrivilege","BUILTIN\Administrators","S-1-5-32-544"
"3933","MSADDS1","48","9/14/2026 10:49:10 PM","SeDebugPrivilege","BUILTIN\Administrators","S-1-5-32-544"
"3933","MSADDS1","48","9/14/2026 10:49:10 PM","SeRemoteShutdownPrivilege","BUILTIN\Administrators","S-1-5-32-544"
"3933","MSADDS1","48","9/14/2026 10:49:10 PM","SeAuditPrivilege","NT AUTHORITY\LOCAL SERVICE","S-1-5-19"
"3933","MSADDS1","48","9/14/2026 10:49:10 PM","SeAuditPrivilege","NT AUTHORITY\NETWORK SERVICE","S-1-5-20"
"3933","MSADDS1","48","9/14/2026 10:49:10 PM","SeAuditPrivilege","S-1-5-82-3006700770-424185619-1745488364-794895919-4004696415","S-1-5-82-3006700770-424185619-1745488364-794895919-4004696415"
"3933","MSADDS1","48","9/14/2026 10:49:10 PM","SeIncreaseQuotaPrivilege","NT AUTHORITY\LOCAL SERVICE","S-1-5-19"
"3933","MSADDS1","48","9/14/2026 10:49:10 PM","SeIncreaseQuotaPrivilege","NT AUTHORITY\NETWORK SERVICE","S-1-5-20"
"3933","MSADDS1","48","9/14/2026 10:49:10 PM","SeIncreaseQuotaPrivilege","IWAM_TRAX","IWAM_TRAX"
"3933","MSADDS1","48","9/14/2026 10:49:10 PM","SeIncreaseQuotaPrivilege","BUILTIN\Administrators","S-1-5-32-544"
"3933","MSADDS1","48","9/14/2026 10:49:10 PM","SeIncreaseQuotaPrivilege","S-1-5-80-278727464-2799626827-3554134484-3874229996-3794241093","S-1-5-80-278727464-2799626827-3554134484-3874229996-3794241093"
"3933","MSADDS1","48","9/14/2026 10:49:10 PM","SeIncreaseQuotaPrivilege","S-1-5-80-513965296-3976842974-3725154243-275643233-1327859854","S-1-5-80-513965296-3976842974-3725154243-275643233-1327859854"
"3933","MSADDS1","48","9/14/2026 10:49:10 PM","SeIncreaseQuotaPrivilege","S-1-5-82-3006700770-424185619-1745488364-794895919-4004696415","S-1-5-82-3006700770-424185619-1745488364-794895919-4004696415"
"3933","MSADDS1","48","9/14/2026 10:49:10 PM","SeIncreaseBasePriorityPrivilege","BUILTIN\Administrators","S-1-5-32-544"
"3933","MSADDS1","48","9/14/2026 10:49:10 PM","SeLoadDriverPrivilege","BUILTIN\Administrators","S-1-5-32-544"
"3933","MSADDS1","48","9/14/2026 10:49:10 PM","SeBatchLogonRight","IIS_WPG","IIS_WPG"
"3933","MSADDS1","48","9/14/2026 10:49:10 PM","SeBatchLogonRight","admn","admn"
"3933","MSADDS1","48","9/14/2026 10:49:10 PM","SeBatchLogonRight","IWAM_TRAX","IWAM_TRAX"
"3933","MSADDS1","48","9/14/2026 10:49:10 PM","SeBatchLogonRight","BUILTIN\IIS_IUSRS","S-1-5-32-568"
"3933","MSADDS1","48","9/14/2026 10:49:10 PM","SeServiceLogonRight","SVCMSDefender$","SVCMSDefender$"
"3933","MSADDS1","48","9/14/2026 10:49:10 PM","SeInteractiveLogonRight","BUILTIN\Administrators","S-1-5-32-544"
"3933","MSADDS1","48","9/14/2026 10:49:10 PM","SeInteractiveLogonRight","BUILTIN\Users","S-1-5-32-545"
"3933","MSADDS1","48","9/14/2026 10:49:10 PM","SeInteractiveLogonRight","S-1-5-32-547","S-1-5-32-547"
"3933","MSADDS1","48","9/14/2026 10:49:10 PM","SeInteractiveLogonRight","BUILTIN\Backup Operators","S-1-5-32-551"
"3933","MSADDS1","48","9/14/2026 10:49:10 PM","SeInteractiveLogonRight","S-1-5-93-2-2","S-1-5-93-2-2"
"3933","MSADDS1","48","9/14/2026 10:49:10 PM","SeSecurityPrivilege","BUILTIN\Administrators","S-1-5-32-544"
"3933","MSADDS1","48","9/14/2026 10:49:10 PM","SeSystemEnvironmentPrivilege","BUILTIN\Administrators","S-1-5-32-544"
"3933","MSADDS1","48","9/14/2026 10:49:10 PM","SeProfileSingleProcessPrivilege","BUILTIN\Administrators","S-1-5-32-544"
"3933","MSADDS1","48","9/14/2026 10:49:10 PM","SeProfileSingleProcessPrivilege","S-1-5-32-547","S-1-5-32-547"
"3933","MSADDS1","48","9/14/2026 10:49:10 PM","SeSystemProfilePrivilege","BUILTIN\Administrators","S-1-5-32-544"
"3933","MSADDS1","48","9/14/2026 10:49:10 PM","SeAssignPrimaryTokenPrivilege","NT AUTHORITY\LOCAL SERVICE","S-1-5-19"
"3933","MSADDS1","48","9/14/2026 10:49:10 PM","SeAssignPrimaryTokenPrivilege","NT AUTHORITY\NETWORK SERVICE","S-1-5-20"
"3933","MSADDS1","48","9/14/2026 10:49:10 PM","SeAssignPrimaryTokenPrivilege","IWAM_TRAX","IWAM_TRAX"
"3933","MSADDS1","48","9/14/2026 10:49:10 PM","SeAssignPrimaryTokenPrivilege","S-1-5-80-278727464-2799626827-3554134484-3874229996-3794241093","S-1-5-80-278727464-2799626827-3554134484-3874229996-3794241093"
"3933","MSADDS1","48","9/14/2026 10:49:10 PM","SeAssignPrimaryTokenPrivilege","S-1-5-80-513965296-3976842974-3725154243-275643233-1327859854","S-1-5-80-513965296-3976842974-3725154243-275643233-1327859854"
"3933","MSADDS1","48","9/14/2026 10:49:10 PM","SeAssignPrimaryTokenPrivilege","S-1-5-82-3006700770-424185619-1745488364-794895919-4004696415","S-1-5-82-3006700770-424185619-1745488364-794895919-4004696415"
"3933","MSADDS1","48","9/14/2026 10:49:10 PM","SeRestorePrivilege","BUILTIN\Administrators","S-1-5-32-544"
"3933","MSADDS1","48","9/14/2026 10:49:10 PM","SeRestorePrivilege","BUILTIN\Backup Operators","S-1-5-32-551"
"3933","MSADDS1","48","9/14/2026 10:49:10 PM","SeShutdownPrivilege","BUILTIN\Administrators","S-1-5-32-544"
"3933","MSADDS1","48","9/14/2026 10:49:10 PM","SeShutdownPrivilege","S-1-5-32-547","S-1-5-32-547"
"3933","MSADDS1","48","9/14/2026 10:49:10 PM","SeShutdownPrivilege","BUILTIN\Backup Operators","S-1-5-32-551"
"3933","MSADDS1","48","9/14/2026 10:49:10 PM","SeTakeOwnershipPrivilege","BUILTIN\Administrators","S-1-5-32-544"
"3933","MSADDS1","48","9/14/2026 10:49:10 PM","SeUndockPrivilege","BUILTIN\Administrators","S-1-5-32-544"
"3933","MSADDS1","48","9/14/2026 10:49:10 PM","SeUndockPrivilege","S-1-5-32-547","S-1-5-32-547"
"3933","MSADDS1","48","9/14/2026 10:49:10 PM","SeEnableDelegationPrivilege","admn","admn"
"3933","MSADDS1","48","9/14/2026 10:49:10 PM","SeEnableDelegationPrivilege","Domain Admins","Domain Admins"
"3933","MSADDS1","48","9/14/2026 10:49:10 PM","SeEnableDelegationPrivilege","BUILTIN\Administrators","S-1-5-32-544"
"3933","MSADDS1","48","9/14/2026 10:49:10 PM","SeManageVolumePrivilege","BUILTIN\Administrators","S-1-5-32-544"
"3933","MSADDS1","48","9/14/2026 10:49:10 PM","SeRemoteInteractiveLogonRight","BUILTIN\Administrators","S-1-5-32-544"
"3933","MSADDS1","48","9/14/2026 10:49:10 PM","SeRemoteInteractiveLogonRight","BUILTIN\Remote Desktop Users","S-1-5-32-555"
"3933","MSADDS1","48","9/14/2026 10:49:10 PM","SeImpersonatePrivilege","NT AUTHORITY\LOCAL SERVICE","S-1-5-19"
"3933","MSADDS1","48","9/14/2026 10:49:10 PM","SeImpersonatePrivilege","NT AUTHORITY\NETWORK SERVICE","S-1-5-20"
"3933","MSADDS1","48","9/14/2026 10:49:10 PM","SeImpersonatePrivilege","IIS_WPG","IIS_WPG"
"3933","MSADDS1","48","9/14/2026 10:49:10 PM","SeImpersonatePrivilege","BUILTIN\Administrators","S-1-5-32-544"
"3933","MSADDS1","48","9/14/2026 10:49:10 PM","SeImpersonatePrivilege","BUILTIN\IIS_IUSRS","S-1-5-32-568"
"3933","MSADDS1","48","9/14/2026 10:49:10 PM","SeImpersonatePrivilege","NT AUTHORITY\SERVICE","S-1-5-6"
"3933","MSADDS1","48","9/14/2026 10:49:10 PM","SeCreateGlobalPrivilege","NT AUTHORITY\LOCAL SERVICE","S-1-5-19"
"3933","MSADDS1","48","9/14/2026 10:49:10 PM","SeCreateGlobalPrivilege","NT AUTHORITY\NETWORK SERVICE","S-1-5-20"
"3933","MSADDS1","48","9/14/2026 10:49:10 PM","SeCreateGlobalPrivilege","BUILTIN\Administrators","S-1-5-32-544"
"3933","MSADDS1","48","9/14/2026 10:49:10 PM","SeCreateGlobalPrivilege","NT AUTHORITY\SERVICE","S-1-5-6"
"3933","MSADDS1","48","9/14/2026 10:49:10 PM","SeIncreaseWorkingSetPrivilege","BUILTIN\Users","S-1-5-32-545"
"3933","MSADDS1","48","9/14/2026 10:49:10 PM","SeTimeZonePrivilege","NT AUTHORITY\LOCAL SERVICE","S-1-5-19"
"3933","MSADDS1","48","9/14/2026 10:49:10 PM","SeTimeZonePrivilege","BUILTIN\Administrators","S-1-5-32-544"
"3933","MSADDS1","48","9/14/2026 10:49:10 PM","SeTimeZonePrivilege","BUILTIN\Server Operators","S-1-5-32-549"
"3933","MSADDS1","48","9/14/2026 10:49:10 PM","SeCreateSymbolicLinkPrivilege","BUILTIN\Administrators","S-1-5-32-544"
"3933","MSADDS1","48","9/14/2026 10:49:10 PM","SeDelegateSessionUserImpersonatePrivilege","BUILTIN\Administrators","S-1-5-32-544"
"3934","MSADDS2","48","9/14/2026 10:49:12 PM","SeNetworkLogonRight","Everyone","S-1-1-0"
"3934","MSADDS2","48","9/14/2026 10:49:12 PM","SeNetworkLogonRight","NT AUTHORITY\Authenticated Users","S-1-5-11"
"3934","MSADDS2","48","9/14/2026 10:49:12 PM","SeNetworkLogonRight","IWAM_TRAX","IWAM_TRAX"
"3934","MSADDS2","48","9/14/2026 10:49:12 PM","SeNetworkLogonRight","BUILTIN\Administrators","S-1-5-32-544"
"3934","MSADDS2","48","9/14/2026 10:49:12 PM","SeNetworkLogonRight","BUILTIN\Users","S-1-5-32-545"
"3934","MSADDS2","48","9/14/2026 10:49:12 PM","SeNetworkLogonRight","BUILTIN\Backup Operators","S-1-5-32-551"
"3934","MSADDS2","48","9/14/2026 10:49:12 PM","SeNetworkLogonRight","BUILTIN\Pre-Windows 2000 Compatible Access","S-1-5-32-554"
"3934","MSADDS2","48","9/14/2026 10:49:12 PM","SeNetworkLogonRight","NT AUTHORITY\ENTERPRISE DOMAIN CONTROLLERS","S-1-5-9"
"3934","MSADDS2","48","9/14/2026 10:49:12 PM","SeBackupPrivilege","BUILTIN\Administrators","S-1-5-32-544"
"3934","MSADDS2","48","9/14/2026 10:49:12 PM","SeBackupPrivilege","BUILTIN\Backup Operators","S-1-5-32-551"
"3934","MSADDS2","48","9/14/2026 10:49:12 PM","SeChangeNotifyPrivilege","Everyone","S-1-1-0"
"3934","MSADDS2","48","9/14/2026 10:49:12 PM","SeChangeNotifyPrivilege","NT AUTHORITY\LOCAL SERVICE","S-1-5-19"
"3934","MSADDS2","48","9/14/2026 10:49:12 PM","SeChangeNotifyPrivilege","NT AUTHORITY\NETWORK SERVICE","S-1-5-20"
"3934","MSADDS2","48","9/14/2026 10:49:12 PM","SeChangeNotifyPrivilege","BUILTIN\Administrators","S-1-5-32-544"
"3934","MSADDS2","48","9/14/2026 10:49:12 PM","SeChangeNotifyPrivilege","BUILTIN\Users","S-1-5-32-545"
"3934","MSADDS2","48","9/14/2026 10:49:12 PM","SeChangeNotifyPrivilege","S-1-5-32-547","S-1-5-32-547"
"3934","MSADDS2","48","9/14/2026 10:49:12 PM","SeChangeNotifyPrivilege","BUILTIN\Backup Operators","S-1-5-32-551"
"3934","MSADDS2","48","9/14/2026 10:49:12 PM","SeChangeNotifyPrivilege","S-1-5-80-278727464-2799626827-3554134484-3874229996-3794241093","S-1-5-80-278727464-2799626827-3554134484-3874229996-3794241093"
"3934","MSADDS2","48","9/14/2026 10:49:12 PM","SeChangeNotifyPrivilege","S-1-5-80-513965296-3976842974-3725154243-275643233-1327859854","S-1-5-80-513965296-3976842974-3725154243-275643233-1327859854"
"3934","MSADDS2","48","9/14/2026 10:49:12 PM","SeSystemtimePrivilege","NT AUTHORITY\LOCAL SERVICE","S-1-5-19"
"3934","MSADDS2","48","9/14/2026 10:49:12 PM","SeSystemtimePrivilege","BUILTIN\Administrators","S-1-5-32-544"
"3934","MSADDS2","48","9/14/2026 10:49:12 PM","SeSystemtimePrivilege","S-1-5-32-547","S-1-5-32-547"
"3934","MSADDS2","48","9/14/2026 10:49:12 PM","SeCreatePagefilePrivilege","BUILTIN\Administrators","S-1-5-32-544"
"3934","MSADDS2","48","9/14/2026 10:49:12 PM","SeDebugPrivilege","BUILTIN\Administrators","S-1-5-32-544"
"3934","MSADDS2","48","9/14/2026 10:49:12 PM","SeRemoteShutdownPrivilege","BUILTIN\Administrators","S-1-5-32-544"
"3934","MSADDS2","48","9/14/2026 10:49:12 PM","SeAuditPrivilege","NT AUTHORITY\LOCAL SERVICE","S-1-5-19"
"3934","MSADDS2","48","9/14/2026 10:49:12 PM","SeAuditPrivilege","NT AUTHORITY\NETWORK SERVICE","S-1-5-20"
"3934","MSADDS2","48","9/14/2026 10:49:12 PM","SeAuditPrivilege","S-1-5-82-3006700770-424185619-1745488364-794895919-4004696415","S-1-5-82-3006700770-424185619-1745488364-794895919-4004696415"
"3934","MSADDS2","48","9/14/2026 10:49:12 PM","SeIncreaseQuotaPrivilege","NT AUTHORITY\LOCAL SERVICE","S-1-5-19"
"3934","MSADDS2","48","9/14/2026 10:49:12 PM","SeIncreaseQuotaPrivilege","NT AUTHORITY\NETWORK SERVICE","S-1-5-20"
"3934","MSADDS2","48","9/14/2026 10:49:12 PM","SeIncreaseQuotaPrivilege","IWAM_TRAX","IWAM_TRAX"
"3934","MSADDS2","48","9/14/2026 10:49:12 PM","SeIncreaseQuotaPrivilege","BUILTIN\Administrators","S-1-5-32-544"
"3934","MSADDS2","48","9/14/2026 10:49:12 PM","SeIncreaseQuotaPrivilege","S-1-5-80-278727464-2799626827-3554134484-3874229996-3794241093","S-1-5-80-278727464-2799626827-3554134484-3874229996-3794241093"
"3934","MSADDS2","48","9/14/2026 10:49:12 PM","SeIncreaseQuotaPrivilege","S-1-5-80-513965296-3976842974-3725154243-275643233-1327859854","S-1-5-80-513965296-3976842974-3725154243-275643233-1327859854"
"3934","MSADDS2","48","9/14/2026 10:49:12 PM","SeIncreaseQuotaPrivilege","S-1-5-82-3006700770-424185619-1745488364-794895919-4004696415","S-1-5-82-3006700770-424185619-1745488364-794895919-4004696415"
"3934","MSADDS2","48","9/14/2026 10:49:12 PM","SeIncreaseBasePriorityPrivilege","BUILTIN\Administrators","S-1-5-32-544"
"3934","MSADDS2","48","9/14/2026 10:49:12 PM","SeLoadDriverPrivilege","BUILTIN\Administrators","S-1-5-32-544"
"3934","MSADDS2","48","9/14/2026 10:49:12 PM","SeBatchLogonRight","IIS_WPG","IIS_WPG"
"3934","MSADDS2","48","9/14/2026 10:49:12 PM","SeBatchLogonRight","admn","admn"
"3934","MSADDS2","48","9/14/2026 10:49:12 PM","SeBatchLogonRight","IWAM_TRAX","IWAM_TRAX"
"3934","MSADDS2","48","9/14/2026 10:49:12 PM","SeBatchLogonRight","BUILTIN\IIS_IUSRS","S-1-5-32-568"
"3934","MSADDS2","48","9/14/2026 10:49:12 PM","SeServiceLogonRight","SVCMSDefender$","SVCMSDefender$"
"3934","MSADDS2","48","9/14/2026 10:49:12 PM","SeInteractiveLogonRight","BUILTIN\Administrators","S-1-5-32-544"
"3934","MSADDS2","48","9/14/2026 10:49:12 PM","SeInteractiveLogonRight","BUILTIN\Users","S-1-5-32-545"
"3934","MSADDS2","48","9/14/2026 10:49:12 PM","SeInteractiveLogonRight","S-1-5-32-547","S-1-5-32-547"
"3934","MSADDS2","48","9/14/2026 10:49:12 PM","SeInteractiveLogonRight","BUILTIN\Backup Operators","S-1-5-32-551"
"3934","MSADDS2","48","9/14/2026 10:49:12 PM","SeInteractiveLogonRight","S-1-5-93-2-2","S-1-5-93-2-2"
"3934","MSADDS2","48","9/14/2026 10:49:12 PM","SeSecurityPrivilege","BUILTIN\Administrators","S-1-5-32-544"
"3934","MSADDS2","48","9/14/2026 10:49:12 PM","SeSystemEnvironmentPrivilege","BUILTIN\Administrators","S-1-5-32-544"
"3934","MSADDS2","48","9/14/2026 10:49:12 PM","SeProfileSingleProcessPrivilege","BUILTIN\Administrators","S-1-5-32-544"
"3934","MSADDS2","48","9/14/2026 10:49:12 PM","SeProfileSingleProcessPrivilege","S-1-5-32-547","S-1-5-32-547"
"3934","MSADDS2","48","9/14/2026 10:49:12 PM","SeSystemProfilePrivilege","BUILTIN\Administrators","S-1-5-32-544"
"3934","MSADDS2","48","9/14/2026 10:49:12 PM","SeAssignPrimaryTokenPrivilege","NT AUTHORITY\LOCAL SERVICE","S-1-5-19"
"3934","MSADDS2","48","9/14/2026 10:49:12 PM","SeAssignPrimaryTokenPrivilege","NT AUTHORITY\NETWORK SERVICE","S-1-5-20"
"3934","MSADDS2","48","9/14/2026 10:49:12 PM","SeAssignPrimaryTokenPrivilege","IWAM_TRAX","IWAM_TRAX"
"3934","MSADDS2","48","9/14/2026 10:49:12 PM","SeAssignPrimaryTokenPrivilege","S-1-5-80-278727464-2799626827-3554134484-3874229996-3794241093","S-1-5-80-278727464-2799626827-3554134484-3874229996-3794241093"
"3934","MSADDS2","48","9/14/2026 10:49:12 PM","SeAssignPrimaryTokenPrivilege","S-1-5-80-513965296-3976842974-3725154243-275643233-1327859854","S-1-5-80-513965296-3976842974-3725154243-275643233-1327859854"
"3934","MSADDS2","48","9/14/2026 10:49:12 PM","SeAssignPrimaryTokenPrivilege","S-1-5-82-3006700770-424185619-1745488364-794895919-4004696415","S-1-5-82-3006700770-424185619-1745488364-794895919-4004696415"
"3934","MSADDS2","48","9/14/2026 10:49:12 PM","SeRestorePrivilege","BUILTIN\Administrators","S-1-5-32-544"
"3934","MSADDS2","48","9/14/2026 10:49:12 PM","SeRestorePrivilege","BUILTIN\Backup Operators","S-1-5-32-551"
"3934","MSADDS2","48","9/14/2026 10:49:12 PM","SeShutdownPrivilege","BUILTIN\Administrators","S-1-5-32-544"
"3934","MSADDS2","48","9/14/2026 10:49:12 PM","SeShutdownPrivilege","S-1-5-32-547","S-1-5-32-547"
"3934","MSADDS2","48","9/14/2026 10:49:12 PM","SeShutdownPrivilege","BUILTIN\Backup Operators","S-1-5-32-551"
"3934","MSADDS2","48","9/14/2026 10:49:12 PM","SeTakeOwnershipPrivilege","BUILTIN\Administrators","S-1-5-32-544"
"3934","MSADDS2","48","9/14/2026 10:49:12 PM","SeUndockPrivilege","BUILTIN\Administrators","S-1-5-32-544"
"3934","MSADDS2","48","9/14/2026 10:49:12 PM","SeUndockPrivilege","S-1-5-32-547","S-1-5-32-547"
"3934","MSADDS2","48","9/14/2026 10:49:12 PM","SeEnableDelegationPrivilege","admn","admn"
"3934","MSADDS2","48","9/14/2026 10:49:12 PM","SeEnableDelegationPrivilege","Domain Admins","Domain Admins"
"3934","MSADDS2","48","9/14/2026 10:49:12 PM","SeEnableDelegationPrivilege","BUILTIN\Administrators","S-1-5-32-544"
"3934","MSADDS2","48","9/14/2026 10:49:12 PM","SeManageVolumePrivilege","BUILTIN\Administrators","S-1-5-32-544"
"3934","MSADDS2","48","9/14/2026 10:49:12 PM","SeRemoteInteractiveLogonRight","BUILTIN\Administrators","S-1-5-32-544"
"3934","MSADDS2","48","9/14/2026 10:49:12 PM","SeRemoteInteractiveLogonRight","BUILTIN\Remote Desktop Users","S-1-5-32-555"
"3934","MSADDS2","48","9/14/2026 10:49:12 PM","SeImpersonatePrivilege","NT AUTHORITY\LOCAL SERVICE","S-1-5-19"
"3934","MSADDS2","48","9/14/2026 10:49:12 PM","SeImpersonatePrivilege","NT AUTHORITY\NETWORK SERVICE","S-1-5-20"
"3934","MSADDS2","48","9/14/2026 10:49:12 PM","SeImpersonatePrivilege","IIS_WPG","IIS_WPG"
"3934","MSADDS2","48","9/14/2026 10:49:12 PM","SeImpersonatePrivilege","BUILTIN\Administrators","S-1-5-32-544"
"3934","MSADDS2","48","9/14/2026 10:49:12 PM","SeImpersonatePrivilege","BUILTIN\IIS_IUSRS","S-1-5-32-568"
"3934","MSADDS2","48","9/14/2026 10:49:12 PM","SeImpersonatePrivilege","NT AUTHORITY\SERVICE","S-1-5-6"
"3934","MSADDS2","48","9/14/2026 10:49:12 PM","SeCreateGlobalPrivilege","NT AUTHORITY\LOCAL SERVICE","S-1-5-19"
"3934","MSADDS2","48","9/14/2026 10:49:12 PM","SeCreateGlobalPrivilege","NT AUTHORITY\NETWORK SERVICE","S-1-5-20"
"3934","MSADDS2","48","9/14/2026 10:49:12 PM","SeCreateGlobalPrivilege","BUILTIN\Administrators","S-1-5-32-544"
"3934","MSADDS2","48","9/14/2026 10:49:12 PM","SeCreateGlobalPrivilege","NT AUTHORITY\SERVICE","S-1-5-6"
"3934","MSADDS2","48","9/14/2026 10:49:12 PM","SeIncreaseWorkingSetPrivilege","BUILTIN\Users","S-1-5-32-545"
"3934","MSADDS2","48","9/14/2026 10:49:12 PM","SeTimeZonePrivilege","NT AUTHORITY\LOCAL SERVICE","S-1-5-19"
"3934","MSADDS2","48","9/14/2026 10:49:12 PM","SeTimeZonePrivilege","BUILTIN\Administrators","S-1-5-32-544"
"3934","MSADDS2","48","9/14/2026 10:49:12 PM","SeTimeZonePrivilege","BUILTIN\Server Operators","S-1-5-32-549"
"3934","MSADDS2","48","9/14/2026 10:49:12 PM","SeCreateSymbolicLinkPrivilege","BUILTIN\Administrators","S-1-5-32-544"
"3934","MSADDS2","48","9/14/2026 10:49:12 PM","SeDelegateSessionUserImpersonatePrivilege","BUILTIN\Administrators","S-1-5-32-544"
"3935","PSADDS2","48","9/14/2026 10:49:13 PM","SeNetworkLogonRight","Everyone","S-1-1-0"
"3935","PSADDS2","48","9/14/2026 10:49:13 PM","SeNetworkLogonRight","NT AUTHORITY\Authenticated Users","S-1-5-11"
"3935","PSADDS2","48","9/14/2026 10:49:13 PM","SeNetworkLogonRight","IWAM_TRAX","IWAM_TRAX"
"3935","PSADDS2","48","9/14/2026 10:49:13 PM","SeNetworkLogonRight","BUILTIN\Administrators","S-1-5-32-544"
"3935","PSADDS2","48","9/14/2026 10:49:13 PM","SeNetworkLogonRight","BUILTIN\Users","S-1-5-32-545"
"3935","PSADDS2","48","9/14/2026 10:49:13 PM","SeNetworkLogonRight","BUILTIN\Backup Operators","S-1-5-32-551"
"3935","PSADDS2","48","9/14/2026 10:49:13 PM","SeNetworkLogonRight","BUILTIN\Pre-Windows 2000 Compatible Access","S-1-5-32-554"
"3935","PSADDS2","48","9/14/2026 10:49:13 PM","SeNetworkLogonRight","NT AUTHORITY\ENTERPRISE DOMAIN CONTROLLERS","S-1-5-9"
"3935","PSADDS2","48","9/14/2026 10:49:13 PM","SeBackupPrivilege","BUILTIN\Administrators","S-1-5-32-544"
"3935","PSADDS2","48","9/14/2026 10:49:13 PM","SeBackupPrivilege","BUILTIN\Backup Operators","S-1-5-32-551"
"3935","PSADDS2","48","9/14/2026 10:49:13 PM","SeChangeNotifyPrivilege","Everyone","S-1-1-0"
"3935","PSADDS2","48","9/14/2026 10:49:13 PM","SeChangeNotifyPrivilege","NT AUTHORITY\LOCAL SERVICE","S-1-5-19"
"3935","PSADDS2","48","9/14/2026 10:49:13 PM","SeChangeNotifyPrivilege","NT AUTHORITY\NETWORK SERVICE","S-1-5-20"
"3935","PSADDS2","48","9/14/2026 10:49:13 PM","SeChangeNotifyPrivilege","BUILTIN\Administrators","S-1-5-32-544"
"3935","PSADDS2","48","9/14/2026 10:49:13 PM","SeChangeNotifyPrivilege","BUILTIN\Users","S-1-5-32-545"
"3935","PSADDS2","48","9/14/2026 10:49:13 PM","SeChangeNotifyPrivilege","S-1-5-32-547","S-1-5-32-547"
"3935","PSADDS2","48","9/14/2026 10:49:13 PM","SeChangeNotifyPrivilege","BUILTIN\Backup Operators","S-1-5-32-551"
"3935","PSADDS2","48","9/14/2026 10:49:13 PM","SeChangeNotifyPrivilege","S-1-5-80-278727464-2799626827-3554134484-3874229996-3794241093","S-1-5-80-278727464-2799626827-3554134484-3874229996-3794241093"
"3935","PSADDS2","48","9/14/2026 10:49:13 PM","SeChangeNotifyPrivilege","S-1-5-80-513965296-3976842974-3725154243-275643233-1327859854","S-1-5-80-513965296-3976842974-3725154243-275643233-1327859854"
"3935","PSADDS2","48","9/14/2026 10:49:13 PM","SeSystemtimePrivilege","NT AUTHORITY\LOCAL SERVICE","S-1-5-19"
"3935","PSADDS2","48","9/14/2026 10:49:13 PM","SeSystemtimePrivilege","BUILTIN\Administrators","S-1-5-32-544"
"3935","PSADDS2","48","9/14/2026 10:49:13 PM","SeSystemtimePrivilege","S-1-5-32-547","S-1-5-32-547"
"3935","PSADDS2","48","9/14/2026 10:49:13 PM","SeCreatePagefilePrivilege","BUILTIN\Administrators","S-1-5-32-544"
"3935","PSADDS2","48","9/14/2026 10:49:13 PM","SeDebugPrivilege","BUILTIN\Administrators","S-1-5-32-544"
"3935","PSADDS2","48","9/14/2026 10:49:13 PM","SeRemoteShutdownPrivilege","BUILTIN\Administrators","S-1-5-32-544"
"3935","PSADDS2","48","9/14/2026 10:49:13 PM","SeAuditPrivilege","NT AUTHORITY\LOCAL SERVICE","S-1-5-19"
"3935","PSADDS2","48","9/14/2026 10:49:13 PM","SeAuditPrivilege","NT AUTHORITY\NETWORK SERVICE","S-1-5-20"
"3935","PSADDS2","48","9/14/2026 10:49:13 PM","SeAuditPrivilege","S-1-5-82-3006700770-424185619-1745488364-794895919-4004696415","S-1-5-82-3006700770-424185619-1745488364-794895919-4004696415"
"3935","PSADDS2","48","9/14/2026 10:49:13 PM","SeIncreaseQuotaPrivilege","NT AUTHORITY\LOCAL SERVICE","S-1-5-19"
"3935","PSADDS2","48","9/14/2026 10:49:13 PM","SeIncreaseQuotaPrivilege","NT AUTHORITY\NETWORK SERVICE","S-1-5-20"
"3935","PSADDS2","48","9/14/2026 10:49:13 PM","SeIncreaseQuotaPrivilege","IWAM_TRAX","IWAM_TRAX"
"3935","PSADDS2","48","9/14/2026 10:49:13 PM","SeIncreaseQuotaPrivilege","BUILTIN\Administrators","S-1-5-32-544"
"3935","PSADDS2","48","9/14/2026 10:49:13 PM","SeIncreaseQuotaPrivilege","S-1-5-80-278727464-2799626827-3554134484-3874229996-3794241093","S-1-5-80-278727464-2799626827-3554134484-3874229996-3794241093"
"3935","PSADDS2","48","9/14/2026 10:49:13 PM","SeIncreaseQuotaPrivilege","S-1-5-80-513965296-3976842974-3725154243-275643233-1327859854","S-1-5-80-513965296-3976842974-3725154243-275643233-1327859854"
"3935","PSADDS2","48","9/14/2026 10:49:13 PM","SeIncreaseQuotaPrivilege","S-1-5-82-3006700770-424185619-1745488364-794895919-4004696415","S-1-5-82-3006700770-424185619-1745488364-794895919-4004696415"
"3935","PSADDS2","48","9/14/2026 10:49:13 PM","SeIncreaseBasePriorityPrivilege","BUILTIN\Administrators","S-1-5-32-544"
"3935","PSADDS2","48","9/14/2026 10:49:13 PM","SeLoadDriverPrivilege","BUILTIN\Administrators","S-1-5-32-544"
"3935","PSADDS2","48","9/14/2026 10:49:13 PM","SeBatchLogonRight","IIS_WPG","IIS_WPG"
"3935","PSADDS2","48","9/14/2026 10:49:13 PM","SeBatchLogonRight","admn","admn"
"3935","PSADDS2","48","9/14/2026 10:49:13 PM","SeBatchLogonRight","IWAM_TRAX","IWAM_TRAX"
"3935","PSADDS2","48","9/14/2026 10:49:13 PM","SeBatchLogonRight","BUILTIN\IIS_IUSRS","S-1-5-32-568"
"3935","PSADDS2","48","9/14/2026 10:49:13 PM","SeServiceLogonRight","SVCMSDefender$","SVCMSDefender$"
"3935","PSADDS2","48","9/14/2026 10:49:13 PM","SeInteractiveLogonRight","BUILTIN\Administrators","S-1-5-32-544"
"3935","PSADDS2","48","9/14/2026 10:49:13 PM","SeInteractiveLogonRight","BUILTIN\Users","S-1-5-32-545"
"3935","PSADDS2","48","9/14/2026 10:49:13 PM","SeInteractiveLogonRight","S-1-5-32-547","S-1-5-32-547"
"3935","PSADDS2","48","9/14/2026 10:49:13 PM","SeInteractiveLogonRight","BUILTIN\Backup Operators","S-1-5-32-551"
"3935","PSADDS2","48","9/14/2026 10:49:13 PM","SeInteractiveLogonRight","S-1-5-93-2-2","S-1-5-93-2-2"
"3935","PSADDS2","48","9/14/2026 10:49:13 PM","SeSecurityPrivilege","BUILTIN\Administrators","S-1-5-32-544"
"3935","PSADDS2","48","9/14/2026 10:49:13 PM","SeSystemEnvironmentPrivilege","BUILTIN\Administrators","S-1-5-32-544"
"3935","PSADDS2","48","9/14/2026 10:49:13 PM","SeProfileSingleProcessPrivilege","BUILTIN\Administrators","S-1-5-32-544"
"3935","PSADDS2","48","9/14/2026 10:49:13 PM","SeProfileSingleProcessPrivilege","S-1-5-32-547","S-1-5-32-547"
"3935","PSADDS2","48","9/14/2026 10:49:13 PM","SeSystemProfilePrivilege","BUILTIN\Administrators","S-1-5-32-544"
"3935","PSADDS2","48","9/14/2026 10:49:13 PM","SeAssignPrimaryTokenPrivilege","NT AUTHORITY\LOCAL SERVICE","S-1-5-19"
"3935","PSADDS2","48","9/14/2026 10:49:13 PM","SeAssignPrimaryTokenPrivilege","NT AUTHORITY\NETWORK SERVICE","S-1-5-20"
"3935","PSADDS2","48","9/14/2026 10:49:13 PM","SeAssignPrimaryTokenPrivilege","IWAM_TRAX","IWAM_TRAX"
"3935","PSADDS2","48","9/14/2026 10:49:13 PM","SeAssignPrimaryTokenPrivilege","S-1-5-80-278727464-2799626827-3554134484-3874229996-3794241093","S-1-5-80-278727464-2799626827-3554134484-3874229996-3794241093"
"3935","PSADDS2","48","9/14/2026 10:49:13 PM","SeAssignPrimaryTokenPrivilege","S-1-5-80-513965296-3976842974-3725154243-275643233-1327859854","S-1-5-80-513965296-3976842974-3725154243-275643233-1327859854"
"3935","PSADDS2","48","9/14/2026 10:49:13 PM","SeAssignPrimaryTokenPrivilege","S-1-5-82-3006700770-424185619-1745488364-794895919-4004696415","S-1-5-82-3006700770-424185619-1745488364-794895919-4004696415"
"3935","PSADDS2","48","9/14/2026 10:49:13 PM","SeRestorePrivilege","BUILTIN\Administrators","S-1-5-32-544"
"3935","PSADDS2","48","9/14/2026 10:49:13 PM","SeRestorePrivilege","BUILTIN\Backup Operators","S-1-5-32-551"
"3935","PSADDS2","48","9/14/2026 10:49:13 PM","SeShutdownPrivilege","BUILTIN\Administrators","S-1-5-32-544"
"3935","PSADDS2","48","9/14/2026 10:49:13 PM","SeShutdownPrivilege","S-1-5-32-547","S-1-5-32-547"
"3935","PSADDS2","48","9/14/2026 10:49:13 PM","SeShutdownPrivilege","BUILTIN\Backup Operators","S-1-5-32-551"
"3935","PSADDS2","48","9/14/2026 10:49:13 PM","SeTakeOwnershipPrivilege","BUILTIN\Administrators","S-1-5-32-544"
"3935","PSADDS2","48","9/14/2026 10:49:13 PM","SeUndockPrivilege","BUILTIN\Administrators","S-1-5-32-544"
"3935","PSADDS2","48","9/14/2026 10:49:13 PM","SeUndockPrivilege","S-1-5-32-547","S-1-5-32-547"
"3935","PSADDS2","48","9/14/2026 10:49:13 PM","SeEnableDelegationPrivilege","admn","admn"
"3935","PSADDS2","48","9/14/2026 10:49:13 PM","SeEnableDelegationPrivilege","Domain Admins","Domain Admins"
"3935","PSADDS2","48","9/14/2026 10:49:13 PM","SeEnableDelegationPrivilege","BUILTIN\Administrators","S-1-5-32-544"
"3935","PSADDS2","48","9/14/2026 10:49:13 PM","SeManageVolumePrivilege","BUILTIN\Administrators","S-1-5-32-544"
"3935","PSADDS2","48","9/14/2026 10:49:13 PM","SeRemoteInteractiveLogonRight","BUILTIN\Administrators","S-1-5-32-544"
"3935","PSADDS2","48","9/14/2026 10:49:13 PM","SeRemoteInteractiveLogonRight","BUILTIN\Remote Desktop Users","S-1-5-32-555"
"3935","PSADDS2","48","9/14/2026 10:49:13 PM","SeImpersonatePrivilege","NT AUTHORITY\LOCAL SERVICE","S-1-5-19"
"3935","PSADDS2","48","9/14/2026 10:49:13 PM","SeImpersonatePrivilege","NT AUTHORITY\NETWORK SERVICE","S-1-5-20"
"3935","PSADDS2","48","9/14/2026 10:49:13 PM","SeImpersonatePrivilege","IIS_WPG","IIS_WPG"
"3935","PSADDS2","48","9/14/2026 10:49:13 PM","SeImpersonatePrivilege","BUILTIN\Administrators","S-1-5-32-544"
"3935","PSADDS2","48","9/14/2026 10:49:13 PM","SeImpersonatePrivilege","BUILTIN\IIS_IUSRS","S-1-5-32-568"
"3935","PSADDS2","48","9/14/2026 10:49:13 PM","SeImpersonatePrivilege","NT AUTHORITY\SERVICE","S-1-5-6"
"3935","PSADDS2","48","9/14/2026 10:49:13 PM","SeCreateGlobalPrivilege","NT AUTHORITY\LOCAL SERVICE","S-1-5-19"
"3935","PSADDS2","48","9/14/2026 10:49:13 PM","SeCreateGlobalPrivilege","NT AUTHORITY\NETWORK SERVICE","S-1-5-20"
"3935","PSADDS2","48","9/14/2026 10:49:13 PM","SeCreateGlobalPrivilege","BUILTIN\Administrators","S-1-5-32-544"
"3935","PSADDS2","48","9/14/2026 10:49:13 PM","SeCreateGlobalPrivilege","NT AUTHORITY\SERVICE","S-1-5-6"
"3935","PSADDS2","48","9/14/2026 10:49:13 PM","SeIncreaseWorkingSetPrivilege","BUILTIN\Users","S-1-5-32-545"
"3935","PSADDS2","48","9/14/2026 10:49:13 PM","SeTimeZonePrivilege","NT AUTHORITY\LOCAL SERVICE","S-1-5-19"
"3935","PSADDS2","48","9/14/2026 10:49:13 PM","SeTimeZonePrivilege","BUILTIN\Administrators","S-1-5-32-544"
"3935","PSADDS2","48","9/14/2026 10:49:13 PM","SeTimeZonePrivilege","BUILTIN\Server Operators","S-1-5-32-549"
"3935","PSADDS2","48","9/14/2026 10:49:13 PM","SeCreateSymbolicLinkPrivilege","BUILTIN\Administrators","S-1-5-32-544"
"3935","PSADDS2","48","9/14/2026 10:49:13 PM","SeDelegateSessionUserImpersonatePrivilege","BUILTIN\Administrators","S-1-5-32-544"
"3940","ASPKIESUB1","54","9/14/2026 10:49:13 PM","SeNetworkLogonRight","Everyone","S-1-1-0"
"3940","ASPKIESUB1","54","9/14/2026 10:49:13 PM","SeNetworkLogonRight","BUILTIN\Administrators","S-1-5-32-544"
"3940","ASPKIESUB1","54","9/14/2026 10:49:13 PM","SeNetworkLogonRight","BUILTIN\Users","S-1-5-32-545"
"3940","ASPKIESUB1","54","9/14/2026 10:49:13 PM","SeNetworkLogonRight","BUILTIN\Backup Operators","S-1-5-32-551"
"3940","ASPKIESUB1","54","9/14/2026 10:49:13 PM","SeBackupPrivilege","BUILTIN\Administrators","S-1-5-32-544"
"3940","ASPKIESUB1","54","9/14/2026 10:49:13 PM","SeBackupPrivilege","BUILTIN\Backup Operators","S-1-5-32-551"
"3940","ASPKIESUB1","54","9/14/2026 10:49:13 PM","SeChangeNotifyPrivilege","Everyone","S-1-1-0"
"3940","ASPKIESUB1","54","9/14/2026 10:49:13 PM","SeChangeNotifyPrivilege","NT AUTHORITY\LOCAL SERVICE","S-1-5-19"
"3940","ASPKIESUB1","54","9/14/2026 10:49:13 PM","SeChangeNotifyPrivilege","NT AUTHORITY\NETWORK SERVICE","S-1-5-20"
"3940","ASPKIESUB1","54","9/14/2026 10:49:13 PM","SeChangeNotifyPrivilege","BUILTIN\Administrators","S-1-5-32-544"
"3940","ASPKIESUB1","54","9/14/2026 10:49:13 PM","SeChangeNotifyPrivilege","BUILTIN\Users","S-1-5-32-545"
"3940","ASPKIESUB1","54","9/14/2026 10:49:13 PM","SeChangeNotifyPrivilege","BUILTIN\Backup Operators","S-1-5-32-551"
"3940","ASPKIESUB1","54","9/14/2026 10:49:13 PM","SeChangeNotifyPrivilege","RESTRICTED SERVICES\PrintSpoolerService","S-1-5-99-216390572-1995538116-3857911515-2404958512-2623887229"
"3940","ASPKIESUB1","54","9/14/2026 10:49:13 PM","SeSystemtimePrivilege","NT AUTHORITY\LOCAL SERVICE","S-1-5-19"
"3940","ASPKIESUB1","54","9/14/2026 10:49:13 PM","SeSystemtimePrivilege","BUILTIN\Administrators","S-1-5-32-544"
"3940","ASPKIESUB1","54","9/14/2026 10:49:13 PM","SeCreatePagefilePrivilege","BUILTIN\Administrators","S-1-5-32-544"
"3940","ASPKIESUB1","54","9/14/2026 10:49:13 PM","SeDebugPrivilege","BUILTIN\Administrators","S-1-5-32-544"
"3940","ASPKIESUB1","54","9/14/2026 10:49:13 PM","SeRemoteShutdownPrivilege","BUILTIN\Administrators","S-1-5-32-544"
"3940","ASPKIESUB1","54","9/14/2026 10:49:13 PM","SeAuditPrivilege","NT AUTHORITY\LOCAL SERVICE","S-1-5-19"
"3940","ASPKIESUB1","54","9/14/2026 10:49:13 PM","SeAuditPrivilege","NT AUTHORITY\NETWORK SERVICE","S-1-5-20"
"3940","ASPKIESUB1","54","9/14/2026 10:49:13 PM","SeAuditPrivilege","IIS APPPOOL\.NET v4.5","S-1-5-82-271721585-897601226-2024613209-625570482-296978595"
"3940","ASPKIESUB1","54","9/14/2026 10:49:13 PM","SeAuditPrivilege","IIS APPPOOL\DefaultAppPool","S-1-5-82-3006700770-424185619-1745488364-794895919-4004696415"
"3940","ASPKIESUB1","54","9/14/2026 10:49:13 PM","SeAuditPrivilege","IIS APPPOOL\PKI","S-1-5-82-3838769966-1103688500-761645633-361651219-3268545191"
"3940","ASPKIESUB1","54","9/14/2026 10:49:13 PM","SeAuditPrivilege","IIS APPPOOL\.NET v4.5 Classic","S-1-5-82-3876422241-1344743610-1729199087-774402673-2621913236"
"3940","ASPKIESUB1","54","9/14/2026 10:49:13 PM","SeAuditPrivilege","RESTRICTED SERVICES\PrintSpoolerService","S-1-5-99-216390572-1995538116-3857911515-2404958512-2623887229"
"3940","ASPKIESUB1","54","9/14/2026 10:49:13 PM","SeIncreaseQuotaPrivilege","NT AUTHORITY\LOCAL SERVICE","S-1-5-19"
"3940","ASPKIESUB1","54","9/14/2026 10:49:13 PM","SeIncreaseQuotaPrivilege","NT AUTHORITY\NETWORK SERVICE","S-1-5-20"
"3940","ASPKIESUB1","54","9/14/2026 10:49:13 PM","SeIncreaseQuotaPrivilege","BUILTIN\Administrators","S-1-5-32-544"
"3940","ASPKIESUB1","54","9/14/2026 10:49:13 PM","SeIncreaseQuotaPrivilege","IIS APPPOOL\.NET v4.5","S-1-5-82-271721585-897601226-2024613209-625570482-296978595"
"3940","ASPKIESUB1","54","9/14/2026 10:49:13 PM","SeIncreaseQuotaPrivilege","IIS APPPOOL\DefaultAppPool","S-1-5-82-3006700770-424185619-1745488364-794895919-4004696415"
"3940","ASPKIESUB1","54","9/14/2026 10:49:13 PM","SeIncreaseQuotaPrivilege","IIS APPPOOL\PKI","S-1-5-82-3838769966-1103688500-761645633-361651219-3268545191"
"3940","ASPKIESUB1","54","9/14/2026 10:49:13 PM","SeIncreaseQuotaPrivilege","IIS APPPOOL\.NET v4.5 Classic","S-1-5-82-3876422241-1344743610-1729199087-774402673-2621913236"
"3940","ASPKIESUB1","54","9/14/2026 10:49:13 PM","SeIncreaseBasePriorityPrivilege","BUILTIN\Administrators","S-1-5-32-544"
"3940","ASPKIESUB1","54","9/14/2026 10:49:13 PM","SeIncreaseBasePriorityPrivilege","Window Manager\Window Manager Group","S-1-5-90-0"
"3940","ASPKIESUB1","54","9/14/2026 10:49:13 PM","SeLoadDriverPrivilege","BUILTIN\Administrators","S-1-5-32-544"
"3940","ASPKIESUB1","54","9/14/2026 10:49:13 PM","SeBatchLogonRight","BUILTIN\Administrators","S-1-5-32-544"
"3940","ASPKIESUB1","54","9/14/2026 10:49:13 PM","SeBatchLogonRight","BUILTIN\Backup Operators","S-1-5-32-551"
"3940","ASPKIESUB1","54","9/14/2026 10:49:13 PM","SeBatchLogonRight","BUILTIN\Performance Log Users","S-1-5-32-559"
"3940","ASPKIESUB1","54","9/14/2026 10:49:13 PM","SeBatchLogonRight","BUILTIN\IIS_IUSRS","S-1-5-32-568"
"3940","ASPKIESUB1","54","9/14/2026 10:49:13 PM","SeServiceLogonRight","HARDDOLLAR\SVC.MDI-ADCS$","S-1-5-21-3931559087-14600624-1992188608-45118"
"3940","ASPKIESUB1","54","9/14/2026 10:49:13 PM","SeInteractiveLogonRight","BUILTIN\Administrators","S-1-5-32-544"
"3940","ASPKIESUB1","54","9/14/2026 10:49:13 PM","SeSecurityPrivilege","BUILTIN\Administrators","S-1-5-32-544"
"3940","ASPKIESUB1","54","9/14/2026 10:49:13 PM","SeSystemEnvironmentPrivilege","BUILTIN\Administrators","S-1-5-32-544"
"3940","ASPKIESUB1","54","9/14/2026 10:49:13 PM","SeProfileSingleProcessPrivilege","BUILTIN\Administrators","S-1-5-32-544"
"3940","ASPKIESUB1","54","9/14/2026 10:49:13 PM","SeSystemProfilePrivilege","BUILTIN\Administrators","S-1-5-32-544"
"3940","ASPKIESUB1","54","9/14/2026 10:49:13 PM","SeSystemProfilePrivilege","NT SERVICE\WdiServiceHost","S-1-5-80-3139157870-2983391045-3678747466-658725712-1809340420"
"3940","ASPKIESUB1","54","9/14/2026 10:49:13 PM","SeAssignPrimaryTokenPrivilege","NT AUTHORITY\LOCAL SERVICE","S-1-5-19"
"3940","ASPKIESUB1","54","9/14/2026 10:49:13 PM","SeAssignPrimaryTokenPrivilege","NT AUTHORITY\NETWORK SERVICE","S-1-5-20"
"3940","ASPKIESUB1","54","9/14/2026 10:49:13 PM","SeAssignPrimaryTokenPrivilege","IIS APPPOOL\.NET v4.5","S-1-5-82-271721585-897601226-2024613209-625570482-296978595"
"3940","ASPKIESUB1","54","9/14/2026 10:49:13 PM","SeAssignPrimaryTokenPrivilege","IIS APPPOOL\DefaultAppPool","S-1-5-82-3006700770-424185619-1745488364-794895919-4004696415"
"3940","ASPKIESUB1","54","9/14/2026 10:49:13 PM","SeAssignPrimaryTokenPrivilege","IIS APPPOOL\PKI","S-1-5-82-3838769966-1103688500-761645633-361651219-3268545191"
"3940","ASPKIESUB1","54","9/14/2026 10:49:13 PM","SeAssignPrimaryTokenPrivilege","IIS APPPOOL\.NET v4.5 Classic","S-1-5-82-3876422241-1344743610-1729199087-774402673-2621913236"
"3940","ASPKIESUB1","54","9/14/2026 10:49:13 PM","SeRestorePrivilege","BUILTIN\Administrators","S-1-5-32-544"
"3940","ASPKIESUB1","54","9/14/2026 10:49:13 PM","SeRestorePrivilege","BUILTIN\Backup Operators","S-1-5-32-551"
"3940","ASPKIESUB1","54","9/14/2026 10:49:13 PM","SeShutdownPrivilege","BUILTIN\Administrators","S-1-5-32-544"
"3940","ASPKIESUB1","54","9/14/2026 10:49:13 PM","SeTakeOwnershipPrivilege","BUILTIN\Administrators","S-1-5-32-544"
"3940","ASPKIESUB1","54","9/14/2026 10:49:13 PM","SeDenyBatchLogonRight","BUILTIN\Guests","S-1-5-32-546"
"3940","ASPKIESUB1","54","9/14/2026 10:49:13 PM","SeDenyServiceLogonRight","BUILTIN\Guests","S-1-5-32-546"
"3940","ASPKIESUB1","54","9/14/2026 10:49:13 PM","SeDenyInteractiveLogonRight","BUILTIN\Guests","S-1-5-32-546"
"3940","ASPKIESUB1","54","9/14/2026 10:49:13 PM","SeUndockPrivilege","BUILTIN\Administrators","S-1-5-32-544"
"3940","ASPKIESUB1","54","9/14/2026 10:49:13 PM","SeManageVolumePrivilege","BUILTIN\Administrators","S-1-5-32-544"
"3940","ASPKIESUB1","54","9/14/2026 10:49:13 PM","SeRemoteInteractiveLogonRight","BUILTIN\Administrators","S-1-5-32-544"
"3940","ASPKIESUB1","54","9/14/2026 10:49:13 PM","SeRemoteInteractiveLogonRight","BUILTIN\Remote Desktop Users","S-1-5-32-555"
"3940","ASPKIESUB1","54","9/14/2026 10:49:13 PM","SeDenyRemoteInteractiveLogonRight","BUILTIN\Guests","S-1-5-32-546"
"3940","ASPKIESUB1","54","9/14/2026 10:49:13 PM","SeImpersonatePrivilege","NT AUTHORITY\LOCAL SERVICE","S-1-5-19"
"3940","ASPKIESUB1","54","9/14/2026 10:49:13 PM","SeImpersonatePrivilege","NT AUTHORITY\NETWORK SERVICE","S-1-5-20"
"3940","ASPKIESUB1","54","9/14/2026 10:49:13 PM","SeImpersonatePrivilege","BUILTIN\Administrators","S-1-5-32-544"
"3940","ASPKIESUB1","54","9/14/2026 10:49:13 PM","SeImpersonatePrivilege","BUILTIN\IIS_IUSRS","S-1-5-32-568"
"3940","ASPKIESUB1","54","9/14/2026 10:49:13 PM","SeImpersonatePrivilege","NT AUTHORITY\SERVICE","S-1-5-6"
"3940","ASPKIESUB1","54","9/14/2026 10:49:13 PM","SeImpersonatePrivilege","RESTRICTED SERVICES\PrintSpoolerService","S-1-5-99-216390572-1995538116-3857911515-2404958512-2623887229"
"3940","ASPKIESUB1","54","9/14/2026 10:49:13 PM","SeCreateGlobalPrivilege","NT AUTHORITY\LOCAL SERVICE","S-1-5-19"
"3940","ASPKIESUB1","54","9/14/2026 10:49:13 PM","SeCreateGlobalPrivilege","NT AUTHORITY\NETWORK SERVICE","S-1-5-20"
"3940","ASPKIESUB1","54","9/14/2026 10:49:13 PM","SeCreateGlobalPrivilege","BUILTIN\Administrators","S-1-5-32-544"
"3940","ASPKIESUB1","54","9/14/2026 10:49:13 PM","SeCreateGlobalPrivilege","NT AUTHORITY\SERVICE","S-1-5-6"
"3940","ASPKIESUB1","54","9/14/2026 10:49:13 PM","SeIncreaseWorkingSetPrivilege","BUILTIN\Users","S-1-5-32-545"
"3940","ASPKIESUB1","54","9/14/2026 10:49:13 PM","SeTimeZonePrivilege","NT AUTHORITY\LOCAL SERVICE","S-1-5-19"
"3940","ASPKIESUB1","54","9/14/2026 10:49:13 PM","SeTimeZonePrivilege","BUILTIN\Administrators","S-1-5-32-544"
"3940","ASPKIESUB1","54","9/14/2026 10:49:13 PM","SeCreateSymbolicLinkPrivilege","BUILTIN\Administrators","S-1-5-32-544"
"3940","ASPKIESUB1","54","9/14/2026 10:49:13 PM","SeDelegateSessionUserImpersonatePrivilege","BUILTIN\Administrators","S-1-5-32-544"
"4092","PSCONNECTSYNC1","54","9/14/2026 10:49:15 PM","SeNetworkLogonRight","Everyone","S-1-1-0"
"4092","PSCONNECTSYNC1","54","9/14/2026 10:49:15 PM","SeNetworkLogonRight","BUILTIN\Administrators","S-1-5-32-544"
"4092","PSCONNECTSYNC1","54","9/14/2026 10:49:15 PM","SeNetworkLogonRight","BUILTIN\Users","S-1-5-32-545"
"4092","PSCONNECTSYNC1","54","9/14/2026 10:49:15 PM","SeNetworkLogonRight","BUILTIN\Backup Operators","S-1-5-32-551"
"4092","PSCONNECTSYNC1","54","9/14/2026 10:49:15 PM","SeBackupPrivilege","BUILTIN\Administrators","S-1-5-32-544"
"4092","PSCONNECTSYNC1","54","9/14/2026 10:49:15 PM","SeBackupPrivilege","BUILTIN\Backup Operators","S-1-5-32-551"
"4092","PSCONNECTSYNC1","54","9/14/2026 10:49:15 PM","SeChangeNotifyPrivilege","Everyone","S-1-1-0"
"4092","PSCONNECTSYNC1","54","9/14/2026 10:49:15 PM","SeChangeNotifyPrivilege","NT AUTHORITY\LOCAL SERVICE","S-1-5-19"
"4092","PSCONNECTSYNC1","54","9/14/2026 10:49:15 PM","SeChangeNotifyPrivilege","NT AUTHORITY\NETWORK SERVICE","S-1-5-20"
"4092","PSCONNECTSYNC1","54","9/14/2026 10:49:15 PM","SeChangeNotifyPrivilege","BUILTIN\Administrators","S-1-5-32-544"
"4092","PSCONNECTSYNC1","54","9/14/2026 10:49:15 PM","SeChangeNotifyPrivilege","BUILTIN\Users","S-1-5-32-545"
"4092","PSCONNECTSYNC1","54","9/14/2026 10:49:15 PM","SeChangeNotifyPrivilege","BUILTIN\Backup Operators","S-1-5-32-551"
"4092","PSCONNECTSYNC1","54","9/14/2026 10:49:15 PM","SeChangeNotifyPrivilege","RESTRICTED SERVICES\PrintSpoolerService","S-1-5-99-216390572-1995538116-3857911515-2404958512-2623887229"
"4092","PSCONNECTSYNC1","54","9/14/2026 10:49:15 PM","SeSystemtimePrivilege","NT AUTHORITY\LOCAL SERVICE","S-1-5-19"
"4092","PSCONNECTSYNC1","54","9/14/2026 10:49:15 PM","SeSystemtimePrivilege","BUILTIN\Administrators","S-1-5-32-544"
"4092","PSCONNECTSYNC1","54","9/14/2026 10:49:15 PM","SeCreatePagefilePrivilege","BUILTIN\Administrators","S-1-5-32-544"
"4092","PSCONNECTSYNC1","54","9/14/2026 10:49:15 PM","SeDebugPrivilege","BUILTIN\Administrators","S-1-5-32-544"
"4092","PSCONNECTSYNC1","54","9/14/2026 10:49:15 PM","SeRemoteShutdownPrivilege","BUILTIN\Administrators","S-1-5-32-544"
"4092","PSCONNECTSYNC1","54","9/14/2026 10:49:15 PM","SeAuditPrivilege","NT AUTHORITY\LOCAL SERVICE","S-1-5-19"
"4092","PSCONNECTSYNC1","54","9/14/2026 10:49:15 PM","SeAuditPrivilege","NT AUTHORITY\NETWORK SERVICE","S-1-5-20"
"4092","PSCONNECTSYNC1","54","9/14/2026 10:49:15 PM","SeAuditPrivilege","RESTRICTED SERVICES\PrintSpoolerService","S-1-5-99-216390572-1995538116-3857911515-2404958512-2623887229"
"4092","PSCONNECTSYNC1","54","9/14/2026 10:49:15 PM","SeIncreaseQuotaPrivilege","NT AUTHORITY\LOCAL SERVICE","S-1-5-19"
"4092","PSCONNECTSYNC1","54","9/14/2026 10:49:15 PM","SeIncreaseQuotaPrivilege","NT AUTHORITY\NETWORK SERVICE","S-1-5-20"
"4092","PSCONNECTSYNC1","54","9/14/2026 10:49:15 PM","SeIncreaseQuotaPrivilege","BUILTIN\Administrators","S-1-5-32-544"
"4092","PSCONNECTSYNC1","54","9/14/2026 10:49:15 PM","SeIncreaseBasePriorityPrivilege","BUILTIN\Administrators","S-1-5-32-544"
"4092","PSCONNECTSYNC1","54","9/14/2026 10:49:15 PM","SeIncreaseBasePriorityPrivilege","Window Manager\Window Manager Group","S-1-5-90-0"
"4092","PSCONNECTSYNC1","54","9/14/2026 10:49:15 PM","SeLoadDriverPrivilege","BUILTIN\Administrators","S-1-5-32-544"
"4092","PSCONNECTSYNC1","54","9/14/2026 10:49:15 PM","SeBatchLogonRight","BUILTIN\Administrators","S-1-5-32-544"
"4092","PSCONNECTSYNC1","54","9/14/2026 10:49:15 PM","SeBatchLogonRight","BUILTIN\Backup Operators","S-1-5-32-551"
"4092","PSCONNECTSYNC1","54","9/14/2026 10:49:15 PM","SeBatchLogonRight","BUILTIN\Performance Log Users","S-1-5-32-559"
"4092","PSCONNECTSYNC1","54","9/14/2026 10:49:15 PM","SeServiceLogonRight","HARDDOLLAR\SVCMSDefender$","S-1-5-21-3931559087-14600624-1992188608-26655"
"4092","PSCONNECTSYNC1","54","9/14/2026 10:49:15 PM","SeServiceLogonRight","HARDDOLLAR\pGMSA_42f1245a$","S-1-5-21-3931559087-14600624-1992188608-32635"
"4092","PSCONNECTSYNC1","54","9/14/2026 10:49:15 PM","SeServiceLogonRight","NT SERVICE\ALL SERVICES","S-1-5-80-0"
"4092","PSCONNECTSYNC1","54","9/14/2026 10:49:15 PM","SeServiceLogonRight","NT SERVICE\ADSync","S-1-5-80-3245704983-3664226991-764670653-2504430226-901976451"
"4092","PSCONNECTSYNC1","54","9/14/2026 10:49:15 PM","SeServiceLogonRight","NT SERVICE\himds","S-1-5-80-4215458991-2034252225-2287069555-1155419622-2701885083"
"4092","PSCONNECTSYNC1","54","9/14/2026 10:49:15 PM","SeServiceLogonRight","RESTRICTED SERVICES\ALL RESTRICTED SERVICES","S-1-5-99-0"
"4092","PSCONNECTSYNC1","54","9/14/2026 10:49:15 PM","SeInteractiveLogonRight","BUILTIN\Administrators","S-1-5-32-544"
"4092","PSCONNECTSYNC1","54","9/14/2026 10:49:15 PM","SeSecurityPrivilege","BUILTIN\Administrators","S-1-5-32-544"
"4092","PSCONNECTSYNC1","54","9/14/2026 10:49:15 PM","SeSystemEnvironmentPrivilege","BUILTIN\Administrators","S-1-5-32-544"
"4092","PSCONNECTSYNC1","54","9/14/2026 10:49:15 PM","SeProfileSingleProcessPrivilege","BUILTIN\Administrators","S-1-5-32-544"
"4092","PSCONNECTSYNC1","54","9/14/2026 10:49:15 PM","SeSystemProfilePrivilege","BUILTIN\Administrators","S-1-5-32-544"
"4092","PSCONNECTSYNC1","54","9/14/2026 10:49:15 PM","SeSystemProfilePrivilege","NT SERVICE\WdiServiceHost","S-1-5-80-3139157870-2983391045-3678747466-658725712-1809340420"
"4092","PSCONNECTSYNC1","54","9/14/2026 10:49:15 PM","SeAssignPrimaryTokenPrivilege","NT AUTHORITY\LOCAL SERVICE","S-1-5-19"
"4092","PSCONNECTSYNC1","54","9/14/2026 10:49:15 PM","SeAssignPrimaryTokenPrivilege","NT AUTHORITY\NETWORK SERVICE","S-1-5-20"
"4092","PSCONNECTSYNC1","54","9/14/2026 10:49:15 PM","SeRestorePrivilege","BUILTIN\Administrators","S-1-5-32-544"
"4092","PSCONNECTSYNC1","54","9/14/2026 10:49:15 PM","SeRestorePrivilege","BUILTIN\Backup Operators","S-1-5-32-551"
"4092","PSCONNECTSYNC1","54","9/14/2026 10:49:15 PM","SeShutdownPrivilege","BUILTIN\Administrators","S-1-5-32-544"
"4092","PSCONNECTSYNC1","54","9/14/2026 10:49:15 PM","SeTakeOwnershipPrivilege","BUILTIN\Administrators","S-1-5-32-544"
"4092","PSCONNECTSYNC1","54","9/14/2026 10:49:15 PM","SeDenyBatchLogonRight","BUILTIN\Guests","S-1-5-32-546"
"4092","PSCONNECTSYNC1","54","9/14/2026 10:49:15 PM","SeDenyServiceLogonRight","BUILTIN\Guests","S-1-5-32-546"
"4092","PSCONNECTSYNC1","54","9/14/2026 10:49:15 PM","SeDenyInteractiveLogonRight","BUILTIN\Guests","S-1-5-32-546"
"4092","PSCONNECTSYNC1","54","9/14/2026 10:49:15 PM","SeUndockPrivilege","BUILTIN\Administrators","S-1-5-32-544"
"4092","PSCONNECTSYNC1","54","9/14/2026 10:49:15 PM","SeManageVolumePrivilege","BUILTIN\Administrators","S-1-5-32-544"
"4092","PSCONNECTSYNC1","54","9/14/2026 10:49:15 PM","SeRemoteInteractiveLogonRight","BUILTIN\Administrators","S-1-5-32-544"
"4092","PSCONNECTSYNC1","54","9/14/2026 10:49:15 PM","SeRemoteInteractiveLogonRight","BUILTIN\Remote Desktop Users","S-1-5-32-555"
"4092","PSCONNECTSYNC1","54","9/14/2026 10:49:15 PM","SeDenyRemoteInteractiveLogonRight","BUILTIN\Guests","S-1-5-32-546"
"4092","PSCONNECTSYNC1","54","9/14/2026 10:49:15 PM","SeImpersonatePrivilege","NT AUTHORITY\LOCAL SERVICE","S-1-5-19"
"4092","PSCONNECTSYNC1","54","9/14/2026 10:49:15 PM","SeImpersonatePrivilege","NT AUTHORITY\NETWORK SERVICE","S-1-5-20"
"4092","PSCONNECTSYNC1","54","9/14/2026 10:49:15 PM","SeImpersonatePrivilege","BUILTIN\Administrators","S-1-5-32-544"
"4092","PSCONNECTSYNC1","54","9/14/2026 10:49:15 PM","SeImpersonatePrivilege","NT AUTHORITY\SERVICE","S-1-5-6"
"4092","PSCONNECTSYNC1","54","9/14/2026 10:49:15 PM","SeImpersonatePrivilege","RESTRICTED SERVICES\PrintSpoolerService","S-1-5-99-216390572-1995538116-3857911515-2404958512-2623887229"
"4092","PSCONNECTSYNC1","54","9/14/2026 10:49:15 PM","SeCreateGlobalPrivilege","NT AUTHORITY\LOCAL SERVICE","S-1-5-19"
"4092","PSCONNECTSYNC1","54","9/14/2026 10:49:15 PM","SeCreateGlobalPrivilege","NT AUTHORITY\NETWORK SERVICE","S-1-5-20"
"4092","PSCONNECTSYNC1","54","9/14/2026 10:49:15 PM","SeCreateGlobalPrivilege","BUILTIN\Administrators","S-1-5-32-544"
"4092","PSCONNECTSYNC1","54","9/14/2026 10:49:15 PM","SeCreateGlobalPrivilege","NT AUTHORITY\SERVICE","S-1-5-6"
"4092","PSCONNECTSYNC1","54","9/14/2026 10:49:15 PM","SeIncreaseWorkingSetPrivilege","BUILTIN\Users","S-1-5-32-545"
"4092","PSCONNECTSYNC1","54","9/14/2026 10:49:15 PM","SeTimeZonePrivilege","NT AUTHORITY\LOCAL SERVICE","S-1-5-19"
"4092","PSCONNECTSYNC1","54","9/14/2026 10:49:15 PM","SeTimeZonePrivilege","BUILTIN\Administrators","S-1-5-32-544"
"4092","PSCONNECTSYNC1","54","9/14/2026 10:49:15 PM","SeCreateSymbolicLinkPrivilege","BUILTIN\Administrators","S-1-5-32-544"
"4092","PSCONNECTSYNC1","54","9/14/2026 10:49:15 PM","SeDelegateSessionUserImpersonatePrivilege","BUILTIN\Administrators","S-1-5-32-544"
"4094","PSCLOUDSYNC1","54","9/14/2026 10:49:16 PM","SeNetworkLogonRight","Everyone","S-1-1-0"
"4094","PSCLOUDSYNC1","54","9/14/2026 10:49:16 PM","SeNetworkLogonRight","BUILTIN\Administrators","S-1-5-32-544"
"4094","PSCLOUDSYNC1","54","9/14/2026 10:49:16 PM","SeNetworkLogonRight","BUILTIN\Users","S-1-5-32-545"
"4094","PSCLOUDSYNC1","54","9/14/2026 10:49:16 PM","SeNetworkLogonRight","BUILTIN\Backup Operators","S-1-5-32-551"
"4094","PSCLOUDSYNC1","54","9/14/2026 10:49:16 PM","SeBackupPrivilege","BUILTIN\Administrators","S-1-5-32-544"
"4094","PSCLOUDSYNC1","54","9/14/2026 10:49:16 PM","SeBackupPrivilege","BUILTIN\Backup Operators","S-1-5-32-551"
"4094","PSCLOUDSYNC1","54","9/14/2026 10:49:16 PM","SeChangeNotifyPrivilege","Everyone","S-1-1-0"
"4094","PSCLOUDSYNC1","54","9/14/2026 10:49:16 PM","SeChangeNotifyPrivilege","NT AUTHORITY\LOCAL SERVICE","S-1-5-19"
"4094","PSCLOUDSYNC1","54","9/14/2026 10:49:16 PM","SeChangeNotifyPrivilege","NT AUTHORITY\NETWORK SERVICE","S-1-5-20"
"4094","PSCLOUDSYNC1","54","9/14/2026 10:49:16 PM","SeChangeNotifyPrivilege","BUILTIN\Administrators","S-1-5-32-544"
"4094","PSCLOUDSYNC1","54","9/14/2026 10:49:16 PM","SeChangeNotifyPrivilege","BUILTIN\Users","S-1-5-32-545"
"4094","PSCLOUDSYNC1","54","9/14/2026 10:49:16 PM","SeChangeNotifyPrivilege","BUILTIN\Backup Operators","S-1-5-32-551"
"4094","PSCLOUDSYNC1","54","9/14/2026 10:49:16 PM","SeChangeNotifyPrivilege","RESTRICTED SERVICES\PrintSpoolerService","S-1-5-99-216390572-1995538116-3857911515-2404958512-2623887229"
"4094","PSCLOUDSYNC1","54","9/14/2026 10:49:16 PM","SeSystemtimePrivilege","NT AUTHORITY\LOCAL SERVICE","S-1-5-19"
"4094","PSCLOUDSYNC1","54","9/14/2026 10:49:16 PM","SeSystemtimePrivilege","BUILTIN\Administrators","S-1-5-32-544"
"4094","PSCLOUDSYNC1","54","9/14/2026 10:49:16 PM","SeCreatePagefilePrivilege","BUILTIN\Administrators","S-1-5-32-544"
"4094","PSCLOUDSYNC1","54","9/14/2026 10:49:16 PM","SeDebugPrivilege","BUILTIN\Administrators","S-1-5-32-544"
"4094","PSCLOUDSYNC1","54","9/14/2026 10:49:16 PM","SeRemoteShutdownPrivilege","BUILTIN\Administrators","S-1-5-32-544"
"4094","PSCLOUDSYNC1","54","9/14/2026 10:49:16 PM","SeAuditPrivilege","NT AUTHORITY\LOCAL SERVICE","S-1-5-19"
"4094","PSCLOUDSYNC1","54","9/14/2026 10:49:16 PM","SeAuditPrivilege","NT AUTHORITY\NETWORK SERVICE","S-1-5-20"
"4094","PSCLOUDSYNC1","54","9/14/2026 10:49:16 PM","SeAuditPrivilege","RESTRICTED SERVICES\PrintSpoolerService","S-1-5-99-216390572-1995538116-3857911515-2404958512-2623887229"
"4094","PSCLOUDSYNC1","54","9/14/2026 10:49:16 PM","SeIncreaseQuotaPrivilege","NT AUTHORITY\LOCAL SERVICE","S-1-5-19"
"4094","PSCLOUDSYNC1","54","9/14/2026 10:49:16 PM","SeIncreaseQuotaPrivilege","NT AUTHORITY\NETWORK SERVICE","S-1-5-20"
"4094","PSCLOUDSYNC1","54","9/14/2026 10:49:16 PM","SeIncreaseQuotaPrivilege","BUILTIN\Administrators","S-1-5-32-544"
"4094","PSCLOUDSYNC1","54","9/14/2026 10:49:16 PM","SeIncreaseBasePriorityPrivilege","BUILTIN\Administrators","S-1-5-32-544"
"4094","PSCLOUDSYNC1","54","9/14/2026 10:49:16 PM","SeIncreaseBasePriorityPrivilege","Window Manager\Window Manager Group","S-1-5-90-0"
"4094","PSCLOUDSYNC1","54","9/14/2026 10:49:16 PM","SeLoadDriverPrivilege","BUILTIN\Administrators","S-1-5-32-544"
"4094","PSCLOUDSYNC1","54","9/14/2026 10:49:16 PM","SeBatchLogonRight","BUILTIN\Administrators","S-1-5-32-544"
"4094","PSCLOUDSYNC1","54","9/14/2026 10:49:16 PM","SeBatchLogonRight","BUILTIN\Backup Operators","S-1-5-32-551"
"4094","PSCLOUDSYNC1","54","9/14/2026 10:49:16 PM","SeBatchLogonRight","BUILTIN\Performance Log Users","S-1-5-32-559"
"4094","PSCLOUDSYNC1","54","9/14/2026 10:49:16 PM","SeServiceLogonRight","HARDDOLLAR\pGMSA_42f1245a$","S-1-5-21-3931559087-14600624-1992188608-32635"
"4094","PSCLOUDSYNC1","54","9/14/2026 10:49:16 PM","SeServiceLogonRight","NT SERVICE\ALL SERVICES","S-1-5-80-0"
"4094","PSCLOUDSYNC1","54","9/14/2026 10:49:16 PM","SeServiceLogonRight","NT SERVICE\himds","S-1-5-80-4215458991-2034252225-2287069555-1155419622-2701885083"
"4094","PSCLOUDSYNC1","54","9/14/2026 10:49:16 PM","SeServiceLogonRight","RESTRICTED SERVICES\ALL RESTRICTED SERVICES","S-1-5-99-0"
"4094","PSCLOUDSYNC1","54","9/14/2026 10:49:16 PM","SeInteractiveLogonRight","BUILTIN\Administrators","S-1-5-32-544"
"4094","PSCLOUDSYNC1","54","9/14/2026 10:49:16 PM","SeSecurityPrivilege","BUILTIN\Administrators","S-1-5-32-544"
"4094","PSCLOUDSYNC1","54","9/14/2026 10:49:16 PM","SeSystemEnvironmentPrivilege","BUILTIN\Administrators","S-1-5-32-544"
"4094","PSCLOUDSYNC1","54","9/14/2026 10:49:16 PM","SeProfileSingleProcessPrivilege","BUILTIN\Administrators","S-1-5-32-544"
"4094","PSCLOUDSYNC1","54","9/14/2026 10:49:16 PM","SeSystemProfilePrivilege","BUILTIN\Administrators","S-1-5-32-544"
"4094","PSCLOUDSYNC1","54","9/14/2026 10:49:16 PM","SeSystemProfilePrivilege","NT SERVICE\WdiServiceHost","S-1-5-80-3139157870-2983391045-3678747466-658725712-1809340420"
"4094","PSCLOUDSYNC1","54","9/14/2026 10:49:16 PM","SeAssignPrimaryTokenPrivilege","NT AUTHORITY\LOCAL SERVICE","S-1-5-19"
"4094","PSCLOUDSYNC1","54","9/14/2026 10:49:16 PM","SeAssignPrimaryTokenPrivilege","NT AUTHORITY\NETWORK SERVICE","S-1-5-20"
"4094","PSCLOUDSYNC1","54","9/14/2026 10:49:16 PM","SeRestorePrivilege","BUILTIN\Administrators","S-1-5-32-544"
"4094","PSCLOUDSYNC1","54","9/14/2026 10:49:16 PM","SeRestorePrivilege","BUILTIN\Backup Operators","S-1-5-32-551"
"4094","PSCLOUDSYNC1","54","9/14/2026 10:49:16 PM","SeShutdownPrivilege","BUILTIN\Administrators","S-1-5-32-544"
"4094","PSCLOUDSYNC1","54","9/14/2026 10:49:16 PM","SeTakeOwnershipPrivilege","BUILTIN\Administrators","S-1-5-32-544"
"4094","PSCLOUDSYNC1","54","9/14/2026 10:49:16 PM","SeDenyBatchLogonRight","BUILTIN\Guests","S-1-5-32-546"
"4094","PSCLOUDSYNC1","54","9/14/2026 10:49:16 PM","SeDenyServiceLogonRight","BUILTIN\Guests","S-1-5-32-546"
"4094","PSCLOUDSYNC1","54","9/14/2026 10:49:16 PM","SeDenyInteractiveLogonRight","BUILTIN\Guests","S-1-5-32-546"
"4094","PSCLOUDSYNC1","54","9/14/2026 10:49:16 PM","SeUndockPrivilege","BUILTIN\Administrators","S-1-5-32-544"
"4094","PSCLOUDSYNC1","54","9/14/2026 10:49:16 PM","SeManageVolumePrivilege","BUILTIN\Administrators","S-1-5-32-544"
"4094","PSCLOUDSYNC1","54","9/14/2026 10:49:16 PM","SeRemoteInteractiveLogonRight","BUILTIN\Administrators","S-1-5-32-544"
"4094","PSCLOUDSYNC1","54","9/14/2026 10:49:16 PM","SeRemoteInteractiveLogonRight","BUILTIN\Remote Desktop Users","S-1-5-32-555"
"4094","PSCLOUDSYNC1","54","9/14/2026 10:49:16 PM","SeDenyRemoteInteractiveLogonRight","BUILTIN\Guests","S-1-5-32-546"
"4094","PSCLOUDSYNC1","54","9/14/2026 10:49:16 PM","SeImpersonatePrivilege","NT AUTHORITY\LOCAL SERVICE","S-1-5-19"
"4094","PSCLOUDSYNC1","54","9/14/2026 10:49:16 PM","SeImpersonatePrivilege","NT AUTHORITY\NETWORK SERVICE","S-1-5-20"
"4094","PSCLOUDSYNC1","54","9/14/2026 10:49:16 PM","SeImpersonatePrivilege","BUILTIN\Administrators","S-1-5-32-544"
"4094","PSCLOUDSYNC1","54","9/14/2026 10:49:16 PM","SeImpersonatePrivilege","NT AUTHORITY\SERVICE","S-1-5-6"
"4094","PSCLOUDSYNC1","54","9/14/2026 10:49:16 PM","SeImpersonatePrivilege","RESTRICTED SERVICES\PrintSpoolerService","S-1-5-99-216390572-1995538116-3857911515-2404958512-2623887229"
"4094","PSCLOUDSYNC1","54","9/14/2026 10:49:16 PM","SeCreateGlobalPrivilege","NT AUTHORITY\LOCAL SERVICE","S-1-5-19"
"4094","PSCLOUDSYNC1","54","9/14/2026 10:49:16 PM","SeCreateGlobalPrivilege","NT AUTHORITY\NETWORK SERVICE","S-1-5-20"
"4094","PSCLOUDSYNC1","54","9/14/2026 10:49:16 PM","SeCreateGlobalPrivilege","BUILTIN\Administrators","S-1-5-32-544"
"4094","PSCLOUDSYNC1","54","9/14/2026 10:49:16 PM","SeCreateGlobalPrivilege","NT AUTHORITY\SERVICE","S-1-5-6"
"4094","PSCLOUDSYNC1","54","9/14/2026 10:49:16 PM","SeIncreaseWorkingSetPrivilege","BUILTIN\Users","S-1-5-32-545"
"4094","PSCLOUDSYNC1","54","9/14/2026 10:49:16 PM","SeTimeZonePrivilege","NT AUTHORITY\LOCAL SERVICE","S-1-5-19"
"4094","PSCLOUDSYNC1","54","9/14/2026 10:49:16 PM","SeTimeZonePrivilege","BUILTIN\Administrators","S-1-5-32-544"
"4094","PSCLOUDSYNC1","54","9/14/2026 10:49:16 PM","SeCreateSymbolicLinkPrivilege","BUILTIN\Administrators","S-1-5-32-544"
"4094","PSCLOUDSYNC1","54","9/14/2026 10:49:16 PM","SeDelegateSessionUserImpersonatePrivilege","BUILTIN\Administrators","S-1-5-32-544"
"4095","MSDHCP1","54","9/14/2026 10:49:18 PM","SeNetworkLogonRight","Everyone","S-1-1-0"
"4095","MSDHCP1","54","9/14/2026 10:49:18 PM","SeNetworkLogonRight","BUILTIN\Administrators","S-1-5-32-544"
"4095","MSDHCP1","54","9/14/2026 10:49:18 PM","SeNetworkLogonRight","BUILTIN\Users","S-1-5-32-545"
"4095","MSDHCP1","54","9/14/2026 10:49:18 PM","SeNetworkLogonRight","BUILTIN\Backup Operators","S-1-5-32-551"
"4095","MSDHCP1","54","9/14/2026 10:49:18 PM","SeBackupPrivilege","BUILTIN\Administrators","S-1-5-32-544"
"4095","MSDHCP1","54","9/14/2026 10:49:18 PM","SeBackupPrivilege","BUILTIN\Backup Operators","S-1-5-32-551"
"4095","MSDHCP1","54","9/14/2026 10:49:18 PM","SeChangeNotifyPrivilege","Everyone","S-1-1-0"
"4095","MSDHCP1","54","9/14/2026 10:49:18 PM","SeChangeNotifyPrivilege","NT AUTHORITY\LOCAL SERVICE","S-1-5-19"
"4095","MSDHCP1","54","9/14/2026 10:49:18 PM","SeChangeNotifyPrivilege","NT AUTHORITY\NETWORK SERVICE","S-1-5-20"
"4095","MSDHCP1","54","9/14/2026 10:49:18 PM","SeChangeNotifyPrivilege","BUILTIN\Administrators","S-1-5-32-544"
"4095","MSDHCP1","54","9/14/2026 10:49:18 PM","SeChangeNotifyPrivilege","BUILTIN\Users","S-1-5-32-545"
"4095","MSDHCP1","54","9/14/2026 10:49:18 PM","SeChangeNotifyPrivilege","BUILTIN\Backup Operators","S-1-5-32-551"
"4095","MSDHCP1","54","9/14/2026 10:49:18 PM","SeSystemtimePrivilege","NT AUTHORITY\LOCAL SERVICE","S-1-5-19"
"4095","MSDHCP1","54","9/14/2026 10:49:18 PM","SeSystemtimePrivilege","BUILTIN\Administrators","S-1-5-32-544"
"4095","MSDHCP1","54","9/14/2026 10:49:18 PM","SeCreatePagefilePrivilege","BUILTIN\Administrators","S-1-5-32-544"
"4095","MSDHCP1","54","9/14/2026 10:49:18 PM","SeDebugPrivilege","BUILTIN\Administrators","S-1-5-32-544"
"4095","MSDHCP1","54","9/14/2026 10:49:18 PM","SeRemoteShutdownPrivilege","BUILTIN\Administrators","S-1-5-32-544"
"4095","MSDHCP1","54","9/14/2026 10:49:18 PM","SeAuditPrivilege","NT AUTHORITY\LOCAL SERVICE","S-1-5-19"
"4095","MSDHCP1","54","9/14/2026 10:49:18 PM","SeAuditPrivilege","NT AUTHORITY\NETWORK SERVICE","S-1-5-20"
"4095","MSDHCP1","54","9/14/2026 10:49:18 PM","SeIncreaseQuotaPrivilege","NT AUTHORITY\LOCAL SERVICE","S-1-5-19"
"4095","MSDHCP1","54","9/14/2026 10:49:18 PM","SeIncreaseQuotaPrivilege","NT AUTHORITY\NETWORK SERVICE","S-1-5-20"
"4095","MSDHCP1","54","9/14/2026 10:49:18 PM","SeIncreaseQuotaPrivilege","BUILTIN\Administrators","S-1-5-32-544"
"4095","MSDHCP1","54","9/14/2026 10:49:18 PM","SeIncreaseBasePriorityPrivilege","BUILTIN\Administrators","S-1-5-32-544"
"4095","MSDHCP1","54","9/14/2026 10:49:18 PM","SeIncreaseBasePriorityPrivilege","Window Manager\Window Manager Group","S-1-5-90-0"
"4095","MSDHCP1","54","9/14/2026 10:49:18 PM","SeLoadDriverPrivilege","BUILTIN\Administrators","S-1-5-32-544"
"4095","MSDHCP1","54","9/14/2026 10:49:18 PM","SeBatchLogonRight","BUILTIN\Administrators","S-1-5-32-544"
"4095","MSDHCP1","54","9/14/2026 10:49:18 PM","SeBatchLogonRight","BUILTIN\Backup Operators","S-1-5-32-551"
"4095","MSDHCP1","54","9/14/2026 10:49:18 PM","SeBatchLogonRight","BUILTIN\Performance Log Users","S-1-5-32-559"
"4095","MSDHCP1","54","9/14/2026 10:49:18 PM","SeServiceLogonRight","NT SERVICE\ALL SERVICES","S-1-5-80-0"
"4095","MSDHCP1","54","9/14/2026 10:49:18 PM","SeServiceLogonRight","NT SERVICE\himds","S-1-5-80-4215458991-2034252225-2287069555-1155419622-2701885083"
"4095","MSDHCP1","54","9/14/2026 10:49:18 PM","SeServiceLogonRight","RESTRICTED SERVICES\ALL RESTRICTED SERVICES","S-1-5-99-0"
"4095","MSDHCP1","54","9/14/2026 10:49:18 PM","SeInteractiveLogonRight","BUILTIN\Administrators","S-1-5-32-544"
"4095","MSDHCP1","54","9/14/2026 10:49:18 PM","SeSecurityPrivilege","BUILTIN\Administrators","S-1-5-32-544"
"4095","MSDHCP1","54","9/14/2026 10:49:18 PM","SeSystemEnvironmentPrivilege","BUILTIN\Administrators","S-1-5-32-544"
"4095","MSDHCP1","54","9/14/2026 10:49:18 PM","SeProfileSingleProcessPrivilege","BUILTIN\Administrators","S-1-5-32-544"
"4095","MSDHCP1","54","9/14/2026 10:49:18 PM","SeSystemProfilePrivilege","BUILTIN\Administrators","S-1-5-32-544"
"4095","MSDHCP1","54","9/14/2026 10:49:18 PM","SeSystemProfilePrivilege","NT SERVICE\WdiServiceHost","S-1-5-80-3139157870-2983391045-3678747466-658725712-1809340420"
"4095","MSDHCP1","54","9/14/2026 10:49:18 PM","SeAssignPrimaryTokenPrivilege","NT AUTHORITY\LOCAL SERVICE","S-1-5-19"
"4095","MSDHCP1","54","9/14/2026 10:49:18 PM","SeAssignPrimaryTokenPrivilege","NT AUTHORITY\NETWORK SERVICE","S-1-5-20"
"4095","MSDHCP1","54","9/14/2026 10:49:18 PM","SeRestorePrivilege","BUILTIN\Administrators","S-1-5-32-544"
"4095","MSDHCP1","54","9/14/2026 10:49:18 PM","SeRestorePrivilege","BUILTIN\Backup Operators","S-1-5-32-551"
"4095","MSDHCP1","54","9/14/2026 10:49:18 PM","SeShutdownPrivilege","BUILTIN\Administrators","S-1-5-32-544"
"4095","MSDHCP1","54","9/14/2026 10:49:18 PM","SeTakeOwnershipPrivilege","BUILTIN\Administrators","S-1-5-32-544"
"4095","MSDHCP1","54","9/14/2026 10:49:18 PM","SeDenyBatchLogonRight","BUILTIN\Guests","S-1-5-32-546"
"4095","MSDHCP1","54","9/14/2026 10:49:18 PM","SeDenyServiceLogonRight","BUILTIN\Guests","S-1-5-32-546"
"4095","MSDHCP1","54","9/14/2026 10:49:18 PM","SeDenyInteractiveLogonRight","BUILTIN\Guests","S-1-5-32-546"
"4095","MSDHCP1","54","9/14/2026 10:49:18 PM","SeUndockPrivilege","BUILTIN\Administrators","S-1-5-32-544"
"4095","MSDHCP1","54","9/14/2026 10:49:18 PM","SeManageVolumePrivilege","BUILTIN\Administrators","S-1-5-32-544"
"4095","MSDHCP1","54","9/14/2026 10:49:18 PM","SeRemoteInteractiveLogonRight","BUILTIN\Administrators","S-1-5-32-544"
"4095","MSDHCP1","54","9/14/2026 10:49:18 PM","SeRemoteInteractiveLogonRight","BUILTIN\Remote Desktop Users","S-1-5-32-555"
"4095","MSDHCP1","54","9/14/2026 10:49:18 PM","SeDenyRemoteInteractiveLogonRight","BUILTIN\Guests","S-1-5-32-546"
"4095","MSDHCP1","54","9/14/2026 10:49:18 PM","SeImpersonatePrivilege","NT AUTHORITY\LOCAL SERVICE","S-1-5-19"
"4095","MSDHCP1","54","9/14/2026 10:49:18 PM","SeImpersonatePrivilege","NT AUTHORITY\NETWORK SERVICE","S-1-5-20"
"4095","MSDHCP1","54","9/14/2026 10:49:18 PM","SeImpersonatePrivilege","BUILTIN\Administrators","S-1-5-32-544"
"4095","MSDHCP1","54","9/14/2026 10:49:18 PM","SeImpersonatePrivilege","NT AUTHORITY\SERVICE","S-1-5-6"
"4095","MSDHCP1","54","9/14/2026 10:49:18 PM","SeImpersonatePrivilege","S-1-5-99-216390572-1995538116-3857911515-2404958512-2623887229","S-1-5-99-216390572-1995538116-3857911515-2404958512-2623887229"
"4095","MSDHCP1","54","9/14/2026 10:49:18 PM","SeCreateGlobalPrivilege","NT AUTHORITY\LOCAL SERVICE","S-1-5-19"
"4095","MSDHCP1","54","9/14/2026 10:49:18 PM","SeCreateGlobalPrivilege","NT AUTHORITY\NETWORK SERVICE","S-1-5-20"
"4095","MSDHCP1","54","9/14/2026 10:49:18 PM","SeCreateGlobalPrivilege","BUILTIN\Administrators","S-1-5-32-544"
"4095","MSDHCP1","54","9/14/2026 10:49:18 PM","SeCreateGlobalPrivilege","NT AUTHORITY\SERVICE","S-1-5-6"
"4095","MSDHCP1","54","9/14/2026 10:49:18 PM","SeIncreaseWorkingSetPrivilege","BUILTIN\Users","S-1-5-32-545"
"4095","MSDHCP1","54","9/14/2026 10:49:18 PM","SeTimeZonePrivilege","NT AUTHORITY\LOCAL SERVICE","S-1-5-19"
"4095","MSDHCP1","54","9/14/2026 10:49:18 PM","SeTimeZonePrivilege","BUILTIN\Administrators","S-1-5-32-544"
"4095","MSDHCP1","54","9/14/2026 10:49:18 PM","SeCreateSymbolicLinkPrivilege","BUILTIN\Administrators","S-1-5-32-544"
"4095","MSDHCP1","54","9/14/2026 10:49:18 PM","SeDelegateSessionUserImpersonatePrivilege","BUILTIN\Administrators","S-1-5-32-544"
"4097","ML1SWHDDHCP02","54","9/14/2026 10:49:19 PM","SeNetworkLogonRight","Everyone","S-1-1-0"
"4097","ML1SWHDDHCP02","54","9/14/2026 10:49:19 PM","SeNetworkLogonRight","BUILTIN\Administrators","S-1-5-32-544"
"4097","ML1SWHDDHCP02","54","9/14/2026 10:49:19 PM","SeNetworkLogonRight","BUILTIN\Users","S-1-5-32-545"
"4097","ML1SWHDDHCP02","54","9/14/2026 10:49:19 PM","SeNetworkLogonRight","BUILTIN\Backup Operators","S-1-5-32-551"
"4097","ML1SWHDDHCP02","54","9/14/2026 10:49:19 PM","SeBackupPrivilege","BUILTIN\Administrators","S-1-5-32-544"
"4097","ML1SWHDDHCP02","54","9/14/2026 10:49:19 PM","SeBackupPrivilege","BUILTIN\Backup Operators","S-1-5-32-551"
"4097","ML1SWHDDHCP02","54","9/14/2026 10:49:19 PM","SeChangeNotifyPrivilege","Everyone","S-1-1-0"
"4097","ML1SWHDDHCP02","54","9/14/2026 10:49:19 PM","SeChangeNotifyPrivilege","NT AUTHORITY\LOCAL SERVICE","S-1-5-19"
"4097","ML1SWHDDHCP02","54","9/14/2026 10:49:19 PM","SeChangeNotifyPrivilege","NT AUTHORITY\NETWORK SERVICE","S-1-5-20"
"4097","ML1SWHDDHCP02","54","9/14/2026 10:49:19 PM","SeChangeNotifyPrivilege","BUILTIN\Administrators","S-1-5-32-544"
"4097","ML1SWHDDHCP02","54","9/14/2026 10:49:19 PM","SeChangeNotifyPrivilege","BUILTIN\Users","S-1-5-32-545"
"4097","ML1SWHDDHCP02","54","9/14/2026 10:49:19 PM","SeChangeNotifyPrivilege","BUILTIN\Backup Operators","S-1-5-32-551"
"4097","ML1SWHDDHCP02","54","9/14/2026 10:49:19 PM","SeSystemtimePrivilege","NT AUTHORITY\LOCAL SERVICE","S-1-5-19"
"4097","ML1SWHDDHCP02","54","9/14/2026 10:49:19 PM","SeSystemtimePrivilege","BUILTIN\Administrators","S-1-5-32-544"
"4097","ML1SWHDDHCP02","54","9/14/2026 10:49:19 PM","SeCreatePagefilePrivilege","BUILTIN\Administrators","S-1-5-32-544"
"4097","ML1SWHDDHCP02","54","9/14/2026 10:49:19 PM","SeDebugPrivilege","BUILTIN\Administrators","S-1-5-32-544"
"4097","ML1SWHDDHCP02","54","9/14/2026 10:49:19 PM","SeRemoteShutdownPrivilege","BUILTIN\Administrators","S-1-5-32-544"
"4097","ML1SWHDDHCP02","54","9/14/2026 10:49:19 PM","SeAuditPrivilege","NT AUTHORITY\LOCAL SERVICE","S-1-5-19"
"4097","ML1SWHDDHCP02","54","9/14/2026 10:49:19 PM","SeAuditPrivilege","NT AUTHORITY\NETWORK SERVICE","S-1-5-20"
"4097","ML1SWHDDHCP02","54","9/14/2026 10:49:19 PM","SeIncreaseQuotaPrivilege","NT AUTHORITY\LOCAL SERVICE","S-1-5-19"
"4097","ML1SWHDDHCP02","54","9/14/2026 10:49:19 PM","SeIncreaseQuotaPrivilege","NT AUTHORITY\NETWORK SERVICE","S-1-5-20"
"4097","ML1SWHDDHCP02","54","9/14/2026 10:49:19 PM","SeIncreaseQuotaPrivilege","BUILTIN\Administrators","S-1-5-32-544"
"4097","ML1SWHDDHCP02","54","9/14/2026 10:49:19 PM","SeIncreaseBasePriorityPrivilege","BUILTIN\Administrators","S-1-5-32-544"
"4097","ML1SWHDDHCP02","54","9/14/2026 10:49:19 PM","SeIncreaseBasePriorityPrivilege","S-1-5-90-0","S-1-5-90-0"
"4097","ML1SWHDDHCP02","54","9/14/2026 10:49:19 PM","SeLoadDriverPrivilege","BUILTIN\Administrators","S-1-5-32-544"
"4097","ML1SWHDDHCP02","54","9/14/2026 10:49:19 PM","SeBatchLogonRight","BUILTIN\Administrators","S-1-5-32-544"
"4097","ML1SWHDDHCP02","54","9/14/2026 10:49:19 PM","SeBatchLogonRight","BUILTIN\Backup Operators","S-1-5-32-551"
"4097","ML1SWHDDHCP02","54","9/14/2026 10:49:19 PM","SeBatchLogonRight","BUILTIN\Performance Log Users","S-1-5-32-559"
"4097","ML1SWHDDHCP02","54","9/14/2026 10:49:19 PM","SeServiceLogonRight","NT SERVICE\ALL SERVICES","S-1-5-80-0"
"4097","ML1SWHDDHCP02","54","9/14/2026 10:49:19 PM","SeServiceLogonRight","NT SERVICE\himds","S-1-5-80-4215458991-2034252225-2287069555-1155419622-2701885083"
"4097","ML1SWHDDHCP02","54","9/14/2026 10:49:19 PM","SeInteractiveLogonRight","BUILTIN\Administrators","S-1-5-32-544"
"4097","ML1SWHDDHCP02","54","9/14/2026 10:49:19 PM","SeSecurityPrivilege","BUILTIN\Administrators","S-1-5-32-544"
"4097","ML1SWHDDHCP02","54","9/14/2026 10:49:19 PM","SeSystemEnvironmentPrivilege","BUILTIN\Administrators","S-1-5-32-544"
"4097","ML1SWHDDHCP02","54","9/14/2026 10:49:19 PM","SeProfileSingleProcessPrivilege","BUILTIN\Administrators","S-1-5-32-544"
"4097","ML1SWHDDHCP02","54","9/14/2026 10:49:19 PM","SeSystemProfilePrivilege","BUILTIN\Administrators","S-1-5-32-544"
"4097","ML1SWHDDHCP02","54","9/14/2026 10:49:19 PM","SeSystemProfilePrivilege","NT SERVICE\WdiServiceHost","S-1-5-80-3139157870-2983391045-3678747466-658725712-1809340420"
"4097","ML1SWHDDHCP02","54","9/14/2026 10:49:19 PM","SeAssignPrimaryTokenPrivilege","NT AUTHORITY\LOCAL SERVICE","S-1-5-19"
"4097","ML1SWHDDHCP02","54","9/14/2026 10:49:19 PM","SeAssignPrimaryTokenPrivilege","NT AUTHORITY\NETWORK SERVICE","S-1-5-20"
"4097","ML1SWHDDHCP02","54","9/14/2026 10:49:19 PM","SeRestorePrivilege","BUILTIN\Administrators","S-1-5-32-544"
"4097","ML1SWHDDHCP02","54","9/14/2026 10:49:19 PM","SeRestorePrivilege","BUILTIN\Backup Operators","S-1-5-32-551"
"4097","ML1SWHDDHCP02","54","9/14/2026 10:49:19 PM","SeShutdownPrivilege","BUILTIN\Administrators","S-1-5-32-544"
"4097","ML1SWHDDHCP02","54","9/14/2026 10:49:19 PM","SeTakeOwnershipPrivilege","BUILTIN\Administrators","S-1-5-32-544"
"4097","ML1SWHDDHCP02","54","9/14/2026 10:49:19 PM","SeDenyBatchLogonRight","BUILTIN\Guests","S-1-5-32-546"
"4097","ML1SWHDDHCP02","54","9/14/2026 10:49:19 PM","SeDenyServiceLogonRight","BUILTIN\Guests","S-1-5-32-546"
"4097","ML1SWHDDHCP02","54","9/14/2026 10:49:19 PM","SeDenyInteractiveLogonRight","BUILTIN\Guests","S-1-5-32-546"
"4097","ML1SWHDDHCP02","54","9/14/2026 10:49:19 PM","SeUndockPrivilege","BUILTIN\Administrators","S-1-5-32-544"
"4097","ML1SWHDDHCP02","54","9/14/2026 10:49:19 PM","SeManageVolumePrivilege","BUILTIN\Administrators","S-1-5-32-544"
"4097","ML1SWHDDHCP02","54","9/14/2026 10:49:19 PM","SeRemoteInteractiveLogonRight","BUILTIN\Administrators","S-1-5-32-544"
"4097","ML1SWHDDHCP02","54","9/14/2026 10:49:19 PM","SeRemoteInteractiveLogonRight","BUILTIN\Remote Desktop Users","S-1-5-32-555"
"4097","ML1SWHDDHCP02","54","9/14/2026 10:49:19 PM","SeDenyRemoteInteractiveLogonRight","BUILTIN\Guests","S-1-5-32-546"
"4097","ML1SWHDDHCP02","54","9/14/2026 10:49:19 PM","SeImpersonatePrivilege","NT AUTHORITY\LOCAL SERVICE","S-1-5-19"
"4097","ML1SWHDDHCP02","54","9/14/2026 10:49:19 PM","SeImpersonatePrivilege","NT AUTHORITY\NETWORK SERVICE","S-1-5-20"
"4097","ML1SWHDDHCP02","54","9/14/2026 10:49:19 PM","SeImpersonatePrivilege","BUILTIN\Administrators","S-1-5-32-544"
"4097","ML1SWHDDHCP02","54","9/14/2026 10:49:19 PM","SeImpersonatePrivilege","NT AUTHORITY\SERVICE","S-1-5-6"
"4097","ML1SWHDDHCP02","54","9/14/2026 10:49:19 PM","SeCreateGlobalPrivilege","NT AUTHORITY\LOCAL SERVICE","S-1-5-19"
"4097","ML1SWHDDHCP02","54","9/14/2026 10:49:19 PM","SeCreateGlobalPrivilege","NT AUTHORITY\NETWORK SERVICE","S-1-5-20"
"4097","ML1SWHDDHCP02","54","9/14/2026 10:49:19 PM","SeCreateGlobalPrivilege","BUILTIN\Administrators","S-1-5-32-544"
"4097","ML1SWHDDHCP02","54","9/14/2026 10:49:19 PM","SeCreateGlobalPrivilege","NT AUTHORITY\SERVICE","S-1-5-6"
"4097","ML1SWHDDHCP02","54","9/14/2026 10:49:19 PM","SeIncreaseWorkingSetPrivilege","BUILTIN\Users","S-1-5-32-545"
"4097","ML1SWHDDHCP02","54","9/14/2026 10:49:19 PM","SeTimeZonePrivilege","NT AUTHORITY\LOCAL SERVICE","S-1-5-19"
"4097","ML1SWHDDHCP02","54","9/14/2026 10:49:19 PM","SeTimeZonePrivilege","BUILTIN\Administrators","S-1-5-32-544"
"4097","ML1SWHDDHCP02","54","9/14/2026 10:49:19 PM","SeCreateSymbolicLinkPrivilege","BUILTIN\Administrators","S-1-5-32-544"
"4097","ML1SWHDDHCP02","54","9/14/2026 10:49:19 PM","SeDelegateSessionUserImpersonatePrivilege","BUILTIN\Administrators","S-1-5-32-544"
"4192","PSSYSADMIN3","54","9/14/2026 10:49:20 PM","SeNetworkLogonRight","Everyone","S-1-1-0"
"4192","PSSYSADMIN3","54","9/14/2026 10:49:20 PM","SeNetworkLogonRight","BUILTIN\Administrators","S-1-5-32-544"
"4192","PSSYSADMIN3","54","9/14/2026 10:49:20 PM","SeNetworkLogonRight","BUILTIN\Users","S-1-5-32-545"
"4192","PSSYSADMIN3","54","9/14/2026 10:49:20 PM","SeNetworkLogonRight","BUILTIN\Backup Operators","S-1-5-32-551"
"4192","PSSYSADMIN3","54","9/14/2026 10:49:20 PM","SeBackupPrivilege","BUILTIN\Administrators","S-1-5-32-544"
"4192","PSSYSADMIN3","54","9/14/2026 10:49:20 PM","SeBackupPrivilege","BUILTIN\Backup Operators","S-1-5-32-551"
"4192","PSSYSADMIN3","54","9/14/2026 10:49:20 PM","SeChangeNotifyPrivilege","Everyone","S-1-1-0"
"4192","PSSYSADMIN3","54","9/14/2026 10:49:20 PM","SeChangeNotifyPrivilege","NT AUTHORITY\LOCAL SERVICE","S-1-5-19"
"4192","PSSYSADMIN3","54","9/14/2026 10:49:20 PM","SeChangeNotifyPrivilege","NT AUTHORITY\NETWORK SERVICE","S-1-5-20"
"4192","PSSYSADMIN3","54","9/14/2026 10:49:20 PM","SeChangeNotifyPrivilege","BUILTIN\Administrators","S-1-5-32-544"
"4192","PSSYSADMIN3","54","9/14/2026 10:49:20 PM","SeChangeNotifyPrivilege","BUILTIN\Users","S-1-5-32-545"
"4192","PSSYSADMIN3","54","9/14/2026 10:49:20 PM","SeChangeNotifyPrivilege","BUILTIN\Backup Operators","S-1-5-32-551"
"4192","PSSYSADMIN3","54","9/14/2026 10:49:20 PM","SeChangeNotifyPrivilege","RESTRICTED SERVICES\PrintSpoolerService","S-1-5-99-216390572-1995538116-3857911515-2404958512-2623887229"
"4192","PSSYSADMIN3","54","9/14/2026 10:49:20 PM","SeSystemtimePrivilege","NT AUTHORITY\LOCAL SERVICE","S-1-5-19"
"4192","PSSYSADMIN3","54","9/14/2026 10:49:20 PM","SeSystemtimePrivilege","BUILTIN\Administrators","S-1-5-32-544"
"4192","PSSYSADMIN3","54","9/14/2026 10:49:20 PM","SeCreatePagefilePrivilege","BUILTIN\Administrators","S-1-5-32-544"
"4192","PSSYSADMIN3","54","9/14/2026 10:49:20 PM","SeDebugPrivilege","BUILTIN\Administrators","S-1-5-32-544"
"4192","PSSYSADMIN3","54","9/14/2026 10:49:20 PM","SeRemoteShutdownPrivilege","BUILTIN\Administrators","S-1-5-32-544"
"4192","PSSYSADMIN3","54","9/14/2026 10:49:20 PM","SeAuditPrivilege","NT AUTHORITY\LOCAL SERVICE","S-1-5-19"
"4192","PSSYSADMIN3","54","9/14/2026 10:49:20 PM","SeAuditPrivilege","NT AUTHORITY\NETWORK SERVICE","S-1-5-20"
"4192","PSSYSADMIN3","54","9/14/2026 10:49:20 PM","SeAuditPrivilege","RESTRICTED SERVICES\PrintSpoolerService","S-1-5-99-216390572-1995538116-3857911515-2404958512-2623887229"
"4192","PSSYSADMIN3","54","9/14/2026 10:49:20 PM","SeIncreaseQuotaPrivilege","NT AUTHORITY\LOCAL SERVICE","S-1-5-19"
"4192","PSSYSADMIN3","54","9/14/2026 10:49:20 PM","SeIncreaseQuotaPrivilege","NT AUTHORITY\NETWORK SERVICE","S-1-5-20"
"4192","PSSYSADMIN3","54","9/14/2026 10:49:20 PM","SeIncreaseQuotaPrivilege","BUILTIN\Administrators","S-1-5-32-544"
"4192","PSSYSADMIN3","54","9/14/2026 10:49:20 PM","SeIncreaseBasePriorityPrivilege","BUILTIN\Administrators","S-1-5-32-544"
"4192","PSSYSADMIN3","54","9/14/2026 10:49:20 PM","SeIncreaseBasePriorityPrivilege","Window Manager\Window Manager Group","S-1-5-90-0"
"4192","PSSYSADMIN3","54","9/14/2026 10:49:20 PM","SeLoadDriverPrivilege","BUILTIN\Administrators","S-1-5-32-544"
"4192","PSSYSADMIN3","54","9/14/2026 10:49:20 PM","SeBatchLogonRight","BUILTIN\Administrators","S-1-5-32-544"
"4192","PSSYSADMIN3","54","9/14/2026 10:49:20 PM","SeBatchLogonRight","BUILTIN\Backup Operators","S-1-5-32-551"
"4192","PSSYSADMIN3","54","9/14/2026 10:49:20 PM","SeBatchLogonRight","BUILTIN\Performance Log Users","S-1-5-32-559"
"4192","PSSYSADMIN3","54","9/14/2026 10:49:20 PM","SeServiceLogonRight","NT SERVICE\ALL SERVICES","S-1-5-80-0"
"4192","PSSYSADMIN3","54","9/14/2026 10:49:20 PM","SeServiceLogonRight","NT SERVICE\himds","S-1-5-80-4215458991-2034252225-2287069555-1155419622-2701885083"
"4192","PSSYSADMIN3","54","9/14/2026 10:49:20 PM","SeServiceLogonRight","RESTRICTED SERVICES\ALL RESTRICTED SERVICES","S-1-5-99-0"
"4192","PSSYSADMIN3","54","9/14/2026 10:49:20 PM","SeInteractiveLogonRight","BUILTIN\Administrators","S-1-5-32-544"
"4192","PSSYSADMIN3","54","9/14/2026 10:49:20 PM","SeInteractiveLogonRight","BUILTIN\Users","S-1-5-32-545"
"4192","PSSYSADMIN3","54","9/14/2026 10:49:20 PM","SeInteractiveLogonRight","BUILTIN\Backup Operators","S-1-5-32-551"
"4192","PSSYSADMIN3","54","9/14/2026 10:49:20 PM","SeSecurityPrivilege","BUILTIN\Administrators","S-1-5-32-544"
"4192","PSSYSADMIN3","54","9/14/2026 10:49:20 PM","SeSystemEnvironmentPrivilege","BUILTIN\Administrators","S-1-5-32-544"
"4192","PSSYSADMIN3","54","9/14/2026 10:49:20 PM","SeProfileSingleProcessPrivilege","BUILTIN\Administrators","S-1-5-32-544"
"4192","PSSYSADMIN3","54","9/14/2026 10:49:20 PM","SeSystemProfilePrivilege","BUILTIN\Administrators","S-1-5-32-544"
"4192","PSSYSADMIN3","54","9/14/2026 10:49:20 PM","SeSystemProfilePrivilege","NT SERVICE\WdiServiceHost","S-1-5-80-3139157870-2983391045-3678747466-658725712-1809340420"
"4192","PSSYSADMIN3","54","9/14/2026 10:49:20 PM","SeAssignPrimaryTokenPrivilege","NT AUTHORITY\LOCAL SERVICE","S-1-5-19"
"4192","PSSYSADMIN3","54","9/14/2026 10:49:20 PM","SeAssignPrimaryTokenPrivilege","NT AUTHORITY\NETWORK SERVICE","S-1-5-20"
"4192","PSSYSADMIN3","54","9/14/2026 10:49:20 PM","SeRestorePrivilege","BUILTIN\Administrators","S-1-5-32-544"
"4192","PSSYSADMIN3","54","9/14/2026 10:49:20 PM","SeRestorePrivilege","BUILTIN\Backup Operators","S-1-5-32-551"
"4192","PSSYSADMIN3","54","9/14/2026 10:49:20 PM","SeShutdownPrivilege","BUILTIN\Administrators","S-1-5-32-544"
"4192","PSSYSADMIN3","54","9/14/2026 10:49:20 PM","SeShutdownPrivilege","BUILTIN\Backup Operators","S-1-5-32-551"
"4192","PSSYSADMIN3","54","9/14/2026 10:49:20 PM","SeTakeOwnershipPrivilege","BUILTIN\Administrators","S-1-5-32-544"
"4192","PSSYSADMIN3","54","9/14/2026 10:49:20 PM","SeUndockPrivilege","BUILTIN\Administrators","S-1-5-32-544"
"4192","PSSYSADMIN3","54","9/14/2026 10:49:20 PM","SeManageVolumePrivilege","BUILTIN\Administrators","S-1-5-32-544"
"4192","PSSYSADMIN3","54","9/14/2026 10:49:20 PM","SeRemoteInteractiveLogonRight","BUILTIN\Administrators","S-1-5-32-544"
"4192","PSSYSADMIN3","54","9/14/2026 10:49:20 PM","SeRemoteInteractiveLogonRight","BUILTIN\Remote Desktop Users","S-1-5-32-555"
"4192","PSSYSADMIN3","54","9/14/2026 10:49:20 PM","SeImpersonatePrivilege","NT AUTHORITY\LOCAL SERVICE","S-1-5-19"
"4192","PSSYSADMIN3","54","9/14/2026 10:49:20 PM","SeImpersonatePrivilege","NT AUTHORITY\NETWORK SERVICE","S-1-5-20"
"4192","PSSYSADMIN3","54","9/14/2026 10:49:20 PM","SeImpersonatePrivilege","BUILTIN\Administrators","S-1-5-32-544"
"4192","PSSYSADMIN3","54","9/14/2026 10:49:20 PM","SeImpersonatePrivilege","NT AUTHORITY\SERVICE","S-1-5-6"
"4192","PSSYSADMIN3","54","9/14/2026 10:49:20 PM","SeImpersonatePrivilege","RESTRICTED SERVICES\PrintSpoolerService","S-1-5-99-216390572-1995538116-3857911515-2404958512-2623887229"
"4192","PSSYSADMIN3","54","9/14/2026 10:49:20 PM","SeCreateGlobalPrivilege","NT AUTHORITY\LOCAL SERVICE","S-1-5-19"
"4192","PSSYSADMIN3","54","9/14/2026 10:49:20 PM","SeCreateGlobalPrivilege","NT AUTHORITY\NETWORK SERVICE","S-1-5-20"
"4192","PSSYSADMIN3","54","9/14/2026 10:49:20 PM","SeCreateGlobalPrivilege","BUILTIN\Administrators","S-1-5-32-544"
"4192","PSSYSADMIN3","54","9/14/2026 10:49:20 PM","SeCreateGlobalPrivilege","NT AUTHORITY\SERVICE","S-1-5-6"
"4192","PSSYSADMIN3","54","9/14/2026 10:49:20 PM","SeIncreaseWorkingSetPrivilege","BUILTIN\Users","S-1-5-32-545"
"4192","PSSYSADMIN3","54","9/14/2026 10:49:20 PM","SeTimeZonePrivilege","NT AUTHORITY\LOCAL SERVICE","S-1-5-19"
"4192","PSSYSADMIN3","54","9/14/2026 10:49:20 PM","SeTimeZonePrivilege","BUILTIN\Administrators","S-1-5-32-544"
"4192","PSSYSADMIN3","54","9/14/2026 10:49:20 PM","SeCreateSymbolicLinkPrivilege","BUILTIN\Administrators","S-1-5-32-544"
"4192","PSSYSADMIN3","54","9/14/2026 10:49:20 PM","SeDelegateSessionUserImpersonatePrivilege","BUILTIN\Administrators","S-1-5-32-544"
"4193","MSDHCP2","54","9/14/2026 10:49:22 PM","SeNetworkLogonRight","Everyone","S-1-1-0"
"4193","MSDHCP2","54","9/14/2026 10:49:22 PM","SeNetworkLogonRight","BUILTIN\Administrators","S-1-5-32-544"
"4193","MSDHCP2","54","9/14/2026 10:49:22 PM","SeNetworkLogonRight","BUILTIN\Users","S-1-5-32-545"
"4193","MSDHCP2","54","9/14/2026 10:49:22 PM","SeNetworkLogonRight","BUILTIN\Backup Operators","S-1-5-32-551"
"4193","MSDHCP2","54","9/14/2026 10:49:22 PM","SeBackupPrivilege","BUILTIN\Administrators","S-1-5-32-544"
"4193","MSDHCP2","54","9/14/2026 10:49:22 PM","SeBackupPrivilege","BUILTIN\Backup Operators","S-1-5-32-551"
"4193","MSDHCP2","54","9/14/2026 10:49:22 PM","SeChangeNotifyPrivilege","Everyone","S-1-1-0"
"4193","MSDHCP2","54","9/14/2026 10:49:22 PM","SeChangeNotifyPrivilege","NT AUTHORITY\LOCAL SERVICE","S-1-5-19"
"4193","MSDHCP2","54","9/14/2026 10:49:22 PM","SeChangeNotifyPrivilege","NT AUTHORITY\NETWORK SERVICE","S-1-5-20"
"4193","MSDHCP2","54","9/14/2026 10:49:22 PM","SeChangeNotifyPrivilege","BUILTIN\Administrators","S-1-5-32-544"
"4193","MSDHCP2","54","9/14/2026 10:49:22 PM","SeChangeNotifyPrivilege","BUILTIN\Users","S-1-5-32-545"
"4193","MSDHCP2","54","9/14/2026 10:49:22 PM","SeChangeNotifyPrivilege","BUILTIN\Backup Operators","S-1-5-32-551"
"4193","MSDHCP2","54","9/14/2026 10:49:22 PM","SeSystemtimePrivilege","NT AUTHORITY\LOCAL SERVICE","S-1-5-19"
"4193","MSDHCP2","54","9/14/2026 10:49:22 PM","SeSystemtimePrivilege","BUILTIN\Administrators","S-1-5-32-544"
"4193","MSDHCP2","54","9/14/2026 10:49:22 PM","SeCreatePagefilePrivilege","BUILTIN\Administrators","S-1-5-32-544"
"4193","MSDHCP2","54","9/14/2026 10:49:22 PM","SeDebugPrivilege","BUILTIN\Administrators","S-1-5-32-544"
"4193","MSDHCP2","54","9/14/2026 10:49:22 PM","SeRemoteShutdownPrivilege","BUILTIN\Administrators","S-1-5-32-544"
"4193","MSDHCP2","54","9/14/2026 10:49:22 PM","SeAuditPrivilege","NT AUTHORITY\LOCAL SERVICE","S-1-5-19"
"4193","MSDHCP2","54","9/14/2026 10:49:22 PM","SeAuditPrivilege","NT AUTHORITY\NETWORK SERVICE","S-1-5-20"
"4193","MSDHCP2","54","9/14/2026 10:49:22 PM","SeIncreaseQuotaPrivilege","NT AUTHORITY\LOCAL SERVICE","S-1-5-19"
"4193","MSDHCP2","54","9/14/2026 10:49:22 PM","SeIncreaseQuotaPrivilege","NT AUTHORITY\NETWORK SERVICE","S-1-5-20"
"4193","MSDHCP2","54","9/14/2026 10:49:22 PM","SeIncreaseQuotaPrivilege","BUILTIN\Administrators","S-1-5-32-544"
"4193","MSDHCP2","54","9/14/2026 10:49:22 PM","SeIncreaseBasePriorityPrivilege","BUILTIN\Administrators","S-1-5-32-544"
"4193","MSDHCP2","54","9/14/2026 10:49:22 PM","SeIncreaseBasePriorityPrivilege","Window Manager\Window Manager Group","S-1-5-90-0"
"4193","MSDHCP2","54","9/14/2026 10:49:22 PM","SeLoadDriverPrivilege","BUILTIN\Administrators","S-1-5-32-544"
"4193","MSDHCP2","54","9/14/2026 10:49:22 PM","SeBatchLogonRight","BUILTIN\Administrators","S-1-5-32-544"
"4193","MSDHCP2","54","9/14/2026 10:49:22 PM","SeBatchLogonRight","BUILTIN\Backup Operators","S-1-5-32-551"
"4193","MSDHCP2","54","9/14/2026 10:49:22 PM","SeBatchLogonRight","BUILTIN\Performance Log Users","S-1-5-32-559"
"4193","MSDHCP2","54","9/14/2026 10:49:22 PM","SeServiceLogonRight","NT SERVICE\ALL SERVICES","S-1-5-80-0"
"4193","MSDHCP2","54","9/14/2026 10:49:22 PM","SeServiceLogonRight","NT SERVICE\himds","S-1-5-80-4215458991-2034252225-2287069555-1155419622-2701885083"
"4193","MSDHCP2","54","9/14/2026 10:49:22 PM","SeServiceLogonRight","RESTRICTED SERVICES\ALL RESTRICTED SERVICES","S-1-5-99-0"
"4193","MSDHCP2","54","9/14/2026 10:49:22 PM","SeInteractiveLogonRight","BUILTIN\Administrators","S-1-5-32-544"
"4193","MSDHCP2","54","9/14/2026 10:49:22 PM","SeSecurityPrivilege","BUILTIN\Administrators","S-1-5-32-544"
"4193","MSDHCP2","54","9/14/2026 10:49:22 PM","SeSystemEnvironmentPrivilege","BUILTIN\Administrators","S-1-5-32-544"
"4193","MSDHCP2","54","9/14/2026 10:49:22 PM","SeProfileSingleProcessPrivilege","BUILTIN\Administrators","S-1-5-32-544"
"4193","MSDHCP2","54","9/14/2026 10:49:22 PM","SeSystemProfilePrivilege","BUILTIN\Administrators","S-1-5-32-544"
"4193","MSDHCP2","54","9/14/2026 10:49:22 PM","SeSystemProfilePrivilege","NT SERVICE\WdiServiceHost","S-1-5-80-3139157870-2983391045-3678747466-658725712-1809340420"
"4193","MSDHCP2","54","9/14/2026 10:49:22 PM","SeAssignPrimaryTokenPrivilege","NT AUTHORITY\LOCAL SERVICE","S-1-5-19"
"4193","MSDHCP2","54","9/14/2026 10:49:22 PM","SeAssignPrimaryTokenPrivilege","NT AUTHORITY\NETWORK SERVICE","S-1-5-20"
"4193","MSDHCP2","54","9/14/2026 10:49:22 PM","SeRestorePrivilege","BUILTIN\Administrators","S-1-5-32-544"
"4193","MSDHCP2","54","9/14/2026 10:49:22 PM","SeRestorePrivilege","BUILTIN\Backup Operators","S-1-5-32-551"
"4193","MSDHCP2","54","9/14/2026 10:49:22 PM","SeShutdownPrivilege","BUILTIN\Administrators","S-1-5-32-544"
"4193","MSDHCP2","54","9/14/2026 10:49:22 PM","SeTakeOwnershipPrivilege","BUILTIN\Administrators","S-1-5-32-544"
"4193","MSDHCP2","54","9/14/2026 10:49:22 PM","SeDenyBatchLogonRight","BUILTIN\Guests","S-1-5-32-546"
"4193","MSDHCP2","54","9/14/2026 10:49:22 PM","SeDenyServiceLogonRight","BUILTIN\Guests","S-1-5-32-546"
"4193","MSDHCP2","54","9/14/2026 10:49:22 PM","SeDenyInteractiveLogonRight","BUILTIN\Guests","S-1-5-32-546"
"4193","MSDHCP2","54","9/14/2026 10:49:22 PM","SeUndockPrivilege","BUILTIN\Administrators","S-1-5-32-544"
"4193","MSDHCP2","54","9/14/2026 10:49:22 PM","SeManageVolumePrivilege","BUILTIN\Administrators","S-1-5-32-544"
"4193","MSDHCP2","54","9/14/2026 10:49:22 PM","SeRemoteInteractiveLogonRight","BUILTIN\Administrators","S-1-5-32-544"
"4193","MSDHCP2","54","9/14/2026 10:49:22 PM","SeRemoteInteractiveLogonRight","BUILTIN\Remote Desktop Users","S-1-5-32-555"
"4193","MSDHCP2","54","9/14/2026 10:49:22 PM","SeDenyRemoteInteractiveLogonRight","BUILTIN\Guests","S-1-5-32-546"
"4193","MSDHCP2","54","9/14/2026 10:49:22 PM","SeImpersonatePrivilege","NT AUTHORITY\LOCAL SERVICE","S-1-5-19"
"4193","MSDHCP2","54","9/14/2026 10:49:22 PM","SeImpersonatePrivilege","NT AUTHORITY\NETWORK SERVICE","S-1-5-20"
"4193","MSDHCP2","54","9/14/2026 10:49:22 PM","SeImpersonatePrivilege","BUILTIN\Administrators","S-1-5-32-544"
"4193","MSDHCP2","54","9/14/2026 10:49:22 PM","SeImpersonatePrivilege","NT AUTHORITY\SERVICE","S-1-5-6"
"4193","MSDHCP2","54","9/14/2026 10:49:22 PM","SeImpersonatePrivilege","S-1-5-99-216390572-1995538116-3857911515-2404958512-2623887229","S-1-5-99-216390572-1995538116-3857911515-2404958512-2623887229"
"4193","MSDHCP2","54","9/14/2026 10:49:22 PM","SeCreateGlobalPrivilege","NT AUTHORITY\LOCAL SERVICE","S-1-5-19"
"4193","MSDHCP2","54","9/14/2026 10:49:22 PM","SeCreateGlobalPrivilege","NT AUTHORITY\NETWORK SERVICE","S-1-5-20"
"4193","MSDHCP2","54","9/14/2026 10:49:22 PM","SeCreateGlobalPrivilege","BUILTIN\Administrators","S-1-5-32-544"
"4193","MSDHCP2","54","9/14/2026 10:49:22 PM","SeCreateGlobalPrivilege","NT AUTHORITY\SERVICE","S-1-5-6"
"4193","MSDHCP2","54","9/14/2026 10:49:22 PM","SeIncreaseWorkingSetPrivilege","BUILTIN\Users","S-1-5-32-545"
"4193","MSDHCP2","54","9/14/2026 10:49:22 PM","SeTimeZonePrivilege","NT AUTHORITY\LOCAL SERVICE","S-1-5-19"
"4193","MSDHCP2","54","9/14/2026 10:49:22 PM","SeTimeZonePrivilege","BUILTIN\Administrators","S-1-5-32-544"
"4193","MSDHCP2","54","9/14/2026 10:49:22 PM","SeCreateSymbolicLinkPrivilege","BUILTIN\Administrators","S-1-5-32-544"
"4193","MSDHCP2","54","9/14/2026 10:49:22 PM","SeDelegateSessionUserImpersonatePrivilege","BUILTIN\Administrators","S-1-5-32-544"
"4206","PSSYSADMIN2","54","9/14/2026 10:49:24 PM","SeNetworkLogonRight","Everyone","S-1-1-0"
"4206","PSSYSADMIN2","54","9/14/2026 10:49:24 PM","SeNetworkLogonRight","BUILTIN\Administrators","S-1-5-32-544"
"4206","PSSYSADMIN2","54","9/14/2026 10:49:24 PM","SeNetworkLogonRight","BUILTIN\Users","S-1-5-32-545"
"4206","PSSYSADMIN2","54","9/14/2026 10:49:24 PM","SeNetworkLogonRight","BUILTIN\Backup Operators","S-1-5-32-551"
"4206","PSSYSADMIN2","54","9/14/2026 10:49:24 PM","SeBackupPrivilege","BUILTIN\Administrators","S-1-5-32-544"
"4206","PSSYSADMIN2","54","9/14/2026 10:49:24 PM","SeBackupPrivilege","BUILTIN\Backup Operators","S-1-5-32-551"
"4206","PSSYSADMIN2","54","9/14/2026 10:49:24 PM","SeChangeNotifyPrivilege","Everyone","S-1-1-0"
"4206","PSSYSADMIN2","54","9/14/2026 10:49:24 PM","SeChangeNotifyPrivilege","NT AUTHORITY\LOCAL SERVICE","S-1-5-19"
"4206","PSSYSADMIN2","54","9/14/2026 10:49:24 PM","SeChangeNotifyPrivilege","NT AUTHORITY\NETWORK SERVICE","S-1-5-20"
"4206","PSSYSADMIN2","54","9/14/2026 10:49:24 PM","SeChangeNotifyPrivilege","BUILTIN\Administrators","S-1-5-32-544"
"4206","PSSYSADMIN2","54","9/14/2026 10:49:24 PM","SeChangeNotifyPrivilege","BUILTIN\Users","S-1-5-32-545"
"4206","PSSYSADMIN2","54","9/14/2026 10:49:24 PM","SeChangeNotifyPrivilege","BUILTIN\Backup Operators","S-1-5-32-551"
"4206","PSSYSADMIN2","54","9/14/2026 10:49:24 PM","SeChangeNotifyPrivilege","RESTRICTED SERVICES\PrintSpoolerService","S-1-5-99-216390572-1995538116-3857911515-2404958512-2623887229"
"4206","PSSYSADMIN2","54","9/14/2026 10:49:24 PM","SeSystemtimePrivilege","NT AUTHORITY\LOCAL SERVICE","S-1-5-19"
"4206","PSSYSADMIN2","54","9/14/2026 10:49:24 PM","SeSystemtimePrivilege","BUILTIN\Administrators","S-1-5-32-544"
"4206","PSSYSADMIN2","54","9/14/2026 10:49:24 PM","SeCreatePagefilePrivilege","BUILTIN\Administrators","S-1-5-32-544"
"4206","PSSYSADMIN2","54","9/14/2026 10:49:24 PM","SeDebugPrivilege","BUILTIN\Administrators","S-1-5-32-544"
"4206","PSSYSADMIN2","54","9/14/2026 10:49:24 PM","SeRemoteShutdownPrivilege","BUILTIN\Administrators","S-1-5-32-544"
"4206","PSSYSADMIN2","54","9/14/2026 10:49:24 PM","SeAuditPrivilege","NT AUTHORITY\LOCAL SERVICE","S-1-5-19"
"4206","PSSYSADMIN2","54","9/14/2026 10:49:24 PM","SeAuditPrivilege","NT AUTHORITY\NETWORK SERVICE","S-1-5-20"
"4206","PSSYSADMIN2","54","9/14/2026 10:49:24 PM","SeAuditPrivilege","RESTRICTED SERVICES\PrintSpoolerService","S-1-5-99-216390572-1995538116-3857911515-2404958512-2623887229"
"4206","PSSYSADMIN2","54","9/14/2026 10:49:24 PM","SeIncreaseQuotaPrivilege","NT AUTHORITY\LOCAL SERVICE","S-1-5-19"
"4206","PSSYSADMIN2","54","9/14/2026 10:49:24 PM","SeIncreaseQuotaPrivilege","NT AUTHORITY\NETWORK SERVICE","S-1-5-20"
"4206","PSSYSADMIN2","54","9/14/2026 10:49:24 PM","SeIncreaseQuotaPrivilege","BUILTIN\Administrators","S-1-5-32-544"
"4206","PSSYSADMIN2","54","9/14/2026 10:49:24 PM","SeIncreaseBasePriorityPrivilege","BUILTIN\Administrators","S-1-5-32-544"
"4206","PSSYSADMIN2","54","9/14/2026 10:49:24 PM","SeIncreaseBasePriorityPrivilege","Window Manager\Window Manager Group","S-1-5-90-0"
"4206","PSSYSADMIN2","54","9/14/2026 10:49:24 PM","SeLoadDriverPrivilege","BUILTIN\Administrators","S-1-5-32-544"
"4206","PSSYSADMIN2","54","9/14/2026 10:49:24 PM","SeBatchLogonRight","BUILTIN\Administrators","S-1-5-32-544"
"4206","PSSYSADMIN2","54","9/14/2026 10:49:24 PM","SeBatchLogonRight","BUILTIN\Backup Operators","S-1-5-32-551"
"4206","PSSYSADMIN2","54","9/14/2026 10:49:24 PM","SeBatchLogonRight","BUILTIN\Performance Log Users","S-1-5-32-559"
"4206","PSSYSADMIN2","54","9/14/2026 10:49:24 PM","SeServiceLogonRight","NT SERVICE\ALL SERVICES","S-1-5-80-0"
"4206","PSSYSADMIN2","54","9/14/2026 10:49:24 PM","SeServiceLogonRight","NT SERVICE\himds","S-1-5-80-4215458991-2034252225-2287069555-1155419622-2701885083"
"4206","PSSYSADMIN2","54","9/14/2026 10:49:24 PM","SeServiceLogonRight","RESTRICTED SERVICES\ALL RESTRICTED SERVICES","S-1-5-99-0"
"4206","PSSYSADMIN2","54","9/14/2026 10:49:24 PM","SeInteractiveLogonRight","BUILTIN\Administrators","S-1-5-32-544"
"4206","PSSYSADMIN2","54","9/14/2026 10:49:24 PM","SeInteractiveLogonRight","BUILTIN\Users","S-1-5-32-545"
"4206","PSSYSADMIN2","54","9/14/2026 10:49:24 PM","SeInteractiveLogonRight","BUILTIN\Backup Operators","S-1-5-32-551"
"4206","PSSYSADMIN2","54","9/14/2026 10:49:24 PM","SeSecurityPrivilege","BUILTIN\Administrators","S-1-5-32-544"
"4206","PSSYSADMIN2","54","9/14/2026 10:49:24 PM","SeSystemEnvironmentPrivilege","BUILTIN\Administrators","S-1-5-32-544"
"4206","PSSYSADMIN2","54","9/14/2026 10:49:24 PM","SeProfileSingleProcessPrivilege","BUILTIN\Administrators","S-1-5-32-544"
"4206","PSSYSADMIN2","54","9/14/2026 10:49:24 PM","SeSystemProfilePrivilege","BUILTIN\Administrators","S-1-5-32-544"
"4206","PSSYSADMIN2","54","9/14/2026 10:49:24 PM","SeSystemProfilePrivilege","NT SERVICE\WdiServiceHost","S-1-5-80-3139157870-2983391045-3678747466-658725712-1809340420"
"4206","PSSYSADMIN2","54","9/14/2026 10:49:24 PM","SeAssignPrimaryTokenPrivilege","NT AUTHORITY\LOCAL SERVICE","S-1-5-19"
"4206","PSSYSADMIN2","54","9/14/2026 10:49:24 PM","SeAssignPrimaryTokenPrivilege","NT AUTHORITY\NETWORK SERVICE","S-1-5-20"
"4206","PSSYSADMIN2","54","9/14/2026 10:49:24 PM","SeRestorePrivilege","BUILTIN\Administrators","S-1-5-32-544"
"4206","PSSYSADMIN2","54","9/14/2026 10:49:24 PM","SeRestorePrivilege","BUILTIN\Backup Operators","S-1-5-32-551"
"4206","PSSYSADMIN2","54","9/14/2026 10:49:24 PM","SeShutdownPrivilege","BUILTIN\Administrators","S-1-5-32-544"
"4206","PSSYSADMIN2","54","9/14/2026 10:49:24 PM","SeShutdownPrivilege","BUILTIN\Backup Operators","S-1-5-32-551"
"4206","PSSYSADMIN2","54","9/14/2026 10:49:24 PM","SeTakeOwnershipPrivilege","BUILTIN\Administrators","S-1-5-32-544"
"4206","PSSYSADMIN2","54","9/14/2026 10:49:24 PM","SeUndockPrivilege","BUILTIN\Administrators","S-1-5-32-544"
"4206","PSSYSADMIN2","54","9/14/2026 10:49:24 PM","SeManageVolumePrivilege","BUILTIN\Administrators","S-1-5-32-544"
"4206","PSSYSADMIN2","54","9/14/2026 10:49:24 PM","SeRemoteInteractiveLogonRight","BUILTIN\Administrators","S-1-5-32-544"
"4206","PSSYSADMIN2","54","9/14/2026 10:49:24 PM","SeRemoteInteractiveLogonRight","BUILTIN\Remote Desktop Users","S-1-5-32-555"
"4206","PSSYSADMIN2","54","9/14/2026 10:49:24 PM","SeImpersonatePrivilege","NT AUTHORITY\LOCAL SERVICE","S-1-5-19"
"4206","PSSYSADMIN2","54","9/14/2026 10:49:24 PM","SeImpersonatePrivilege","NT AUTHORITY\NETWORK SERVICE","S-1-5-20"
"4206","PSSYSADMIN2","54","9/14/2026 10:49:24 PM","SeImpersonatePrivilege","BUILTIN\Administrators","S-1-5-32-544"
"4206","PSSYSADMIN2","54","9/14/2026 10:49:24 PM","SeImpersonatePrivilege","NT AUTHORITY\SERVICE","S-1-5-6"
"4206","PSSYSADMIN2","54","9/14/2026 10:49:24 PM","SeImpersonatePrivilege","RESTRICTED SERVICES\PrintSpoolerService","S-1-5-99-216390572-1995538116-3857911515-2404958512-2623887229"
"4206","PSSYSADMIN2","54","9/14/2026 10:49:24 PM","SeCreateGlobalPrivilege","NT AUTHORITY\LOCAL SERVICE","S-1-5-19"
"4206","PSSYSADMIN2","54","9/14/2026 10:49:24 PM","SeCreateGlobalPrivilege","NT AUTHORITY\NETWORK SERVICE","S-1-5-20"
"4206","PSSYSADMIN2","54","9/14/2026 10:49:24 PM","SeCreateGlobalPrivilege","BUILTIN\Administrators","S-1-5-32-544"
"4206","PSSYSADMIN2","54","9/14/2026 10:49:24 PM","SeCreateGlobalPrivilege","NT AUTHORITY\SERVICE","S-1-5-6"
"4206","PSSYSADMIN2","54","9/14/2026 10:49:24 PM","SeIncreaseWorkingSetPrivilege","BUILTIN\Users","S-1-5-32-545"
"4206","PSSYSADMIN2","54","9/14/2026 10:49:24 PM","SeTimeZonePrivilege","NT AUTHORITY\LOCAL SERVICE","S-1-5-19"
"4206","PSSYSADMIN2","54","9/14/2026 10:49:24 PM","SeTimeZonePrivilege","BUILTIN\Administrators","S-1-5-32-544"
"4206","PSSYSADMIN2","54","9/14/2026 10:49:24 PM","SeCreateSymbolicLinkPrivilege","BUILTIN\Administrators","S-1-5-32-544"
"4206","PSSYSADMIN2","54","9/14/2026 10:49:24 PM","SeDelegateSessionUserImpersonatePrivilege","BUILTIN\Administrators","S-1-5-32-544"
"4211","MSSECADMIN1","55","9/14/2026 10:49:26 PM","SeNetworkLogonRight","Everyone","S-1-1-0"
"4211","MSSECADMIN1","55","9/14/2026 10:49:26 PM","SeNetworkLogonRight","BUILTIN\Administrators","S-1-5-32-544"
"4211","MSSECADMIN1","55","9/14/2026 10:49:26 PM","SeNetworkLogonRight","BUILTIN\Users","S-1-5-32-545"
"4211","MSSECADMIN1","55","9/14/2026 10:49:26 PM","SeNetworkLogonRight","BUILTIN\Backup Operators","S-1-5-32-551"
"4211","MSSECADMIN1","55","9/14/2026 10:49:26 PM","SeBackupPrivilege","BUILTIN\Administrators","S-1-5-32-544"
"4211","MSSECADMIN1","55","9/14/2026 10:49:26 PM","SeBackupPrivilege","BUILTIN\Backup Operators","S-1-5-32-551"
"4211","MSSECADMIN1","55","9/14/2026 10:49:26 PM","SeChangeNotifyPrivilege","Everyone","S-1-1-0"
"4211","MSSECADMIN1","55","9/14/2026 10:49:26 PM","SeChangeNotifyPrivilege","NT AUTHORITY\LOCAL SERVICE","S-1-5-19"
"4211","MSSECADMIN1","55","9/14/2026 10:49:26 PM","SeChangeNotifyPrivilege","NT AUTHORITY\NETWORK SERVICE","S-1-5-20"
"4211","MSSECADMIN1","55","9/14/2026 10:49:26 PM","SeChangeNotifyPrivilege","BUILTIN\Administrators","S-1-5-32-544"
"4211","MSSECADMIN1","55","9/14/2026 10:49:26 PM","SeChangeNotifyPrivilege","BUILTIN\Users","S-1-5-32-545"
"4211","MSSECADMIN1","55","9/14/2026 10:49:26 PM","SeChangeNotifyPrivilege","BUILTIN\Backup Operators","S-1-5-32-551"
"4211","MSSECADMIN1","55","9/14/2026 10:49:26 PM","SeChangeNotifyPrivilege","RESTRICTED SERVICES\PrintSpoolerService","S-1-5-99-216390572-1995538116-3857911515-2404958512-2623887229"
"4211","MSSECADMIN1","55","9/14/2026 10:49:26 PM","SeSystemtimePrivilege","NT AUTHORITY\LOCAL SERVICE","S-1-5-19"
"4211","MSSECADMIN1","55","9/14/2026 10:49:26 PM","SeSystemtimePrivilege","BUILTIN\Administrators","S-1-5-32-544"
"4211","MSSECADMIN1","55","9/14/2026 10:49:26 PM","SeCreatePagefilePrivilege","BUILTIN\Administrators","S-1-5-32-544"
"4211","MSSECADMIN1","55","9/14/2026 10:49:26 PM","SeDebugPrivilege","BUILTIN\Administrators","S-1-5-32-544"
"4211","MSSECADMIN1","55","9/14/2026 10:49:26 PM","SeRemoteShutdownPrivilege","BUILTIN\Administrators","S-1-5-32-544"
"4211","MSSECADMIN1","55","9/14/2026 10:49:26 PM","SeAuditPrivilege","NT AUTHORITY\LOCAL SERVICE","S-1-5-19"
"4211","MSSECADMIN1","55","9/14/2026 10:49:26 PM","SeAuditPrivilege","NT AUTHORITY\NETWORK SERVICE","S-1-5-20"
"4211","MSSECADMIN1","55","9/14/2026 10:49:26 PM","SeAuditPrivilege","RESTRICTED SERVICES\PrintSpoolerService","S-1-5-99-216390572-1995538116-3857911515-2404958512-2623887229"
"4211","MSSECADMIN1","55","9/14/2026 10:49:26 PM","SeIncreaseQuotaPrivilege","NT AUTHORITY\LOCAL SERVICE","S-1-5-19"
"4211","MSSECADMIN1","55","9/14/2026 10:49:26 PM","SeIncreaseQuotaPrivilege","NT AUTHORITY\NETWORK SERVICE","S-1-5-20"
"4211","MSSECADMIN1","55","9/14/2026 10:49:26 PM","SeIncreaseQuotaPrivilege","BUILTIN\Administrators","S-1-5-32-544"
"4211","MSSECADMIN1","55","9/14/2026 10:49:26 PM","SeIncreaseBasePriorityPrivilege","BUILTIN\Administrators","S-1-5-32-544"
"4211","MSSECADMIN1","55","9/14/2026 10:49:26 PM","SeIncreaseBasePriorityPrivilege","Window Manager\Window Manager Group","S-1-5-90-0"
"4211","MSSECADMIN1","55","9/14/2026 10:49:26 PM","SeLoadDriverPrivilege","BUILTIN\Administrators","S-1-5-32-544"
"4211","MSSECADMIN1","55","9/14/2026 10:49:26 PM","SeBatchLogonRight","BUILTIN\Administrators","S-1-5-32-544"
"4211","MSSECADMIN1","55","9/14/2026 10:49:26 PM","SeBatchLogonRight","BUILTIN\Backup Operators","S-1-5-32-551"
"4211","MSSECADMIN1","55","9/14/2026 10:49:26 PM","SeBatchLogonRight","BUILTIN\Performance Log Users","S-1-5-32-559"
"4211","MSSECADMIN1","55","9/14/2026 10:49:26 PM","SeServiceLogonRight","NT SERVICE\ALL SERVICES","S-1-5-80-0"
"4211","MSSECADMIN1","55","9/14/2026 10:49:26 PM","SeServiceLogonRight","NT SERVICE\himds","S-1-5-80-4215458991-2034252225-2287069555-1155419622-2701885083"
"4211","MSSECADMIN1","55","9/14/2026 10:49:26 PM","SeServiceLogonRight","RESTRICTED SERVICES\ALL RESTRICTED SERVICES","S-1-5-99-0"
"4211","MSSECADMIN1","55","9/14/2026 10:49:26 PM","SeInteractiveLogonRight","BUILTIN\Administrators","S-1-5-32-544"
"4211","MSSECADMIN1","55","9/14/2026 10:49:26 PM","SeInteractiveLogonRight","BUILTIN\Users","S-1-5-32-545"
"4211","MSSECADMIN1","55","9/14/2026 10:49:26 PM","SeInteractiveLogonRight","BUILTIN\Backup Operators","S-1-5-32-551"
"4211","MSSECADMIN1","55","9/14/2026 10:49:26 PM","SeSecurityPrivilege","BUILTIN\Administrators","S-1-5-32-544"
"4211","MSSECADMIN1","55","9/14/2026 10:49:26 PM","SeSystemEnvironmentPrivilege","BUILTIN\Administrators","S-1-5-32-544"
"4211","MSSECADMIN1","55","9/14/2026 10:49:26 PM","SeProfileSingleProcessPrivilege","BUILTIN\Administrators","S-1-5-32-544"
"4211","MSSECADMIN1","55","9/14/2026 10:49:26 PM","SeSystemProfilePrivilege","BUILTIN\Administrators","S-1-5-32-544"
"4211","MSSECADMIN1","55","9/14/2026 10:49:26 PM","SeSystemProfilePrivilege","NT SERVICE\WdiServiceHost","S-1-5-80-3139157870-2983391045-3678747466-658725712-1809340420"
"4211","MSSECADMIN1","55","9/14/2026 10:49:26 PM","SeAssignPrimaryTokenPrivilege","NT AUTHORITY\LOCAL SERVICE","S-1-5-19"
"4211","MSSECADMIN1","55","9/14/2026 10:49:26 PM","SeAssignPrimaryTokenPrivilege","NT AUTHORITY\NETWORK SERVICE","S-1-5-20"
"4211","MSSECADMIN1","55","9/14/2026 10:49:26 PM","SeRestorePrivilege","BUILTIN\Administrators","S-1-5-32-544"
"4211","MSSECADMIN1","55","9/14/2026 10:49:26 PM","SeRestorePrivilege","BUILTIN\Backup Operators","S-1-5-32-551"
"4211","MSSECADMIN1","55","9/14/2026 10:49:26 PM","SeShutdownPrivilege","BUILTIN\Administrators","S-1-5-32-544"
"4211","MSSECADMIN1","55","9/14/2026 10:49:26 PM","SeShutdownPrivilege","BUILTIN\Backup Operators","S-1-5-32-551"
"4211","MSSECADMIN1","55","9/14/2026 10:49:26 PM","SeTakeOwnershipPrivilege","BUILTIN\Administrators","S-1-5-32-544"
"4211","MSSECADMIN1","55","9/14/2026 10:49:26 PM","SeUndockPrivilege","BUILTIN\Administrators","S-1-5-32-544"
"4211","MSSECADMIN1","55","9/14/2026 10:49:26 PM","SeManageVolumePrivilege","BUILTIN\Administrators","S-1-5-32-544"
"4211","MSSECADMIN1","55","9/14/2026 10:49:26 PM","SeRemoteInteractiveLogonRight","BUILTIN\Administrators","S-1-5-32-544"
"4211","MSSECADMIN1","55","9/14/2026 10:49:26 PM","SeRemoteInteractiveLogonRight","BUILTIN\Remote Desktop Users","S-1-5-32-555"
"4211","MSSECADMIN1","55","9/14/2026 10:49:26 PM","SeImpersonatePrivilege","NT AUTHORITY\LOCAL SERVICE","S-1-5-19"
"4211","MSSECADMIN1","55","9/14/2026 10:49:26 PM","SeImpersonatePrivilege","NT AUTHORITY\NETWORK SERVICE","S-1-5-20"
"4211","MSSECADMIN1","55","9/14/2026 10:49:26 PM","SeImpersonatePrivilege","BUILTIN\Administrators","S-1-5-32-544"
"4211","MSSECADMIN1","55","9/14/2026 10:49:26 PM","SeImpersonatePrivilege","NT AUTHORITY\SERVICE","S-1-5-6"
"4211","MSSECADMIN1","55","9/14/2026 10:49:26 PM","SeImpersonatePrivilege","RESTRICTED SERVICES\PrintSpoolerService","S-1-5-99-216390572-1995538116-3857911515-2404958512-2623887229"
"4211","MSSECADMIN1","55","9/14/2026 10:49:26 PM","SeCreateGlobalPrivilege","NT AUTHORITY\LOCAL SERVICE","S-1-5-19"
"4211","MSSECADMIN1","55","9/14/2026 10:49:26 PM","SeCreateGlobalPrivilege","NT AUTHORITY\NETWORK SERVICE","S-1-5-20"
"4211","MSSECADMIN1","55","9/14/2026 10:49:26 PM","SeCreateGlobalPrivilege","BUILTIN\Administrators","S-1-5-32-544"
"4211","MSSECADMIN1","55","9/14/2026 10:49:26 PM","SeCreateGlobalPrivilege","NT AUTHORITY\SERVICE","S-1-5-6"
"4211","MSSECADMIN1","55","9/14/2026 10:49:26 PM","SeIncreaseWorkingSetPrivilege","BUILTIN\Users","S-1-5-32-545"
"4211","MSSECADMIN1","55","9/14/2026 10:49:26 PM","SeTimeZonePrivilege","NT AUTHORITY\LOCAL SERVICE","S-1-5-19"
"4211","MSSECADMIN1","55","9/14/2026 10:49:26 PM","SeTimeZonePrivilege","BUILTIN\Administrators","S-1-5-32-544"
"4211","MSSECADMIN1","55","9/14/2026 10:49:26 PM","SeCreateSymbolicLinkPrivilege","BUILTIN\Administrators","S-1-5-32-544"
"4211","MSSECADMIN1","55","9/14/2026 10:49:26 PM","SeDelegateSessionUserImpersonatePrivilege","BUILTIN\Administrators","S-1-5-32-544"
"4212","MSSYSADMIN1","54","9/14/2026 10:49:28 PM","SeNetworkLogonRight","Everyone","S-1-1-0"
"4212","MSSYSADMIN1","54","9/14/2026 10:49:28 PM","SeNetworkLogonRight","BUILTIN\Administrators","S-1-5-32-544"
"4212","MSSYSADMIN1","54","9/14/2026 10:49:28 PM","SeNetworkLogonRight","BUILTIN\Users","S-1-5-32-545"
"4212","MSSYSADMIN1","54","9/14/2026 10:49:28 PM","SeNetworkLogonRight","BUILTIN\Backup Operators","S-1-5-32-551"
"4212","MSSYSADMIN1","54","9/14/2026 10:49:28 PM","SeBackupPrivilege","BUILTIN\Administrators","S-1-5-32-544"
"4212","MSSYSADMIN1","54","9/14/2026 10:49:28 PM","SeBackupPrivilege","BUILTIN\Backup Operators","S-1-5-32-551"
"4212","MSSYSADMIN1","54","9/14/2026 10:49:28 PM","SeChangeNotifyPrivilege","Everyone","S-1-1-0"
"4212","MSSYSADMIN1","54","9/14/2026 10:49:28 PM","SeChangeNotifyPrivilege","NT AUTHORITY\LOCAL SERVICE","S-1-5-19"
"4212","MSSYSADMIN1","54","9/14/2026 10:49:28 PM","SeChangeNotifyPrivilege","NT AUTHORITY\NETWORK SERVICE","S-1-5-20"
"4212","MSSYSADMIN1","54","9/14/2026 10:49:28 PM","SeChangeNotifyPrivilege","BUILTIN\Administrators","S-1-5-32-544"
"4212","MSSYSADMIN1","54","9/14/2026 10:49:28 PM","SeChangeNotifyPrivilege","BUILTIN\Users","S-1-5-32-545"
"4212","MSSYSADMIN1","54","9/14/2026 10:49:28 PM","SeChangeNotifyPrivilege","BUILTIN\Backup Operators","S-1-5-32-551"
"4212","MSSYSADMIN1","54","9/14/2026 10:49:28 PM","SeChangeNotifyPrivilege","RESTRICTED SERVICES\PrintSpoolerService","S-1-5-99-216390572-1995538116-3857911515-2404958512-2623887229"
"4212","MSSYSADMIN1","54","9/14/2026 10:49:28 PM","SeSystemtimePrivilege","NT AUTHORITY\LOCAL SERVICE","S-1-5-19"
"4212","MSSYSADMIN1","54","9/14/2026 10:49:28 PM","SeSystemtimePrivilege","BUILTIN\Administrators","S-1-5-32-544"
"4212","MSSYSADMIN1","54","9/14/2026 10:49:28 PM","SeCreatePagefilePrivilege","BUILTIN\Administrators","S-1-5-32-544"
"4212","MSSYSADMIN1","54","9/14/2026 10:49:28 PM","SeDebugPrivilege","BUILTIN\Administrators","S-1-5-32-544"
"4212","MSSYSADMIN1","54","9/14/2026 10:49:28 PM","SeRemoteShutdownPrivilege","BUILTIN\Administrators","S-1-5-32-544"
"4212","MSSYSADMIN1","54","9/14/2026 10:49:28 PM","SeAuditPrivilege","NT AUTHORITY\LOCAL SERVICE","S-1-5-19"
"4212","MSSYSADMIN1","54","9/14/2026 10:49:28 PM","SeAuditPrivilege","NT AUTHORITY\NETWORK SERVICE","S-1-5-20"
"4212","MSSYSADMIN1","54","9/14/2026 10:49:28 PM","SeAuditPrivilege","RESTRICTED SERVICES\PrintSpoolerService","S-1-5-99-216390572-1995538116-3857911515-2404958512-2623887229"
"4212","MSSYSADMIN1","54","9/14/2026 10:49:28 PM","SeIncreaseQuotaPrivilege","NT AUTHORITY\LOCAL SERVICE","S-1-5-19"
"4212","MSSYSADMIN1","54","9/14/2026 10:49:28 PM","SeIncreaseQuotaPrivilege","NT AUTHORITY\NETWORK SERVICE","S-1-5-20"
"4212","MSSYSADMIN1","54","9/14/2026 10:49:28 PM","SeIncreaseQuotaPrivilege","BUILTIN\Administrators","S-1-5-32-544"
"4212","MSSYSADMIN1","54","9/14/2026 10:49:28 PM","SeIncreaseBasePriorityPrivilege","BUILTIN\Administrators","S-1-5-32-544"
"4212","MSSYSADMIN1","54","9/14/2026 10:49:28 PM","SeIncreaseBasePriorityPrivilege","Window Manager\Window Manager Group","S-1-5-90-0"
"4212","MSSYSADMIN1","54","9/14/2026 10:49:28 PM","SeLoadDriverPrivilege","BUILTIN\Administrators","S-1-5-32-544"
"4212","MSSYSADMIN1","54","9/14/2026 10:49:28 PM","SeBatchLogonRight","BUILTIN\Administrators","S-1-5-32-544"
"4212","MSSYSADMIN1","54","9/14/2026 10:49:28 PM","SeBatchLogonRight","BUILTIN\Backup Operators","S-1-5-32-551"
"4212","MSSYSADMIN1","54","9/14/2026 10:49:28 PM","SeBatchLogonRight","BUILTIN\Performance Log Users","S-1-5-32-559"
"4212","MSSYSADMIN1","54","9/14/2026 10:49:28 PM","SeServiceLogonRight","NT SERVICE\ALL SERVICES","S-1-5-80-0"
"4212","MSSYSADMIN1","54","9/14/2026 10:49:28 PM","SeServiceLogonRight","NT SERVICE\himds","S-1-5-80-4215458991-2034252225-2287069555-1155419622-2701885083"
"4212","MSSYSADMIN1","54","9/14/2026 10:49:28 PM","SeServiceLogonRight","RESTRICTED SERVICES\ALL RESTRICTED SERVICES","S-1-5-99-0"
"4212","MSSYSADMIN1","54","9/14/2026 10:49:28 PM","SeInteractiveLogonRight","BUILTIN\Administrators","S-1-5-32-544"
"4212","MSSYSADMIN1","54","9/14/2026 10:49:28 PM","SeInteractiveLogonRight","BUILTIN\Users","S-1-5-32-545"
"4212","MSSYSADMIN1","54","9/14/2026 10:49:28 PM","SeInteractiveLogonRight","BUILTIN\Backup Operators","S-1-5-32-551"
"4212","MSSYSADMIN1","54","9/14/2026 10:49:28 PM","SeSecurityPrivilege","BUILTIN\Administrators","S-1-5-32-544"
"4212","MSSYSADMIN1","54","9/14/2026 10:49:28 PM","SeSystemEnvironmentPrivilege","BUILTIN\Administrators","S-1-5-32-544"
"4212","MSSYSADMIN1","54","9/14/2026 10:49:28 PM","SeProfileSingleProcessPrivilege","BUILTIN\Administrators","S-1-5-32-544"
"4212","MSSYSADMIN1","54","9/14/2026 10:49:28 PM","SeSystemProfilePrivilege","BUILTIN\Administrators","S-1-5-32-544"
"4212","MSSYSADMIN1","54","9/14/2026 10:49:28 PM","SeSystemProfilePrivilege","NT SERVICE\WdiServiceHost","S-1-5-80-3139157870-2983391045-3678747466-658725712-1809340420"
"4212","MSSYSADMIN1","54","9/14/2026 10:49:28 PM","SeAssignPrimaryTokenPrivilege","NT AUTHORITY\LOCAL SERVICE","S-1-5-19"
"4212","MSSYSADMIN1","54","9/14/2026 10:49:28 PM","SeAssignPrimaryTokenPrivilege","NT AUTHORITY\NETWORK SERVICE","S-1-5-20"
"4212","MSSYSADMIN1","54","9/14/2026 10:49:28 PM","SeRestorePrivilege","BUILTIN\Administrators","S-1-5-32-544"
"4212","MSSYSADMIN1","54","9/14/2026 10:49:28 PM","SeRestorePrivilege","BUILTIN\Backup Operators","S-1-5-32-551"
"4212","MSSYSADMIN1","54","9/14/2026 10:49:28 PM","SeShutdownPrivilege","BUILTIN\Administrators","S-1-5-32-544"
"4212","MSSYSADMIN1","54","9/14/2026 10:49:28 PM","SeShutdownPrivilege","BUILTIN\Backup Operators","S-1-5-32-551"
"4212","MSSYSADMIN1","54","9/14/2026 10:49:28 PM","SeTakeOwnershipPrivilege","BUILTIN\Administrators","S-1-5-32-544"
"4212","MSSYSADMIN1","54","9/14/2026 10:49:28 PM","SeUndockPrivilege","BUILTIN\Administrators","S-1-5-32-544"
"4212","MSSYSADMIN1","54","9/14/2026 10:49:28 PM","SeManageVolumePrivilege","BUILTIN\Administrators","S-1-5-32-544"
"4212","MSSYSADMIN1","54","9/14/2026 10:49:28 PM","SeRemoteInteractiveLogonRight","BUILTIN\Administrators","S-1-5-32-544"
"4212","MSSYSADMIN1","54","9/14/2026 10:49:28 PM","SeRemoteInteractiveLogonRight","BUILTIN\Remote Desktop Users","S-1-5-32-555"
"4212","MSSYSADMIN1","54","9/14/2026 10:49:28 PM","SeImpersonatePrivilege","NT AUTHORITY\LOCAL SERVICE","S-1-5-19"
"4212","MSSYSADMIN1","54","9/14/2026 10:49:28 PM","SeImpersonatePrivilege","NT AUTHORITY\NETWORK SERVICE","S-1-5-20"
"4212","MSSYSADMIN1","54","9/14/2026 10:49:28 PM","SeImpersonatePrivilege","BUILTIN\Administrators","S-1-5-32-544"
"4212","MSSYSADMIN1","54","9/14/2026 10:49:28 PM","SeImpersonatePrivilege","NT AUTHORITY\SERVICE","S-1-5-6"
"4212","MSSYSADMIN1","54","9/14/2026 10:49:28 PM","SeImpersonatePrivilege","RESTRICTED SERVICES\PrintSpoolerService","S-1-5-99-216390572-1995538116-3857911515-2404958512-2623887229"
"4212","MSSYSADMIN1","54","9/14/2026 10:49:28 PM","SeCreateGlobalPrivilege","NT AUTHORITY\LOCAL SERVICE","S-1-5-19"
"4212","MSSYSADMIN1","54","9/14/2026 10:49:28 PM","SeCreateGlobalPrivilege","NT AUTHORITY\NETWORK SERVICE","S-1-5-20"
"4212","MSSYSADMIN1","54","9/14/2026 10:49:28 PM","SeCreateGlobalPrivilege","BUILTIN\Administrators","S-1-5-32-544"
"4212","MSSYSADMIN1","54","9/14/2026 10:49:28 PM","SeCreateGlobalPrivilege","NT AUTHORITY\SERVICE","S-1-5-6"
"4212","MSSYSADMIN1","54","9/14/2026 10:49:28 PM","SeIncreaseWorkingSetPrivilege","BUILTIN\Users","S-1-5-32-545"
"4212","MSSYSADMIN1","54","9/14/2026 10:49:28 PM","SeTimeZonePrivilege","NT AUTHORITY\LOCAL SERVICE","S-1-5-19"
"4212","MSSYSADMIN1","54","9/14/2026 10:49:28 PM","SeTimeZonePrivilege","BUILTIN\Administrators","S-1-5-32-544"
"4212","MSSYSADMIN1","54","9/14/2026 10:49:28 PM","SeCreateSymbolicLinkPrivilege","BUILTIN\Administrators","S-1-5-32-544"
"4212","MSSYSADMIN1","54","9/14/2026 10:49:28 PM","SeDelegateSessionUserImpersonatePrivilege","BUILTIN\Administrators","S-1-5-32-544"
"4213","PSSECADMIN2","55","9/14/2026 10:49:28 PM","SeNetworkLogonRight","Everyone","S-1-1-0"
"4213","PSSECADMIN2","55","9/14/2026 10:49:28 PM","SeNetworkLogonRight","BUILTIN\Administrators","S-1-5-32-544"
"4213","PSSECADMIN2","55","9/14/2026 10:49:28 PM","SeNetworkLogonRight","BUILTIN\Users","S-1-5-32-545"
"4213","PSSECADMIN2","55","9/14/2026 10:49:28 PM","SeNetworkLogonRight","BUILTIN\Backup Operators","S-1-5-32-551"
"4213","PSSECADMIN2","55","9/14/2026 10:49:28 PM","SeBackupPrivilege","BUILTIN\Administrators","S-1-5-32-544"
"4213","PSSECADMIN2","55","9/14/2026 10:49:28 PM","SeBackupPrivilege","BUILTIN\Backup Operators","S-1-5-32-551"
"4213","PSSECADMIN2","55","9/14/2026 10:49:28 PM","SeChangeNotifyPrivilege","Everyone","S-1-1-0"
"4213","PSSECADMIN2","55","9/14/2026 10:49:28 PM","SeChangeNotifyPrivilege","NT AUTHORITY\LOCAL SERVICE","S-1-5-19"
"4213","PSSECADMIN2","55","9/14/2026 10:49:28 PM","SeChangeNotifyPrivilege","NT AUTHORITY\NETWORK SERVICE","S-1-5-20"
"4213","PSSECADMIN2","55","9/14/2026 10:49:28 PM","SeChangeNotifyPrivilege","BUILTIN\Administrators","S-1-5-32-544"
"4213","PSSECADMIN2","55","9/14/2026 10:49:28 PM","SeChangeNotifyPrivilege","BUILTIN\Users","S-1-5-32-545"
"4213","PSSECADMIN2","55","9/14/2026 10:49:28 PM","SeChangeNotifyPrivilege","BUILTIN\Backup Operators","S-1-5-32-551"
"4213","PSSECADMIN2","55","9/14/2026 10:49:28 PM","SeChangeNotifyPrivilege","RESTRICTED SERVICES\PrintSpoolerService","S-1-5-99-216390572-1995538116-3857911515-2404958512-2623887229"
"4213","PSSECADMIN2","55","9/14/2026 10:49:28 PM","SeSystemtimePrivilege","NT AUTHORITY\LOCAL SERVICE","S-1-5-19"
"4213","PSSECADMIN2","55","9/14/2026 10:49:28 PM","SeSystemtimePrivilege","BUILTIN\Administrators","S-1-5-32-544"
"4213","PSSECADMIN2","55","9/14/2026 10:49:28 PM","SeCreatePagefilePrivilege","BUILTIN\Administrators","S-1-5-32-544"
"4213","PSSECADMIN2","55","9/14/2026 10:49:28 PM","SeDebugPrivilege","BUILTIN\Administrators","S-1-5-32-544"
"4213","PSSECADMIN2","55","9/14/2026 10:49:28 PM","SeRemoteShutdownPrivilege","BUILTIN\Administrators","S-1-5-32-544"
"4213","PSSECADMIN2","55","9/14/2026 10:49:28 PM","SeAuditPrivilege","NT AUTHORITY\LOCAL SERVICE","S-1-5-19"
"4213","PSSECADMIN2","55","9/14/2026 10:49:28 PM","SeAuditPrivilege","NT AUTHORITY\NETWORK SERVICE","S-1-5-20"
"4213","PSSECADMIN2","55","9/14/2026 10:49:28 PM","SeAuditPrivilege","RESTRICTED SERVICES\PrintSpoolerService","S-1-5-99-216390572-1995538116-3857911515-2404958512-2623887229"
"4213","PSSECADMIN2","55","9/14/2026 10:49:28 PM","SeIncreaseQuotaPrivilege","NT AUTHORITY\LOCAL SERVICE","S-1-5-19"
"4213","PSSECADMIN2","55","9/14/2026 10:49:28 PM","SeIncreaseQuotaPrivilege","NT AUTHORITY\NETWORK SERVICE","S-1-5-20"
"4213","PSSECADMIN2","55","9/14/2026 10:49:28 PM","SeIncreaseQuotaPrivilege","BUILTIN\Administrators","S-1-5-32-544"
"4213","PSSECADMIN2","55","9/14/2026 10:49:28 PM","SeIncreaseBasePriorityPrivilege","BUILTIN\Administrators","S-1-5-32-544"
"4213","PSSECADMIN2","55","9/14/2026 10:49:28 PM","SeIncreaseBasePriorityPrivilege","Window Manager\Window Manager Group","S-1-5-90-0"
"4213","PSSECADMIN2","55","9/14/2026 10:49:28 PM","SeLoadDriverPrivilege","BUILTIN\Administrators","S-1-5-32-544"
"4213","PSSECADMIN2","55","9/14/2026 10:49:28 PM","SeBatchLogonRight","BUILTIN\Administrators","S-1-5-32-544"
"4213","PSSECADMIN2","55","9/14/2026 10:49:28 PM","SeBatchLogonRight","BUILTIN\Backup Operators","S-1-5-32-551"
"4213","PSSECADMIN2","55","9/14/2026 10:49:28 PM","SeBatchLogonRight","BUILTIN\Performance Log Users","S-1-5-32-559"
"4213","PSSECADMIN2","55","9/14/2026 10:49:28 PM","SeServiceLogonRight","NT SERVICE\ALL SERVICES","S-1-5-80-0"
"4213","PSSECADMIN2","55","9/14/2026 10:49:28 PM","SeServiceLogonRight","NT SERVICE\himds","S-1-5-80-4215458991-2034252225-2287069555-1155419622-2701885083"
"4213","PSSECADMIN2","55","9/14/2026 10:49:28 PM","SeServiceLogonRight","RESTRICTED SERVICES\ALL RESTRICTED SERVICES","S-1-5-99-0"
"4213","PSSECADMIN2","55","9/14/2026 10:49:28 PM","SeInteractiveLogonRight","BUILTIN\Administrators","S-1-5-32-544"
"4213","PSSECADMIN2","55","9/14/2026 10:49:28 PM","SeInteractiveLogonRight","BUILTIN\Users","S-1-5-32-545"
"4213","PSSECADMIN2","55","9/14/2026 10:49:28 PM","SeInteractiveLogonRight","BUILTIN\Backup Operators","S-1-5-32-551"
"4213","PSSECADMIN2","55","9/14/2026 10:49:28 PM","SeSecurityPrivilege","BUILTIN\Administrators","S-1-5-32-544"
"4213","PSSECADMIN2","55","9/14/2026 10:49:28 PM","SeSystemEnvironmentPrivilege","BUILTIN\Administrators","S-1-5-32-544"
"4213","PSSECADMIN2","55","9/14/2026 10:49:28 PM","SeProfileSingleProcessPrivilege","BUILTIN\Administrators","S-1-5-32-544"
"4213","PSSECADMIN2","55","9/14/2026 10:49:28 PM","SeSystemProfilePrivilege","BUILTIN\Administrators","S-1-5-32-544"
"4213","PSSECADMIN2","55","9/14/2026 10:49:28 PM","SeSystemProfilePrivilege","NT SERVICE\WdiServiceHost","S-1-5-80-3139157870-2983391045-3678747466-658725712-1809340420"
"4213","PSSECADMIN2","55","9/14/2026 10:49:28 PM","SeAssignPrimaryTokenPrivilege","NT AUTHORITY\LOCAL SERVICE","S-1-5-19"
"4213","PSSECADMIN2","55","9/14/2026 10:49:28 PM","SeAssignPrimaryTokenPrivilege","NT AUTHORITY\NETWORK SERVICE","S-1-5-20"
"4213","PSSECADMIN2","55","9/14/2026 10:49:28 PM","SeRestorePrivilege","BUILTIN\Administrators","S-1-5-32-544"
"4213","PSSECADMIN2","55","9/14/2026 10:49:28 PM","SeRestorePrivilege","BUILTIN\Backup Operators","S-1-5-32-551"
"4213","PSSECADMIN2","55","9/14/2026 10:49:28 PM","SeShutdownPrivilege","BUILTIN\Administrators","S-1-5-32-544"
"4213","PSSECADMIN2","55","9/14/2026 10:49:28 PM","SeShutdownPrivilege","BUILTIN\Backup Operators","S-1-5-32-551"
"4213","PSSECADMIN2","55","9/14/2026 10:49:28 PM","SeTakeOwnershipPrivilege","BUILTIN\Administrators","S-1-5-32-544"
"4213","PSSECADMIN2","55","9/14/2026 10:49:28 PM","SeUndockPrivilege","BUILTIN\Administrators","S-1-5-32-544"
"4213","PSSECADMIN2","55","9/14/2026 10:49:28 PM","SeManageVolumePrivilege","BUILTIN\Administrators","S-1-5-32-544"
"4213","PSSECADMIN2","55","9/14/2026 10:49:28 PM","SeRemoteInteractiveLogonRight","BUILTIN\Administrators","S-1-5-32-544"
"4213","PSSECADMIN2","55","9/14/2026 10:49:28 PM","SeRemoteInteractiveLogonRight","BUILTIN\Remote Desktop Users","S-1-5-32-555"
"4213","PSSECADMIN2","55","9/14/2026 10:49:28 PM","SeImpersonatePrivilege","NT AUTHORITY\LOCAL SERVICE","S-1-5-19"
"4213","PSSECADMIN2","55","9/14/2026 10:49:28 PM","SeImpersonatePrivilege","NT AUTHORITY\NETWORK SERVICE","S-1-5-20"
"4213","PSSECADMIN2","55","9/14/2026 10:49:28 PM","SeImpersonatePrivilege","BUILTIN\Administrators","S-1-5-32-544"
"4213","PSSECADMIN2","55","9/14/2026 10:49:28 PM","SeImpersonatePrivilege","NT AUTHORITY\SERVICE","S-1-5-6"
"4213","PSSECADMIN2","55","9/14/2026 10:49:28 PM","SeImpersonatePrivilege","RESTRICTED SERVICES\PrintSpoolerService","S-1-5-99-216390572-1995538116-3857911515-2404958512-2623887229"
"4213","PSSECADMIN2","55","9/14/2026 10:49:28 PM","SeCreateGlobalPrivilege","NT AUTHORITY\LOCAL SERVICE","S-1-5-19"
"4213","PSSECADMIN2","55","9/14/2026 10:49:28 PM","SeCreateGlobalPrivilege","NT AUTHORITY\NETWORK SERVICE","S-1-5-20"
"4213","PSSECADMIN2","55","9/14/2026 10:49:28 PM","SeCreateGlobalPrivilege","BUILTIN\Administrators","S-1-5-32-544"
"4213","PSSECADMIN2","55","9/14/2026 10:49:28 PM","SeCreateGlobalPrivilege","NT AUTHORITY\SERVICE","S-1-5-6"
"4213","PSSECADMIN2","55","9/14/2026 10:49:28 PM","SeIncreaseWorkingSetPrivilege","BUILTIN\Users","S-1-5-32-545"
"4213","PSSECADMIN2","55","9/14/2026 10:49:28 PM","SeTimeZonePrivilege","NT AUTHORITY\LOCAL SERVICE","S-1-5-19"
"4213","PSSECADMIN2","55","9/14/2026 10:49:28 PM","SeTimeZonePrivilege","BUILTIN\Administrators","S-1-5-32-544"
"4213","PSSECADMIN2","55","9/14/2026 10:49:28 PM","SeCreateSymbolicLinkPrivilege","BUILTIN\Administrators","S-1-5-32-544"
"4213","PSSECADMIN2","55","9/14/2026 10:49:28 PM","SeDelegateSessionUserImpersonatePrivilege","BUILTIN\Administrators","S-1-5-32-544"
"4214","PSSECADMIN1","55","9/14/2026 10:49:29 PM","SeNetworkLogonRight","Everyone","S-1-1-0"
"4214","PSSECADMIN1","55","9/14/2026 10:49:29 PM","SeNetworkLogonRight","BUILTIN\Administrators","S-1-5-32-544"
"4214","PSSECADMIN1","55","9/14/2026 10:49:29 PM","SeNetworkLogonRight","BUILTIN\Users","S-1-5-32-545"
"4214","PSSECADMIN1","55","9/14/2026 10:49:29 PM","SeNetworkLogonRight","BUILTIN\Backup Operators","S-1-5-32-551"
"4214","PSSECADMIN1","55","9/14/2026 10:49:29 PM","SeBackupPrivilege","BUILTIN\Administrators","S-1-5-32-544"
"4214","PSSECADMIN1","55","9/14/2026 10:49:29 PM","SeBackupPrivilege","BUILTIN\Backup Operators","S-1-5-32-551"
"4214","PSSECADMIN1","55","9/14/2026 10:49:29 PM","SeChangeNotifyPrivilege","Everyone","S-1-1-0"
"4214","PSSECADMIN1","55","9/14/2026 10:49:29 PM","SeChangeNotifyPrivilege","NT AUTHORITY\LOCAL SERVICE","S-1-5-19"
"4214","PSSECADMIN1","55","9/14/2026 10:49:29 PM","SeChangeNotifyPrivilege","NT AUTHORITY\NETWORK SERVICE","S-1-5-20"
"4214","PSSECADMIN1","55","9/14/2026 10:49:29 PM","SeChangeNotifyPrivilege","BUILTIN\Administrators","S-1-5-32-544"
"4214","PSSECADMIN1","55","9/14/2026 10:49:29 PM","SeChangeNotifyPrivilege","BUILTIN\Users","S-1-5-32-545"
"4214","PSSECADMIN1","55","9/14/2026 10:49:29 PM","SeChangeNotifyPrivilege","BUILTIN\Backup Operators","S-1-5-32-551"
"4214","PSSECADMIN1","55","9/14/2026 10:49:29 PM","SeChangeNotifyPrivilege","RESTRICTED SERVICES\PrintSpoolerService","S-1-5-99-216390572-1995538116-3857911515-2404958512-2623887229"
"4214","PSSECADMIN1","55","9/14/2026 10:49:29 PM","SeSystemtimePrivilege","NT AUTHORITY\LOCAL SERVICE","S-1-5-19"
"4214","PSSECADMIN1","55","9/14/2026 10:49:29 PM","SeSystemtimePrivilege","BUILTIN\Administrators","S-1-5-32-544"
"4214","PSSECADMIN1","55","9/14/2026 10:49:29 PM","SeCreatePagefilePrivilege","BUILTIN\Administrators","S-1-5-32-544"
"4214","PSSECADMIN1","55","9/14/2026 10:49:29 PM","SeDebugPrivilege","BUILTIN\Administrators","S-1-5-32-544"
"4214","PSSECADMIN1","55","9/14/2026 10:49:29 PM","SeRemoteShutdownPrivilege","BUILTIN\Administrators","S-1-5-32-544"
"4214","PSSECADMIN1","55","9/14/2026 10:49:29 PM","SeAuditPrivilege","NT AUTHORITY\LOCAL SERVICE","S-1-5-19"
"4214","PSSECADMIN1","55","9/14/2026 10:49:29 PM","SeAuditPrivilege","NT AUTHORITY\NETWORK SERVICE","S-1-5-20"
"4214","PSSECADMIN1","55","9/14/2026 10:49:29 PM","SeAuditPrivilege","RESTRICTED SERVICES\PrintSpoolerService","S-1-5-99-216390572-1995538116-3857911515-2404958512-2623887229"
"4214","PSSECADMIN1","55","9/14/2026 10:49:29 PM","SeIncreaseQuotaPrivilege","NT AUTHORITY\LOCAL SERVICE","S-1-5-19"
"4214","PSSECADMIN1","55","9/14/2026 10:49:29 PM","SeIncreaseQuotaPrivilege","NT AUTHORITY\NETWORK SERVICE","S-1-5-20"
"4214","PSSECADMIN1","55","9/14/2026 10:49:29 PM","SeIncreaseQuotaPrivilege","BUILTIN\Administrators","S-1-5-32-544"
"4214","PSSECADMIN1","55","9/14/2026 10:49:29 PM","SeIncreaseBasePriorityPrivilege","BUILTIN\Administrators","S-1-5-32-544"
"4214","PSSECADMIN1","55","9/14/2026 10:49:29 PM","SeIncreaseBasePriorityPrivilege","Window Manager\Window Manager Group","S-1-5-90-0"
"4214","PSSECADMIN1","55","9/14/2026 10:49:29 PM","SeLoadDriverPrivilege","BUILTIN\Administrators","S-1-5-32-544"
"4214","PSSECADMIN1","55","9/14/2026 10:49:29 PM","SeBatchLogonRight","BUILTIN\Administrators","S-1-5-32-544"
"4214","PSSECADMIN1","55","9/14/2026 10:49:29 PM","SeBatchLogonRight","BUILTIN\Backup Operators","S-1-5-32-551"
"4214","PSSECADMIN1","55","9/14/2026 10:49:29 PM","SeBatchLogonRight","BUILTIN\Performance Log Users","S-1-5-32-559"
"4214","PSSECADMIN1","55","9/14/2026 10:49:29 PM","SeServiceLogonRight","NT SERVICE\ALL SERVICES","S-1-5-80-0"
"4214","PSSECADMIN1","55","9/14/2026 10:49:29 PM","SeServiceLogonRight","NT SERVICE\himds","S-1-5-80-4215458991-2034252225-2287069555-1155419622-2701885083"
"4214","PSSECADMIN1","55","9/14/2026 10:49:29 PM","SeServiceLogonRight","RESTRICTED SERVICES\ALL RESTRICTED SERVICES","S-1-5-99-0"
"4214","PSSECADMIN1","55","9/14/2026 10:49:29 PM","SeInteractiveLogonRight","BUILTIN\Administrators","S-1-5-32-544"
"4214","PSSECADMIN1","55","9/14/2026 10:49:29 PM","SeInteractiveLogonRight","BUILTIN\Users","S-1-5-32-545"
"4214","PSSECADMIN1","55","9/14/2026 10:49:29 PM","SeInteractiveLogonRight","BUILTIN\Backup Operators","S-1-5-32-551"
"4214","PSSECADMIN1","55","9/14/2026 10:49:29 PM","SeSecurityPrivilege","BUILTIN\Administrators","S-1-5-32-544"
"4214","PSSECADMIN1","55","9/14/2026 10:49:29 PM","SeSystemEnvironmentPrivilege","BUILTIN\Administrators","S-1-5-32-544"
"4214","PSSECADMIN1","55","9/14/2026 10:49:29 PM","SeProfileSingleProcessPrivilege","BUILTIN\Administrators","S-1-5-32-544"
"4214","PSSECADMIN1","55","9/14/2026 10:49:29 PM","SeSystemProfilePrivilege","BUILTIN\Administrators","S-1-5-32-544"
"4214","PSSECADMIN1","55","9/14/2026 10:49:29 PM","SeSystemProfilePrivilege","NT SERVICE\WdiServiceHost","S-1-5-80-3139157870-2983391045-3678747466-658725712-1809340420"
"4214","PSSECADMIN1","55","9/14/2026 10:49:29 PM","SeAssignPrimaryTokenPrivilege","NT AUTHORITY\LOCAL SERVICE","S-1-5-19"
"4214","PSSECADMIN1","55","9/14/2026 10:49:29 PM","SeAssignPrimaryTokenPrivilege","NT AUTHORITY\NETWORK SERVICE","S-1-5-20"
"4214","PSSECADMIN1","55","9/14/2026 10:49:29 PM","SeRestorePrivilege","BUILTIN\Administrators","S-1-5-32-544"
"4214","PSSECADMIN1","55","9/14/2026 10:49:29 PM","SeRestorePrivilege","BUILTIN\Backup Operators","S-1-5-32-551"
"4214","PSSECADMIN1","55","9/14/2026 10:49:29 PM","SeShutdownPrivilege","BUILTIN\Administrators","S-1-5-32-544"
"4214","PSSECADMIN1","55","9/14/2026 10:49:29 PM","SeShutdownPrivilege","BUILTIN\Backup Operators","S-1-5-32-551"
"4214","PSSECADMIN1","55","9/14/2026 10:49:29 PM","SeTakeOwnershipPrivilege","BUILTIN\Administrators","S-1-5-32-544"
"4214","PSSECADMIN1","55","9/14/2026 10:49:29 PM","SeUndockPrivilege","BUILTIN\Administrators","S-1-5-32-544"
"4214","PSSECADMIN1","55","9/14/2026 10:49:29 PM","SeManageVolumePrivilege","BUILTIN\Administrators","S-1-5-32-544"
"4214","PSSECADMIN1","55","9/14/2026 10:49:29 PM","SeRemoteInteractiveLogonRight","BUILTIN\Administrators","S-1-5-32-544"
"4214","PSSECADMIN1","55","9/14/2026 10:49:29 PM","SeRemoteInteractiveLogonRight","BUILTIN\Remote Desktop Users","S-1-5-32-555"
"4214","PSSECADMIN1","55","9/14/2026 10:49:29 PM","SeImpersonatePrivilege","NT AUTHORITY\LOCAL SERVICE","S-1-5-19"
"4214","PSSECADMIN1","55","9/14/2026 10:49:29 PM","SeImpersonatePrivilege","NT AUTHORITY\NETWORK SERVICE","S-1-5-20"
"4214","PSSECADMIN1","55","9/14/2026 10:49:29 PM","SeImpersonatePrivilege","BUILTIN\Administrators","S-1-5-32-544"
"4214","PSSECADMIN1","55","9/14/2026 10:49:29 PM","SeImpersonatePrivilege","NT AUTHORITY\SERVICE","S-1-5-6"
"4214","PSSECADMIN1","55","9/14/2026 10:49:29 PM","SeImpersonatePrivilege","RESTRICTED SERVICES\PrintSpoolerService","S-1-5-99-216390572-1995538116-3857911515-2404958512-2623887229"
"4214","PSSECADMIN1","55","9/14/2026 10:49:29 PM","SeCreateGlobalPrivilege","NT AUTHORITY\LOCAL SERVICE","S-1-5-19"
"4214","PSSECADMIN1","55","9/14/2026 10:49:29 PM","SeCreateGlobalPrivilege","NT AUTHORITY\NETWORK SERVICE","S-1-5-20"
"4214","PSSECADMIN1","55","9/14/2026 10:49:29 PM","SeCreateGlobalPrivilege","BUILTIN\Administrators","S-1-5-32-544"
"4214","PSSECADMIN1","55","9/14/2026 10:49:29 PM","SeCreateGlobalPrivilege","NT AUTHORITY\SERVICE","S-1-5-6"
"4214","PSSECADMIN1","55","9/14/2026 10:49:29 PM","SeIncreaseWorkingSetPrivilege","BUILTIN\Users","S-1-5-32-545"
"4214","PSSECADMIN1","55","9/14/2026 10:49:29 PM","SeTimeZonePrivilege","NT AUTHORITY\LOCAL SERVICE","S-1-5-19"
"4214","PSSECADMIN1","55","9/14/2026 10:49:29 PM","SeTimeZonePrivilege","BUILTIN\Administrators","S-1-5-32-544"
"4214","PSSECADMIN1","55","9/14/2026 10:49:29 PM","SeCreateSymbolicLinkPrivilege","BUILTIN\Administrators","S-1-5-32-544"
"4214","PSSECADMIN1","55","9/14/2026 10:49:29 PM","SeDelegateSessionUserImpersonatePrivilege","BUILTIN\Administrators","S-1-5-32-544"
"4222","PSMIDPROD1","54","9/14/2026 10:49:34 PM","SeNetworkLogonRight","Everyone","S-1-1-0"
"4222","PSMIDPROD1","54","9/14/2026 10:49:34 PM","SeNetworkLogonRight","BUILTIN\Administrators","S-1-5-32-544"
"4222","PSMIDPROD1","54","9/14/2026 10:49:34 PM","SeNetworkLogonRight","BUILTIN\Users","S-1-5-32-545"
"4222","PSMIDPROD1","54","9/14/2026 10:49:34 PM","SeNetworkLogonRight","BUILTIN\Backup Operators","S-1-5-32-551"
"4222","PSMIDPROD1","54","9/14/2026 10:49:34 PM","SeBackupPrivilege","BUILTIN\Administrators","S-1-5-32-544"
"4222","PSMIDPROD1","54","9/14/2026 10:49:34 PM","SeBackupPrivilege","BUILTIN\Backup Operators","S-1-5-32-551"
"4222","PSMIDPROD1","54","9/14/2026 10:49:34 PM","SeChangeNotifyPrivilege","Everyone","S-1-1-0"
"4222","PSMIDPROD1","54","9/14/2026 10:49:34 PM","SeChangeNotifyPrivilege","NT AUTHORITY\LOCAL SERVICE","S-1-5-19"
"4222","PSMIDPROD1","54","9/14/2026 10:49:34 PM","SeChangeNotifyPrivilege","NT AUTHORITY\NETWORK SERVICE","S-1-5-20"
"4222","PSMIDPROD1","54","9/14/2026 10:49:34 PM","SeChangeNotifyPrivilege","BUILTIN\Administrators","S-1-5-32-544"
"4222","PSMIDPROD1","54","9/14/2026 10:49:34 PM","SeChangeNotifyPrivilege","BUILTIN\Users","S-1-5-32-545"
"4222","PSMIDPROD1","54","9/14/2026 10:49:34 PM","SeChangeNotifyPrivilege","BUILTIN\Backup Operators","S-1-5-32-551"
"4222","PSMIDPROD1","54","9/14/2026 10:49:34 PM","SeChangeNotifyPrivilege","RESTRICTED SERVICES\PrintSpoolerService","S-1-5-99-216390572-1995538116-3857911515-2404958512-2623887229"
"4222","PSMIDPROD1","54","9/14/2026 10:49:34 PM","SeSystemtimePrivilege","NT AUTHORITY\LOCAL SERVICE","S-1-5-19"
"4222","PSMIDPROD1","54","9/14/2026 10:49:34 PM","SeSystemtimePrivilege","BUILTIN\Administrators","S-1-5-32-544"
"4222","PSMIDPROD1","54","9/14/2026 10:49:34 PM","SeCreatePagefilePrivilege","BUILTIN\Administrators","S-1-5-32-544"
"4222","PSMIDPROD1","54","9/14/2026 10:49:34 PM","SeDebugPrivilege","BUILTIN\Administrators","S-1-5-32-544"
"4222","PSMIDPROD1","54","9/14/2026 10:49:34 PM","SeRemoteShutdownPrivilege","BUILTIN\Administrators","S-1-5-32-544"
"4222","PSMIDPROD1","54","9/14/2026 10:49:34 PM","SeAuditPrivilege","NT AUTHORITY\LOCAL SERVICE","S-1-5-19"
"4222","PSMIDPROD1","54","9/14/2026 10:49:34 PM","SeAuditPrivilege","NT AUTHORITY\NETWORK SERVICE","S-1-5-20"
"4222","PSMIDPROD1","54","9/14/2026 10:49:34 PM","SeAuditPrivilege","RESTRICTED SERVICES\PrintSpoolerService","S-1-5-99-216390572-1995538116-3857911515-2404958512-2623887229"
"4222","PSMIDPROD1","54","9/14/2026 10:49:34 PM","SeIncreaseQuotaPrivilege","NT AUTHORITY\LOCAL SERVICE","S-1-5-19"
"4222","PSMIDPROD1","54","9/14/2026 10:49:34 PM","SeIncreaseQuotaPrivilege","NT AUTHORITY\NETWORK SERVICE","S-1-5-20"
"4222","PSMIDPROD1","54","9/14/2026 10:49:34 PM","SeIncreaseQuotaPrivilege","BUILTIN\Administrators","S-1-5-32-544"
"4222","PSMIDPROD1","54","9/14/2026 10:49:34 PM","SeIncreaseBasePriorityPrivilege","BUILTIN\Administrators","S-1-5-32-544"
"4222","PSMIDPROD1","54","9/14/2026 10:49:34 PM","SeIncreaseBasePriorityPrivilege","Window Manager\Window Manager Group","S-1-5-90-0"
"4222","PSMIDPROD1","54","9/14/2026 10:49:34 PM","SeLoadDriverPrivilege","BUILTIN\Administrators","S-1-5-32-544"
"4222","PSMIDPROD1","54","9/14/2026 10:49:34 PM","SeBatchLogonRight","BUILTIN\Administrators","S-1-5-32-544"
"4222","PSMIDPROD1","54","9/14/2026 10:49:34 PM","SeBatchLogonRight","BUILTIN\Backup Operators","S-1-5-32-551"
"4222","PSMIDPROD1","54","9/14/2026 10:49:34 PM","SeBatchLogonRight","BUILTIN\Performance Log Users","S-1-5-32-559"
"4222","PSMIDPROD1","54","9/14/2026 10:49:34 PM","SeServiceLogonRight","HARDDOLLAR\SVC.SNOWMID_prod","S-1-5-21-3931559087-14600624-1992188608-26160"
"4222","PSMIDPROD1","54","9/14/2026 10:49:34 PM","SeServiceLogonRight","NT SERVICE\ALL SERVICES","S-1-5-80-0"
"4222","PSMIDPROD1","54","9/14/2026 10:49:34 PM","SeServiceLogonRight","NT SERVICE\himds","S-1-5-80-4215458991-2034252225-2287069555-1155419622-2701885083"
"4222","PSMIDPROD1","54","9/14/2026 10:49:34 PM","SeServiceLogonRight","RESTRICTED SERVICES\ALL RESTRICTED SERVICES","S-1-5-99-0"
"4222","PSMIDPROD1","54","9/14/2026 10:49:34 PM","SeInteractiveLogonRight","BUILTIN\Administrators","S-1-5-32-544"
"4222","PSMIDPROD1","54","9/14/2026 10:49:34 PM","SeSecurityPrivilege","BUILTIN\Administrators","S-1-5-32-544"
"4222","PSMIDPROD1","54","9/14/2026 10:49:34 PM","SeSystemEnvironmentPrivilege","BUILTIN\Administrators","S-1-5-32-544"
"4222","PSMIDPROD1","54","9/14/2026 10:49:34 PM","SeProfileSingleProcessPrivilege","BUILTIN\Administrators","S-1-5-32-544"
"4222","PSMIDPROD1","54","9/14/2026 10:49:34 PM","SeSystemProfilePrivilege","BUILTIN\Administrators","S-1-5-32-544"
"4222","PSMIDPROD1","54","9/14/2026 10:49:34 PM","SeSystemProfilePrivilege","NT SERVICE\WdiServiceHost","S-1-5-80-3139157870-2983391045-3678747466-658725712-1809340420"
"4222","PSMIDPROD1","54","9/14/2026 10:49:34 PM","SeAssignPrimaryTokenPrivilege","NT AUTHORITY\LOCAL SERVICE","S-1-5-19"
"4222","PSMIDPROD1","54","9/14/2026 10:49:34 PM","SeAssignPrimaryTokenPrivilege","NT AUTHORITY\NETWORK SERVICE","S-1-5-20"
"4222","PSMIDPROD1","54","9/14/2026 10:49:34 PM","SeRestorePrivilege","BUILTIN\Administrators","S-1-5-32-544"
"4222","PSMIDPROD1","54","9/14/2026 10:49:34 PM","SeRestorePrivilege","BUILTIN\Backup Operators","S-1-5-32-551"
"4222","PSMIDPROD1","54","9/14/2026 10:49:34 PM","SeShutdownPrivilege","BUILTIN\Administrators","S-1-5-32-544"
"4222","PSMIDPROD1","54","9/14/2026 10:49:34 PM","SeTakeOwnershipPrivilege","BUILTIN\Administrators","S-1-5-32-544"
"4222","PSMIDPROD1","54","9/14/2026 10:49:34 PM","SeDenyBatchLogonRight","BUILTIN\Guests","S-1-5-32-546"
"4222","PSMIDPROD1","54","9/14/2026 10:49:34 PM","SeDenyServiceLogonRight","BUILTIN\Guests","S-1-5-32-546"
"4222","PSMIDPROD1","54","9/14/2026 10:49:34 PM","SeDenyInteractiveLogonRight","BUILTIN\Guests","S-1-5-32-546"
"4222","PSMIDPROD1","54","9/14/2026 10:49:34 PM","SeUndockPrivilege","BUILTIN\Administrators","S-1-5-32-544"
"4222","PSMIDPROD1","54","9/14/2026 10:49:34 PM","SeManageVolumePrivilege","BUILTIN\Administrators","S-1-5-32-544"
"4222","PSMIDPROD1","54","9/14/2026 10:49:34 PM","SeRemoteInteractiveLogonRight","BUILTIN\Administrators","S-1-5-32-544"
"4222","PSMIDPROD1","54","9/14/2026 10:49:34 PM","SeRemoteInteractiveLogonRight","BUILTIN\Remote Desktop Users","S-1-5-32-555"
"4222","PSMIDPROD1","54","9/14/2026 10:49:34 PM","SeDenyRemoteInteractiveLogonRight","BUILTIN\Guests","S-1-5-32-546"
"4222","PSMIDPROD1","54","9/14/2026 10:49:34 PM","SeImpersonatePrivilege","NT AUTHORITY\LOCAL SERVICE","S-1-5-19"
"4222","PSMIDPROD1","54","9/14/2026 10:49:34 PM","SeImpersonatePrivilege","NT AUTHORITY\NETWORK SERVICE","S-1-5-20"
"4222","PSMIDPROD1","54","9/14/2026 10:49:34 PM","SeImpersonatePrivilege","BUILTIN\Administrators","S-1-5-32-544"
"4222","PSMIDPROD1","54","9/14/2026 10:49:34 PM","SeImpersonatePrivilege","NT AUTHORITY\SERVICE","S-1-5-6"
"4222","PSMIDPROD1","54","9/14/2026 10:49:34 PM","SeImpersonatePrivilege","RESTRICTED SERVICES\PrintSpoolerService","S-1-5-99-216390572-1995538116-3857911515-2404958512-2623887229"
"4222","PSMIDPROD1","54","9/14/2026 10:49:34 PM","SeCreateGlobalPrivilege","NT AUTHORITY\LOCAL SERVICE","S-1-5-19"
"4222","PSMIDPROD1","54","9/14/2026 10:49:34 PM","SeCreateGlobalPrivilege","NT AUTHORITY\NETWORK SERVICE","S-1-5-20"
"4222","PSMIDPROD1","54","9/14/2026 10:49:34 PM","SeCreateGlobalPrivilege","BUILTIN\Administrators","S-1-5-32-544"
"4222","PSMIDPROD1","54","9/14/2026 10:49:34 PM","SeCreateGlobalPrivilege","NT AUTHORITY\SERVICE","S-1-5-6"
"4222","PSMIDPROD1","54","9/14/2026 10:49:34 PM","SeIncreaseWorkingSetPrivilege","BUILTIN\Users","S-1-5-32-545"
"4222","PSMIDPROD1","54","9/14/2026 10:49:34 PM","SeTimeZonePrivilege","NT AUTHORITY\LOCAL SERVICE","S-1-5-19"
"4222","PSMIDPROD1","54","9/14/2026 10:49:34 PM","SeTimeZonePrivilege","BUILTIN\Administrators","S-1-5-32-544"
"4222","PSMIDPROD1","54","9/14/2026 10:49:34 PM","SeCreateSymbolicLinkPrivilege","BUILTIN\Administrators","S-1-5-32-544"
"4222","PSMIDPROD1","54","9/14/2026 10:49:34 PM","SeDelegateSessionUserImpersonatePrivilege","BUILTIN\Administrators","S-1-5-32-544"
"4225","PSAUTOMATE2","54","9/14/2026 10:49:35 PM","SeNetworkLogonRight","Everyone","S-1-1-0"
"4225","PSAUTOMATE2","54","9/14/2026 10:49:35 PM","SeNetworkLogonRight","BUILTIN\Administrators","S-1-5-32-544"
"4225","PSAUTOMATE2","54","9/14/2026 10:49:35 PM","SeNetworkLogonRight","BUILTIN\Users","S-1-5-32-545"
"4225","PSAUTOMATE2","54","9/14/2026 10:49:35 PM","SeNetworkLogonRight","BUILTIN\Backup Operators","S-1-5-32-551"
"4225","PSAUTOMATE2","54","9/14/2026 10:49:35 PM","SeBackupPrivilege","BUILTIN\Administrators","S-1-5-32-544"
"4225","PSAUTOMATE2","54","9/14/2026 10:49:35 PM","SeBackupPrivilege","BUILTIN\Backup Operators","S-1-5-32-551"
"4225","PSAUTOMATE2","54","9/14/2026 10:49:35 PM","SeChangeNotifyPrivilege","Everyone","S-1-1-0"
"4225","PSAUTOMATE2","54","9/14/2026 10:49:35 PM","SeChangeNotifyPrivilege","NT AUTHORITY\LOCAL SERVICE","S-1-5-19"
"4225","PSAUTOMATE2","54","9/14/2026 10:49:35 PM","SeChangeNotifyPrivilege","NT AUTHORITY\NETWORK SERVICE","S-1-5-20"
"4225","PSAUTOMATE2","54","9/14/2026 10:49:35 PM","SeChangeNotifyPrivilege","BUILTIN\Administrators","S-1-5-32-544"
"4225","PSAUTOMATE2","54","9/14/2026 10:49:35 PM","SeChangeNotifyPrivilege","BUILTIN\Users","S-1-5-32-545"
"4225","PSAUTOMATE2","54","9/14/2026 10:49:35 PM","SeChangeNotifyPrivilege","BUILTIN\Backup Operators","S-1-5-32-551"
"4225","PSAUTOMATE2","54","9/14/2026 10:49:35 PM","SeChangeNotifyPrivilege","RESTRICTED SERVICES\PrintSpoolerService","S-1-5-99-216390572-1995538116-3857911515-2404958512-2623887229"
"4225","PSAUTOMATE2","54","9/14/2026 10:49:35 PM","SeSystemtimePrivilege","NT AUTHORITY\LOCAL SERVICE","S-1-5-19"
"4225","PSAUTOMATE2","54","9/14/2026 10:49:35 PM","SeSystemtimePrivilege","BUILTIN\Administrators","S-1-5-32-544"
"4225","PSAUTOMATE2","54","9/14/2026 10:49:35 PM","SeCreatePagefilePrivilege","BUILTIN\Administrators","S-1-5-32-544"
"4225","PSAUTOMATE2","54","9/14/2026 10:49:35 PM","SeDebugPrivilege","BUILTIN\Administrators","S-1-5-32-544"
"4225","PSAUTOMATE2","54","9/14/2026 10:49:35 PM","SeRemoteShutdownPrivilege","BUILTIN\Administrators","S-1-5-32-544"
"4225","PSAUTOMATE2","54","9/14/2026 10:49:35 PM","SeAuditPrivilege","NT AUTHORITY\LOCAL SERVICE","S-1-5-19"
"4225","PSAUTOMATE2","54","9/14/2026 10:49:35 PM","SeAuditPrivilege","NT AUTHORITY\NETWORK SERVICE","S-1-5-20"
"4225","PSAUTOMATE2","54","9/14/2026 10:49:35 PM","SeAuditPrivilege","RESTRICTED SERVICES\PrintSpoolerService","S-1-5-99-216390572-1995538116-3857911515-2404958512-2623887229"
"4225","PSAUTOMATE2","54","9/14/2026 10:49:35 PM","SeIncreaseQuotaPrivilege","NT AUTHORITY\LOCAL SERVICE","S-1-5-19"
"4225","PSAUTOMATE2","54","9/14/2026 10:49:35 PM","SeIncreaseQuotaPrivilege","NT AUTHORITY\NETWORK SERVICE","S-1-5-20"
"4225","PSAUTOMATE2","54","9/14/2026 10:49:35 PM","SeIncreaseQuotaPrivilege","BUILTIN\Administrators","S-1-5-32-544"
"4225","PSAUTOMATE2","54","9/14/2026 10:49:35 PM","SeIncreaseBasePriorityPrivilege","BUILTIN\Administrators","S-1-5-32-544"
"4225","PSAUTOMATE2","54","9/14/2026 10:49:35 PM","SeIncreaseBasePriorityPrivilege","Window Manager\Window Manager Group","S-1-5-90-0"
"4225","PSAUTOMATE2","54","9/14/2026 10:49:35 PM","SeLoadDriverPrivilege","BUILTIN\Administrators","S-1-5-32-544"
"4225","PSAUTOMATE2","54","9/14/2026 10:49:35 PM","SeBatchLogonRight","BUILTIN\Administrators","S-1-5-32-544"
"4225","PSAUTOMATE2","54","9/14/2026 10:49:35 PM","SeBatchLogonRight","BUILTIN\Backup Operators","S-1-5-32-551"
"4225","PSAUTOMATE2","54","9/14/2026 10:49:35 PM","SeBatchLogonRight","BUILTIN\Performance Log Users","S-1-5-32-559"
"4225","PSAUTOMATE2","54","9/14/2026 10:49:35 PM","SeServiceLogonRight","HARDDOLLAR\SVC.NinjaMation","S-1-5-21-3931559087-14600624-1992188608-45108"
"4225","PSAUTOMATE2","54","9/14/2026 10:49:35 PM","SeServiceLogonRight","NT SERVICE\ALL SERVICES","S-1-5-80-0"
"4225","PSAUTOMATE2","54","9/14/2026 10:49:35 PM","SeServiceLogonRight","NT SERVICE\himds","S-1-5-80-4215458991-2034252225-2287069555-1155419622-2701885083"
"4225","PSAUTOMATE2","54","9/14/2026 10:49:35 PM","SeServiceLogonRight","RESTRICTED SERVICES\ALL RESTRICTED SERVICES","S-1-5-99-0"
"4225","PSAUTOMATE2","54","9/14/2026 10:49:35 PM","SeInteractiveLogonRight","BUILTIN\Administrators","S-1-5-32-544"
"4225","PSAUTOMATE2","54","9/14/2026 10:49:35 PM","SeSecurityPrivilege","BUILTIN\Administrators","S-1-5-32-544"
"4225","PSAUTOMATE2","54","9/14/2026 10:49:35 PM","SeSystemEnvironmentPrivilege","BUILTIN\Administrators","S-1-5-32-544"
"4225","PSAUTOMATE2","54","9/14/2026 10:49:35 PM","SeProfileSingleProcessPrivilege","BUILTIN\Administrators","S-1-5-32-544"
"4225","PSAUTOMATE2","54","9/14/2026 10:49:35 PM","SeSystemProfilePrivilege","BUILTIN\Administrators","S-1-5-32-544"
"4225","PSAUTOMATE2","54","9/14/2026 10:49:35 PM","SeSystemProfilePrivilege","NT SERVICE\WdiServiceHost","S-1-5-80-3139157870-2983391045-3678747466-658725712-1809340420"
"4225","PSAUTOMATE2","54","9/14/2026 10:49:35 PM","SeAssignPrimaryTokenPrivilege","NT AUTHORITY\LOCAL SERVICE","S-1-5-19"
"4225","PSAUTOMATE2","54","9/14/2026 10:49:35 PM","SeAssignPrimaryTokenPrivilege","NT AUTHORITY\NETWORK SERVICE","S-1-5-20"
"4225","PSAUTOMATE2","54","9/14/2026 10:49:35 PM","SeRestorePrivilege","BUILTIN\Administrators","S-1-5-32-544"
"4225","PSAUTOMATE2","54","9/14/2026 10:49:35 PM","SeRestorePrivilege","BUILTIN\Backup Operators","S-1-5-32-551"
"4225","PSAUTOMATE2","54","9/14/2026 10:49:35 PM","SeShutdownPrivilege","BUILTIN\Administrators","S-1-5-32-544"
"4225","PSAUTOMATE2","54","9/14/2026 10:49:35 PM","SeTakeOwnershipPrivilege","BUILTIN\Administrators","S-1-5-32-544"
"4225","PSAUTOMATE2","54","9/14/2026 10:49:35 PM","SeDenyBatchLogonRight","BUILTIN\Guests","S-1-5-32-546"
"4225","PSAUTOMATE2","54","9/14/2026 10:49:35 PM","SeDenyServiceLogonRight","BUILTIN\Guests","S-1-5-32-546"
"4225","PSAUTOMATE2","54","9/14/2026 10:49:35 PM","SeDenyInteractiveLogonRight","BUILTIN\Guests","S-1-5-32-546"
"4225","PSAUTOMATE2","54","9/14/2026 10:49:35 PM","SeUndockPrivilege","BUILTIN\Administrators","S-1-5-32-544"
"4225","PSAUTOMATE2","54","9/14/2026 10:49:35 PM","SeManageVolumePrivilege","BUILTIN\Administrators","S-1-5-32-544"
"4225","PSAUTOMATE2","54","9/14/2026 10:49:35 PM","SeRemoteInteractiveLogonRight","BUILTIN\Administrators","S-1-5-32-544"
"4225","PSAUTOMATE2","54","9/14/2026 10:49:35 PM","SeRemoteInteractiveLogonRight","BUILTIN\Remote Desktop Users","S-1-5-32-555"
"4225","PSAUTOMATE2","54","9/14/2026 10:49:35 PM","SeDenyRemoteInteractiveLogonRight","BUILTIN\Guests","S-1-5-32-546"
"4225","PSAUTOMATE2","54","9/14/2026 10:49:35 PM","SeImpersonatePrivilege","NT AUTHORITY\LOCAL SERVICE","S-1-5-19"
"4225","PSAUTOMATE2","54","9/14/2026 10:49:35 PM","SeImpersonatePrivilege","NT AUTHORITY\NETWORK SERVICE","S-1-5-20"
"4225","PSAUTOMATE2","54","9/14/2026 10:49:35 PM","SeImpersonatePrivilege","BUILTIN\Administrators","S-1-5-32-544"
"4225","PSAUTOMATE2","54","9/14/2026 10:49:35 PM","SeImpersonatePrivilege","NT AUTHORITY\SERVICE","S-1-5-6"
"4225","PSAUTOMATE2","54","9/14/2026 10:49:35 PM","SeImpersonatePrivilege","RESTRICTED SERVICES\PrintSpoolerService","S-1-5-99-216390572-1995538116-3857911515-2404958512-2623887229"
"4225","PSAUTOMATE2","54","9/14/2026 10:49:35 PM","SeCreateGlobalPrivilege","NT AUTHORITY\LOCAL SERVICE","S-1-5-19"
"4225","PSAUTOMATE2","54","9/14/2026 10:49:35 PM","SeCreateGlobalPrivilege","NT AUTHORITY\NETWORK SERVICE","S-1-5-20"
"4225","PSAUTOMATE2","54","9/14/2026 10:49:35 PM","SeCreateGlobalPrivilege","BUILTIN\Administrators","S-1-5-32-544"
"4225","PSAUTOMATE2","54","9/14/2026 10:49:35 PM","SeCreateGlobalPrivilege","NT AUTHORITY\SERVICE","S-1-5-6"
"4225","PSAUTOMATE2","54","9/14/2026 10:49:35 PM","SeIncreaseWorkingSetPrivilege","BUILTIN\Users","S-1-5-32-545"
"4225","PSAUTOMATE2","54","9/14/2026 10:49:35 PM","SeTimeZonePrivilege","NT AUTHORITY\LOCAL SERVICE","S-1-5-19"
"4225","PSAUTOMATE2","54","9/14/2026 10:49:35 PM","SeTimeZonePrivilege","BUILTIN\Administrators","S-1-5-32-544"
"4225","PSAUTOMATE2","54","9/14/2026 10:49:35 PM","SeCreateSymbolicLinkPrivilege","BUILTIN\Administrators","S-1-5-32-544"
"4225","PSAUTOMATE2","54","9/14/2026 10:49:35 PM","SeDelegateSessionUserImpersonatePrivilege","BUILTIN\Administrators","S-1-5-32-544"
"429","CO1SWDOCCUST01","52","9/14/2026 10:48:58 PM","SeNetworkLogonRight","Everyone","S-1-1-0"
"429","CO1SWDOCCUST01","52","9/14/2026 10:48:58 PM","SeNetworkLogonRight","BUILTIN\Administrators","S-1-5-32-544"
"429","CO1SWDOCCUST01","52","9/14/2026 10:48:58 PM","SeNetworkLogonRight","BUILTIN\Users","S-1-5-32-545"
"429","CO1SWDOCCUST01","52","9/14/2026 10:48:58 PM","SeNetworkLogonRight","BUILTIN\Backup Operators","S-1-5-32-551"
"429","CO1SWDOCCUST01","52","9/14/2026 10:48:58 PM","SeBackupPrivilege","BUILTIN\Administrators","S-1-5-32-544"
"429","CO1SWDOCCUST01","52","9/14/2026 10:48:58 PM","SeBackupPrivilege","BUILTIN\Backup Operators","S-1-5-32-551"
"429","CO1SWDOCCUST01","52","9/14/2026 10:48:58 PM","SeChangeNotifyPrivilege","Everyone","S-1-1-0"
"429","CO1SWDOCCUST01","52","9/14/2026 10:48:58 PM","SeChangeNotifyPrivilege","NT AUTHORITY\LOCAL SERVICE","S-1-5-19"
"429","CO1SWDOCCUST01","52","9/14/2026 10:48:58 PM","SeChangeNotifyPrivilege","NT AUTHORITY\NETWORK SERVICE","S-1-5-20"
"429","CO1SWDOCCUST01","52","9/14/2026 10:48:58 PM","SeChangeNotifyPrivilege","BUILTIN\Administrators","S-1-5-32-544"
"429","CO1SWDOCCUST01","52","9/14/2026 10:48:58 PM","SeChangeNotifyPrivilege","BUILTIN\Users","S-1-5-32-545"
"429","CO1SWDOCCUST01","52","9/14/2026 10:48:58 PM","SeChangeNotifyPrivilege","BUILTIN\Backup Operators","S-1-5-32-551"
"429","CO1SWDOCCUST01","52","9/14/2026 10:48:58 PM","SeChangeNotifyPrivilege","NT SERVICE\MSSQLFDLauncher","S-1-5-80-3263513310-3392720605-1798839546-683002060-3227631582"
"429","CO1SWDOCCUST01","52","9/14/2026 10:48:58 PM","SeChangeNotifyPrivilege","NT SERVICE\SQLSERVERAGENT","S-1-5-80-344959196-2060754871-2302487193-2804545603-1466107430"
"429","CO1SWDOCCUST01","52","9/14/2026 10:48:58 PM","SeChangeNotifyPrivilege","S-1-5-80-3477044410-376262199-2110164357-2030828471-4165405235","S-1-5-80-3477044410-376262199-2110164357-2030828471-4165405235"
"429","CO1SWDOCCUST01","52","9/14/2026 10:48:58 PM","SeChangeNotifyPrivilege","NT SERVICE\MSSQLSERVER","S-1-5-80-3880718306-3832830129-1677859214-2598158968-1052248003"
"429","CO1SWDOCCUST01","52","9/14/2026 10:48:58 PM","SeSystemtimePrivilege","NT AUTHORITY\LOCAL SERVICE","S-1-5-19"
"429","CO1SWDOCCUST01","52","9/14/2026 10:48:58 PM","SeSystemtimePrivilege","BUILTIN\Administrators","S-1-5-32-544"
"429","CO1SWDOCCUST01","52","9/14/2026 10:48:58 PM","SeCreatePagefilePrivilege","BUILTIN\Administrators","S-1-5-32-544"
"429","CO1SWDOCCUST01","52","9/14/2026 10:48:58 PM","SeDebugPrivilege","BUILTIN\Administrators","S-1-5-32-544"
"429","CO1SWDOCCUST01","52","9/14/2026 10:48:58 PM","SeRemoteShutdownPrivilege","BUILTIN\Administrators","S-1-5-32-544"
"429","CO1SWDOCCUST01","52","9/14/2026 10:48:58 PM","SeAuditPrivilege","NT AUTHORITY\LOCAL SERVICE","S-1-5-19"
"429","CO1SWDOCCUST01","52","9/14/2026 10:48:58 PM","SeAuditPrivilege","NT AUTHORITY\NETWORK SERVICE","S-1-5-20"
"429","CO1SWDOCCUST01","52","9/14/2026 10:48:58 PM","SeAuditPrivilege","IIS APPPOOL\.NET v4.5","S-1-5-82-271721585-897601226-2024613209-625570482-296978595"
"429","CO1SWDOCCUST01","52","9/14/2026 10:48:58 PM","SeAuditPrivilege","IIS APPPOOL\DefaultAppPool","S-1-5-82-3006700770-424185619-1745488364-794895919-4004696415"
"429","CO1SWDOCCUST01","52","9/14/2026 10:48:58 PM","SeAuditPrivilege","IIS APPPOOL\InEightDocument","S-1-5-82-3104231073-507284054-1367620946-2467687741-2319279930"
"429","CO1SWDOCCUST01","52","9/14/2026 10:48:58 PM","SeAuditPrivilege","IIS APPPOOL\TeamBinder5","S-1-5-82-3216619056-3148981599-3309291873-3298927329-1189652312"
"429","CO1SWDOCCUST01","52","9/14/2026 10:48:58 PM","SeAuditPrivilege","IIS APPPOOL\.NET v4.5 Classic","S-1-5-82-3876422241-1344743610-1729199087-774402673-2621913236"
"429","CO1SWDOCCUST01","52","9/14/2026 10:48:58 PM","SeIncreaseQuotaPrivilege","NT AUTHORITY\LOCAL SERVICE","S-1-5-19"
"429","CO1SWDOCCUST01","52","9/14/2026 10:48:58 PM","SeIncreaseQuotaPrivilege","NT AUTHORITY\NETWORK SERVICE","S-1-5-20"
"429","CO1SWDOCCUST01","52","9/14/2026 10:48:58 PM","SeIncreaseQuotaPrivilege","BUILTIN\Administrators","S-1-5-32-544"
"429","CO1SWDOCCUST01","52","9/14/2026 10:48:58 PM","SeIncreaseQuotaPrivilege","NT SERVICE\MSSQLFDLauncher","S-1-5-80-3263513310-3392720605-1798839546-683002060-3227631582"
"429","CO1SWDOCCUST01","52","9/14/2026 10:48:58 PM","SeIncreaseQuotaPrivilege","NT SERVICE\SQLSERVERAGENT","S-1-5-80-344959196-2060754871-2302487193-2804545603-1466107430"
"429","CO1SWDOCCUST01","52","9/14/2026 10:48:58 PM","SeIncreaseQuotaPrivilege","S-1-5-80-3477044410-376262199-2110164357-2030828471-4165405235","S-1-5-80-3477044410-376262199-2110164357-2030828471-4165405235"
"429","CO1SWDOCCUST01","52","9/14/2026 10:48:58 PM","SeIncreaseQuotaPrivilege","NT SERVICE\MSSQLSERVER","S-1-5-80-3880718306-3832830129-1677859214-2598158968-1052248003"
"429","CO1SWDOCCUST01","52","9/14/2026 10:48:58 PM","SeIncreaseQuotaPrivilege","IIS APPPOOL\.NET v4.5","S-1-5-82-271721585-897601226-2024613209-625570482-296978595"
"429","CO1SWDOCCUST01","52","9/14/2026 10:48:58 PM","SeIncreaseQuotaPrivilege","IIS APPPOOL\DefaultAppPool","S-1-5-82-3006700770-424185619-1745488364-794895919-4004696415"
"429","CO1SWDOCCUST01","52","9/14/2026 10:48:58 PM","SeIncreaseQuotaPrivilege","IIS APPPOOL\InEightDocument","S-1-5-82-3104231073-507284054-1367620946-2467687741-2319279930"
"429","CO1SWDOCCUST01","52","9/14/2026 10:48:58 PM","SeIncreaseQuotaPrivilege","IIS APPPOOL\TeamBinder5","S-1-5-82-3216619056-3148981599-3309291873-3298927329-1189652312"
"429","CO1SWDOCCUST01","52","9/14/2026 10:48:58 PM","SeIncreaseQuotaPrivilege","IIS APPPOOL\.NET v4.5 Classic","S-1-5-82-3876422241-1344743610-1729199087-774402673-2621913236"
"429","CO1SWDOCCUST01","52","9/14/2026 10:48:58 PM","SeIncreaseBasePriorityPrivilege","BUILTIN\Administrators","S-1-5-32-544"
"429","CO1SWDOCCUST01","52","9/14/2026 10:48:58 PM","SeIncreaseBasePriorityPrivilege","Window Manager\Window Manager Group","S-1-5-90-0"
"429","CO1SWDOCCUST01","52","9/14/2026 10:48:58 PM","SeLoadDriverPrivilege","BUILTIN\Administrators","S-1-5-32-544"
"429","CO1SWDOCCUST01","52","9/14/2026 10:48:58 PM","SeBatchLogonRight","S-1-5-21-448539723-2111687655-1957994488-6688","S-1-5-21-448539723-2111687655-1957994488-6688"
"429","CO1SWDOCCUST01","52","9/14/2026 10:48:58 PM","SeBatchLogonRight","BUILTIN\Administrators","S-1-5-32-544"
"429","CO1SWDOCCUST01","52","9/14/2026 10:48:58 PM","SeBatchLogonRight","BUILTIN\Backup Operators","S-1-5-32-551"
"429","CO1SWDOCCUST01","52","9/14/2026 10:48:58 PM","SeBatchLogonRight","BUILTIN\Performance Log Users","S-1-5-32-559"
"429","CO1SWDOCCUST01","52","9/14/2026 10:48:58 PM","SeBatchLogonRight","BUILTIN\IIS_IUSRS","S-1-5-32-568"
"429","CO1SWDOCCUST01","52","9/14/2026 10:48:58 PM","SeServiceLogonRight","NT AUTHORITY\NETWORK SERVICE","S-1-5-20"
"429","CO1SWDOCCUST01","52","9/14/2026 10:48:58 PM","SeServiceLogonRight","S-1-5-21-448539723-2111687655-1957994488-6688","S-1-5-21-448539723-2111687655-1957994488-6688"
"429","CO1SWDOCCUST01","52","9/14/2026 10:48:58 PM","SeServiceLogonRight","SQLServer2005SQLBrowserUser$CO1SWDOCCUST01","SQLServer2005SQLBrowserUser$CO1SWDOCCUST01"
"429","CO1SWDOCCUST01","52","9/14/2026 10:48:58 PM","SeServiceLogonRight","NT SERVICE\ALL SERVICES","S-1-5-80-0"
"429","CO1SWDOCCUST01","52","9/14/2026 10:48:58 PM","SeServiceLogonRight","S-1-5-80-1334204123-509765177-23515942-2478969118-1188264348","S-1-5-80-1334204123-509765177-23515942-2478969118-1188264348"
"429","CO1SWDOCCUST01","52","9/14/2026 10:48:58 PM","SeServiceLogonRight","S-1-5-80-1337333740-2787872843-2774717225-1767203911-559312492","S-1-5-80-1337333740-2787872843-2774717225-1767203911-559312492"
"429","CO1SWDOCCUST01","52","9/14/2026 10:48:58 PM","SeServiceLogonRight","S-1-5-80-1773056429-2751147706-2877007096-4262059500-3958383834","S-1-5-80-1773056429-2751147706-2877007096-4262059500-3958383834"
"429","CO1SWDOCCUST01","52","9/14/2026 10:48:58 PM","SeServiceLogonRight","S-1-5-80-2575449109-2369498003-86869817-2770163484-1998650617","S-1-5-80-2575449109-2369498003-86869817-2770163484-1998650617"
"429","CO1SWDOCCUST01","52","9/14/2026 10:48:58 PM","SeServiceLogonRight","NT SERVICE\SQLTELEMETRY","S-1-5-80-2652535364-2169709536-2857650723-2622804123-1107741775"
"429","CO1SWDOCCUST01","52","9/14/2026 10:48:58 PM","SeServiceLogonRight","S-1-5-80-309224134-970686483-1999427595-3240087295-3167920316","S-1-5-80-309224134-970686483-1999427595-3240087295-3167920316"
"429","CO1SWDOCCUST01","52","9/14/2026 10:48:58 PM","SeServiceLogonRight","S-1-5-80-3249811479-2167633679-2115734285-1138413726-166979568","S-1-5-80-3249811479-2167633679-2115734285-1138413726-166979568"
"429","CO1SWDOCCUST01","52","9/14/2026 10:48:58 PM","SeServiceLogonRight","NT SERVICE\MSSQLFDLauncher","S-1-5-80-3263513310-3392720605-1798839546-683002060-3227631582"
"429","CO1SWDOCCUST01","52","9/14/2026 10:48:58 PM","SeServiceLogonRight","NT SERVICE\SQLSERVERAGENT","S-1-5-80-344959196-2060754871-2302487193-2804545603-1466107430"
"429","CO1SWDOCCUST01","52","9/14/2026 10:48:58 PM","SeServiceLogonRight","S-1-5-80-3477044410-376262199-2110164357-2030828471-4165405235","S-1-5-80-3477044410-376262199-2110164357-2030828471-4165405235"
"429","CO1SWDOCCUST01","52","9/14/2026 10:48:58 PM","SeServiceLogonRight","NT SERVICE\MSSQLSERVER","S-1-5-80-3880718306-3832830129-1677859214-2598158968-1052248003"
"429","CO1SWDOCCUST01","52","9/14/2026 10:48:58 PM","SeServiceLogonRight","NT SERVICE\himds","S-1-5-80-4215458991-2034252225-2287069555-1155419622-2701885083"
"429","CO1SWDOCCUST01","52","9/14/2026 10:48:58 PM","SeServiceLogonRight","IIS APPPOOL\.NET v4.5","S-1-5-82-271721585-897601226-2024613209-625570482-296978595"
"429","CO1SWDOCCUST01","52","9/14/2026 10:48:58 PM","SeServiceLogonRight","IIS APPPOOL\DefaultAppPool","S-1-5-82-3006700770-424185619-1745488364-794895919-4004696415"
"429","CO1SWDOCCUST01","52","9/14/2026 10:48:58 PM","SeServiceLogonRight","IIS APPPOOL\InEightDocument","S-1-5-82-3104231073-507284054-1367620946-2467687741-2319279930"
"429","CO1SWDOCCUST01","52","9/14/2026 10:48:58 PM","SeServiceLogonRight","IIS APPPOOL\TeamBinder5","S-1-5-82-3216619056-3148981599-3309291873-3298927329-1189652312"
"429","CO1SWDOCCUST01","52","9/14/2026 10:48:58 PM","SeServiceLogonRight","IIS APPPOOL\.NET v4.5 Classic","S-1-5-82-3876422241-1344743610-1729199087-774402673-2621913236"
"429","CO1SWDOCCUST01","52","9/14/2026 10:48:58 PM","SeInteractiveLogonRight","BUILTIN\Administrators","S-1-5-32-544"
"429","CO1SWDOCCUST01","52","9/14/2026 10:48:58 PM","SeSecurityPrivilege","BUILTIN\Administrators","S-1-5-32-544"
"429","CO1SWDOCCUST01","52","9/14/2026 10:48:58 PM","SeSystemEnvironmentPrivilege","BUILTIN\Administrators","S-1-5-32-544"
"429","CO1SWDOCCUST01","52","9/14/2026 10:48:58 PM","SeProfileSingleProcessPrivilege","BUILTIN\Administrators","S-1-5-32-544"
"429","CO1SWDOCCUST01","52","9/14/2026 10:48:58 PM","SeSystemProfilePrivilege","BUILTIN\Administrators","S-1-5-32-544"
"429","CO1SWDOCCUST01","52","9/14/2026 10:48:58 PM","SeSystemProfilePrivilege","NT SERVICE\WdiServiceHost","S-1-5-80-3139157870-2983391045-3678747466-658725712-1809340420"
"429","CO1SWDOCCUST01","52","9/14/2026 10:48:58 PM","SeAssignPrimaryTokenPrivilege","NT AUTHORITY\LOCAL SERVICE","S-1-5-19"
"429","CO1SWDOCCUST01","52","9/14/2026 10:48:58 PM","SeAssignPrimaryTokenPrivilege","NT AUTHORITY\NETWORK SERVICE","S-1-5-20"
"429","CO1SWDOCCUST01","52","9/14/2026 10:48:58 PM","SeAssignPrimaryTokenPrivilege","NT SERVICE\MSSQLFDLauncher","S-1-5-80-3263513310-3392720605-1798839546-683002060-3227631582"
"429","CO1SWDOCCUST01","52","9/14/2026 10:48:58 PM","SeAssignPrimaryTokenPrivilege","NT SERVICE\SQLSERVERAGENT","S-1-5-80-344959196-2060754871-2302487193-2804545603-1466107430"
"429","CO1SWDOCCUST01","52","9/14/2026 10:48:58 PM","SeAssignPrimaryTokenPrivilege","S-1-5-80-3477044410-376262199-2110164357-2030828471-4165405235","S-1-5-80-3477044410-376262199-2110164357-2030828471-4165405235"
"429","CO1SWDOCCUST01","52","9/14/2026 10:48:58 PM","SeAssignPrimaryTokenPrivilege","NT SERVICE\MSSQLSERVER","S-1-5-80-3880718306-3832830129-1677859214-2598158968-1052248003"
"429","CO1SWDOCCUST01","52","9/14/2026 10:48:58 PM","SeAssignPrimaryTokenPrivilege","IIS APPPOOL\.NET v4.5","S-1-5-82-271721585-897601226-2024613209-625570482-296978595"
"429","CO1SWDOCCUST01","52","9/14/2026 10:48:58 PM","SeAssignPrimaryTokenPrivilege","IIS APPPOOL\DefaultAppPool","S-1-5-82-3006700770-424185619-1745488364-794895919-4004696415"
"429","CO1SWDOCCUST01","52","9/14/2026 10:48:58 PM","SeAssignPrimaryTokenPrivilege","IIS APPPOOL\InEightDocument","S-1-5-82-3104231073-507284054-1367620946-2467687741-2319279930"
"429","CO1SWDOCCUST01","52","9/14/2026 10:48:58 PM","SeAssignPrimaryTokenPrivilege","IIS APPPOOL\TeamBinder5","S-1-5-82-3216619056-3148981599-3309291873-3298927329-1189652312"
"429","CO1SWDOCCUST01","52","9/14/2026 10:48:58 PM","SeAssignPrimaryTokenPrivilege","IIS APPPOOL\.NET v4.5 Classic","S-1-5-82-3876422241-1344743610-1729199087-774402673-2621913236"
"429","CO1SWDOCCUST01","52","9/14/2026 10:48:58 PM","SeRestorePrivilege","BUILTIN\Administrators","S-1-5-32-544"
"429","CO1SWDOCCUST01","52","9/14/2026 10:48:58 PM","SeRestorePrivilege","BUILTIN\Backup Operators","S-1-5-32-551"
"429","CO1SWDOCCUST01","52","9/14/2026 10:48:58 PM","SeShutdownPrivilege","BUILTIN\Administrators","S-1-5-32-544"
"429","CO1SWDOCCUST01","52","9/14/2026 10:48:58 PM","SeTakeOwnershipPrivilege","BUILTIN\Administrators","S-1-5-32-544"
"429","CO1SWDOCCUST01","52","9/14/2026 10:48:58 PM","SeDenyBatchLogonRight","BUILTIN\Guests","S-1-5-32-546"
"429","CO1SWDOCCUST01","52","9/14/2026 10:48:58 PM","SeDenyServiceLogonRight","BUILTIN\Guests","S-1-5-32-546"
"429","CO1SWDOCCUST01","52","9/14/2026 10:48:58 PM","SeDenyInteractiveLogonRight","BUILTIN\Guests","S-1-5-32-546"
"429","CO1SWDOCCUST01","52","9/14/2026 10:48:58 PM","SeUndockPrivilege","BUILTIN\Administrators","S-1-5-32-544"
"429","CO1SWDOCCUST01","52","9/14/2026 10:48:58 PM","SeManageVolumePrivilege","BUILTIN\Administrators","S-1-5-32-544"
"429","CO1SWDOCCUST01","52","9/14/2026 10:48:58 PM","SeRemoteInteractiveLogonRight","BUILTIN\Administrators","S-1-5-32-544"
"429","CO1SWDOCCUST01","52","9/14/2026 10:48:58 PM","SeRemoteInteractiveLogonRight","BUILTIN\Remote Desktop Users","S-1-5-32-555"
"429","CO1SWDOCCUST01","52","9/14/2026 10:48:58 PM","SeDenyRemoteInteractiveLogonRight","BUILTIN\Guests","S-1-5-32-546"
"429","CO1SWDOCCUST01","52","9/14/2026 10:48:58 PM","SeImpersonatePrivilege","NT AUTHORITY\LOCAL SERVICE","S-1-5-19"
"429","CO1SWDOCCUST01","52","9/14/2026 10:48:58 PM","SeImpersonatePrivilege","NT AUTHORITY\NETWORK SERVICE","S-1-5-20"
"429","CO1SWDOCCUST01","52","9/14/2026 10:48:58 PM","SeImpersonatePrivilege","BUILTIN\Administrators","S-1-5-32-544"
"429","CO1SWDOCCUST01","52","9/14/2026 10:48:58 PM","SeImpersonatePrivilege","BUILTIN\IIS_IUSRS","S-1-5-32-568"
"429","CO1SWDOCCUST01","52","9/14/2026 10:48:58 PM","SeImpersonatePrivilege","NT AUTHORITY\SERVICE","S-1-5-6"
"429","CO1SWDOCCUST01","52","9/14/2026 10:48:58 PM","SeCreateGlobalPrivilege","NT AUTHORITY\LOCAL SERVICE","S-1-5-19"
"429","CO1SWDOCCUST01","52","9/14/2026 10:48:58 PM","SeCreateGlobalPrivilege","NT AUTHORITY\NETWORK SERVICE","S-1-5-20"
"429","CO1SWDOCCUST01","52","9/14/2026 10:48:58 PM","SeCreateGlobalPrivilege","BUILTIN\Administrators","S-1-5-32-544"
"429","CO1SWDOCCUST01","52","9/14/2026 10:48:58 PM","SeCreateGlobalPrivilege","NT AUTHORITY\SERVICE","S-1-5-6"
"429","CO1SWDOCCUST01","52","9/14/2026 10:48:58 PM","SeIncreaseWorkingSetPrivilege","BUILTIN\Users","S-1-5-32-545"
"429","CO1SWDOCCUST01","52","9/14/2026 10:48:58 PM","SeTimeZonePrivilege","NT AUTHORITY\LOCAL SERVICE","S-1-5-19"
"429","CO1SWDOCCUST01","52","9/14/2026 10:48:58 PM","SeTimeZonePrivilege","BUILTIN\Administrators","S-1-5-32-544"
"429","CO1SWDOCCUST01","52","9/14/2026 10:48:58 PM","SeCreateSymbolicLinkPrivilege","BUILTIN\Administrators","S-1-5-32-544"
"429","CO1SWDOCCUST01","52","9/14/2026 10:48:58 PM","SeDelegateSessionUserImpersonatePrivilege","BUILTIN\Administrators","S-1-5-32-544"
"4198","PSSYSADMIN1","54","9/14/2026 10:49:22 PM","SeNetworkLogonRight","Everyone","S-1-1-0"
"4198","PSSYSADMIN1","54","9/14/2026 10:49:22 PM","SeNetworkLogonRight","BUILTIN\Administrators","S-1-5-32-544"
"4198","PSSYSADMIN1","54","9/14/2026 10:49:22 PM","SeNetworkLogonRight","BUILTIN\Users","S-1-5-32-545"
"4198","PSSYSADMIN1","54","9/14/2026 10:49:22 PM","SeNetworkLogonRight","BUILTIN\Backup Operators","S-1-5-32-551"
"4198","PSSYSADMIN1","54","9/14/2026 10:49:22 PM","SeBackupPrivilege","BUILTIN\Administrators","S-1-5-32-544"
"4198","PSSYSADMIN1","54","9/14/2026 10:49:22 PM","SeBackupPrivilege","BUILTIN\Backup Operators","S-1-5-32-551"
"4198","PSSYSADMIN1","54","9/14/2026 10:49:22 PM","SeChangeNotifyPrivilege","Everyone","S-1-1-0"
"4198","PSSYSADMIN1","54","9/14/2026 10:49:22 PM","SeChangeNotifyPrivilege","NT AUTHORITY\LOCAL SERVICE","S-1-5-19"
"4198","PSSYSADMIN1","54","9/14/2026 10:49:22 PM","SeChangeNotifyPrivilege","NT AUTHORITY\NETWORK SERVICE","S-1-5-20"
"4198","PSSYSADMIN1","54","9/14/2026 10:49:22 PM","SeChangeNotifyPrivilege","BUILTIN\Administrators","S-1-5-32-544"
"4198","PSSYSADMIN1","54","9/14/2026 10:49:22 PM","SeChangeNotifyPrivilege","BUILTIN\Users","S-1-5-32-545"
"4198","PSSYSADMIN1","54","9/14/2026 10:49:22 PM","SeChangeNotifyPrivilege","BUILTIN\Backup Operators","S-1-5-32-551"
"4198","PSSYSADMIN1","54","9/14/2026 10:49:22 PM","SeChangeNotifyPrivilege","RESTRICTED SERVICES\PrintSpoolerService","S-1-5-99-216390572-1995538116-3857911515-2404958512-2623887229"
"4198","PSSYSADMIN1","54","9/14/2026 10:49:22 PM","SeSystemtimePrivilege","NT AUTHORITY\LOCAL SERVICE","S-1-5-19"
"4198","PSSYSADMIN1","54","9/14/2026 10:49:22 PM","SeSystemtimePrivilege","BUILTIN\Administrators","S-1-5-32-544"
"4198","PSSYSADMIN1","54","9/14/2026 10:49:22 PM","SeCreatePagefilePrivilege","BUILTIN\Administrators","S-1-5-32-544"
"4198","PSSYSADMIN1","54","9/14/2026 10:49:22 PM","SeDebugPrivilege","BUILTIN\Administrators","S-1-5-32-544"
"4198","PSSYSADMIN1","54","9/14/2026 10:49:22 PM","SeRemoteShutdownPrivilege","BUILTIN\Administrators","S-1-5-32-544"
"4198","PSSYSADMIN1","54","9/14/2026 10:49:22 PM","SeAuditPrivilege","NT AUTHORITY\LOCAL SERVICE","S-1-5-19"
"4198","PSSYSADMIN1","54","9/14/2026 10:49:22 PM","SeAuditPrivilege","NT AUTHORITY\NETWORK SERVICE","S-1-5-20"
"4198","PSSYSADMIN1","54","9/14/2026 10:49:22 PM","SeAuditPrivilege","RESTRICTED SERVICES\PrintSpoolerService","S-1-5-99-216390572-1995538116-3857911515-2404958512-2623887229"
"4198","PSSYSADMIN1","54","9/14/2026 10:49:22 PM","SeIncreaseQuotaPrivilege","NT AUTHORITY\LOCAL SERVICE","S-1-5-19"
"4198","PSSYSADMIN1","54","9/14/2026 10:49:22 PM","SeIncreaseQuotaPrivilege","NT AUTHORITY\NETWORK SERVICE","S-1-5-20"
"4198","PSSYSADMIN1","54","9/14/2026 10:49:22 PM","SeIncreaseQuotaPrivilege","BUILTIN\Administrators","S-1-5-32-544"
"4198","PSSYSADMIN1","54","9/14/2026 10:49:22 PM","SeIncreaseBasePriorityPrivilege","BUILTIN\Administrators","S-1-5-32-544"
"4198","PSSYSADMIN1","54","9/14/2026 10:49:22 PM","SeIncreaseBasePriorityPrivilege","Window Manager\Window Manager Group","S-1-5-90-0"
"4198","PSSYSADMIN1","54","9/14/2026 10:49:22 PM","SeLoadDriverPrivilege","BUILTIN\Administrators","S-1-5-32-544"
"4198","PSSYSADMIN1","54","9/14/2026 10:49:22 PM","SeBatchLogonRight","BUILTIN\Administrators","S-1-5-32-544"
"4198","PSSYSADMIN1","54","9/14/2026 10:49:22 PM","SeBatchLogonRight","BUILTIN\Backup Operators","S-1-5-32-551"
"4198","PSSYSADMIN1","54","9/14/2026 10:49:22 PM","SeBatchLogonRight","BUILTIN\Performance Log Users","S-1-5-32-559"
"4198","PSSYSADMIN1","54","9/14/2026 10:49:22 PM","SeBatchLogonRight","BUILTIN\IIS_IUSRS","S-1-5-32-568"
"4198","PSSYSADMIN1","54","9/14/2026 10:49:22 PM","SeServiceLogonRight","NT SERVICE\ALL SERVICES","S-1-5-80-0"
"4198","PSSYSADMIN1","54","9/14/2026 10:49:22 PM","SeServiceLogonRight","NT SERVICE\himds","S-1-5-80-4215458991-2034252225-2287069555-1155419622-2701885083"
"4198","PSSYSADMIN1","54","9/14/2026 10:49:22 PM","SeServiceLogonRight","RESTRICTED SERVICES\ALL RESTRICTED SERVICES","S-1-5-99-0"
"4198","PSSYSADMIN1","54","9/14/2026 10:49:22 PM","SeInteractiveLogonRight","BUILTIN\Administrators","S-1-5-32-544"
"4198","PSSYSADMIN1","54","9/14/2026 10:49:22 PM","SeInteractiveLogonRight","BUILTIN\Users","S-1-5-32-545"
"4198","PSSYSADMIN1","54","9/14/2026 10:49:22 PM","SeInteractiveLogonRight","BUILTIN\Backup Operators","S-1-5-32-551"
"4198","PSSYSADMIN1","54","9/14/2026 10:49:22 PM","SeSecurityPrivilege","BUILTIN\Administrators","S-1-5-32-544"
"4198","PSSYSADMIN1","54","9/14/2026 10:49:22 PM","SeSystemEnvironmentPrivilege","BUILTIN\Administrators","S-1-5-32-544"
"4198","PSSYSADMIN1","54","9/14/2026 10:49:22 PM","SeProfileSingleProcessPrivilege","BUILTIN\Administrators","S-1-5-32-544"
"4198","PSSYSADMIN1","54","9/14/2026 10:49:22 PM","SeSystemProfilePrivilege","BUILTIN\Administrators","S-1-5-32-544"
"4198","PSSYSADMIN1","54","9/14/2026 10:49:22 PM","SeSystemProfilePrivilege","NT SERVICE\WdiServiceHost","S-1-5-80-3139157870-2983391045-3678747466-658725712-1809340420"
"4198","PSSYSADMIN1","54","9/14/2026 10:49:22 PM","SeAssignPrimaryTokenPrivilege","NT AUTHORITY\LOCAL SERVICE","S-1-5-19"
"4198","PSSYSADMIN1","54","9/14/2026 10:49:22 PM","SeAssignPrimaryTokenPrivilege","NT AUTHORITY\NETWORK SERVICE","S-1-5-20"
"4198","PSSYSADMIN1","54","9/14/2026 10:49:22 PM","SeRestorePrivilege","BUILTIN\Administrators","S-1-5-32-544"
"4198","PSSYSADMIN1","54","9/14/2026 10:49:22 PM","SeRestorePrivilege","BUILTIN\Backup Operators","S-1-5-32-551"
"4198","PSSYSADMIN1","54","9/14/2026 10:49:22 PM","SeShutdownPrivilege","BUILTIN\Administrators","S-1-5-32-544"
"4198","PSSYSADMIN1","54","9/14/2026 10:49:22 PM","SeShutdownPrivilege","BUILTIN\Backup Operators","S-1-5-32-551"
"4198","PSSYSADMIN1","54","9/14/2026 10:49:22 PM","SeTakeOwnershipPrivilege","BUILTIN\Administrators","S-1-5-32-544"
"4198","PSSYSADMIN1","54","9/14/2026 10:49:22 PM","SeUndockPrivilege","BUILTIN\Administrators","S-1-5-32-544"
"4198","PSSYSADMIN1","54","9/14/2026 10:49:22 PM","SeManageVolumePrivilege","BUILTIN\Administrators","S-1-5-32-544"
"4198","PSSYSADMIN1","54","9/14/2026 10:49:22 PM","SeRemoteInteractiveLogonRight","BUILTIN\Administrators","S-1-5-32-544"
"4198","PSSYSADMIN1","54","9/14/2026 10:49:22 PM","SeRemoteInteractiveLogonRight","BUILTIN\Remote Desktop Users","S-1-5-32-555"
"4198","PSSYSADMIN1","54","9/14/2026 10:49:22 PM","SeImpersonatePrivilege","NT AUTHORITY\LOCAL SERVICE","S-1-5-19"
"4198","PSSYSADMIN1","54","9/14/2026 10:49:22 PM","SeImpersonatePrivilege","NT AUTHORITY\NETWORK SERVICE","S-1-5-20"
"4198","PSSYSADMIN1","54","9/14/2026 10:49:22 PM","SeImpersonatePrivilege","BUILTIN\Administrators","S-1-5-32-544"
"4198","PSSYSADMIN1","54","9/14/2026 10:49:22 PM","SeImpersonatePrivilege","BUILTIN\IIS_IUSRS","S-1-5-32-568"
"4198","PSSYSADMIN1","54","9/14/2026 10:49:22 PM","SeImpersonatePrivilege","NT AUTHORITY\SERVICE","S-1-5-6"
"4198","PSSYSADMIN1","54","9/14/2026 10:49:22 PM","SeImpersonatePrivilege","RESTRICTED SERVICES\PrintSpoolerService","S-1-5-99-216390572-1995538116-3857911515-2404958512-2623887229"
"4198","PSSYSADMIN1","54","9/14/2026 10:49:22 PM","SeCreateGlobalPrivilege","NT AUTHORITY\LOCAL SERVICE","S-1-5-19"
"4198","PSSYSADMIN1","54","9/14/2026 10:49:22 PM","SeCreateGlobalPrivilege","NT AUTHORITY\NETWORK SERVICE","S-1-5-20"
"4198","PSSYSADMIN1","54","9/14/2026 10:49:22 PM","SeCreateGlobalPrivilege","BUILTIN\Administrators","S-1-5-32-544"
"4198","PSSYSADMIN1","54","9/14/2026 10:49:22 PM","SeCreateGlobalPrivilege","NT AUTHORITY\SERVICE","S-1-5-6"
"4198","PSSYSADMIN1","54","9/14/2026 10:49:22 PM","SeIncreaseWorkingSetPrivilege","BUILTIN\Users","S-1-5-32-545"
"4198","PSSYSADMIN1","54","9/14/2026 10:49:22 PM","SeTimeZonePrivilege","NT AUTHORITY\LOCAL SERVICE","S-1-5-19"
"4198","PSSYSADMIN1","54","9/14/2026 10:49:22 PM","SeTimeZonePrivilege","BUILTIN\Administrators","S-1-5-32-544"
"4198","PSSYSADMIN1","54","9/14/2026 10:49:22 PM","SeCreateSymbolicLinkPrivilege","BUILTIN\Administrators","S-1-5-32-544"
"4198","PSSYSADMIN1","54","9/14/2026 10:49:22 PM","SeDelegateSessionUserImpersonatePrivilege","BUILTIN\Administrators","S-1-5-32-544"
"4226","PSAUTOMATE1","54","9/14/2026 10:49:36 PM","SeNetworkLogonRight","Everyone","S-1-1-0"
"4226","PSAUTOMATE1","54","9/14/2026 10:49:36 PM","SeNetworkLogonRight","BUILTIN\Administrators","S-1-5-32-544"
"4226","PSAUTOMATE1","54","9/14/2026 10:49:36 PM","SeNetworkLogonRight","BUILTIN\Users","S-1-5-32-545"
"4226","PSAUTOMATE1","54","9/14/2026 10:49:36 PM","SeNetworkLogonRight","BUILTIN\Backup Operators","S-1-5-32-551"
"4226","PSAUTOMATE1","54","9/14/2026 10:49:36 PM","SeBackupPrivilege","BUILTIN\Administrators","S-1-5-32-544"
"4226","PSAUTOMATE1","54","9/14/2026 10:49:36 PM","SeBackupPrivilege","BUILTIN\Backup Operators","S-1-5-32-551"
"4226","PSAUTOMATE1","54","9/14/2026 10:49:36 PM","SeChangeNotifyPrivilege","Everyone","S-1-1-0"
"4226","PSAUTOMATE1","54","9/14/2026 10:49:36 PM","SeChangeNotifyPrivilege","NT AUTHORITY\LOCAL SERVICE","S-1-5-19"
"4226","PSAUTOMATE1","54","9/14/2026 10:49:36 PM","SeChangeNotifyPrivilege","NT AUTHORITY\NETWORK SERVICE","S-1-5-20"
"4226","PSAUTOMATE1","54","9/14/2026 10:49:36 PM","SeChangeNotifyPrivilege","BUILTIN\Administrators","S-1-5-32-544"
"4226","PSAUTOMATE1","54","9/14/2026 10:49:36 PM","SeChangeNotifyPrivilege","BUILTIN\Users","S-1-5-32-545"
"4226","PSAUTOMATE1","54","9/14/2026 10:49:36 PM","SeChangeNotifyPrivilege","BUILTIN\Backup Operators","S-1-5-32-551"
"4226","PSAUTOMATE1","54","9/14/2026 10:49:36 PM","SeChangeNotifyPrivilege","RESTRICTED SERVICES\PrintSpoolerService","S-1-5-99-216390572-1995538116-3857911515-2404958512-2623887229"
"4226","PSAUTOMATE1","54","9/14/2026 10:49:36 PM","SeSystemtimePrivilege","NT AUTHORITY\LOCAL SERVICE","S-1-5-19"
"4226","PSAUTOMATE1","54","9/14/2026 10:49:36 PM","SeSystemtimePrivilege","BUILTIN\Administrators","S-1-5-32-544"
"4226","PSAUTOMATE1","54","9/14/2026 10:49:36 PM","SeCreatePagefilePrivilege","BUILTIN\Administrators","S-1-5-32-544"
"4226","PSAUTOMATE1","54","9/14/2026 10:49:36 PM","SeDebugPrivilege","BUILTIN\Administrators","S-1-5-32-544"
"4226","PSAUTOMATE1","54","9/14/2026 10:49:36 PM","SeRemoteShutdownPrivilege","BUILTIN\Administrators","S-1-5-32-544"
"4226","PSAUTOMATE1","54","9/14/2026 10:49:36 PM","SeAuditPrivilege","NT AUTHORITY\LOCAL SERVICE","S-1-5-19"
"4226","PSAUTOMATE1","54","9/14/2026 10:49:36 PM","SeAuditPrivilege","NT AUTHORITY\NETWORK SERVICE","S-1-5-20"
"4226","PSAUTOMATE1","54","9/14/2026 10:49:36 PM","SeAuditPrivilege","RESTRICTED SERVICES\PrintSpoolerService","S-1-5-99-216390572-1995538116-3857911515-2404958512-2623887229"
"4226","PSAUTOMATE1","54","9/14/2026 10:49:36 PM","SeIncreaseQuotaPrivilege","NT AUTHORITY\LOCAL SERVICE","S-1-5-19"
"4226","PSAUTOMATE1","54","9/14/2026 10:49:36 PM","SeIncreaseQuotaPrivilege","NT AUTHORITY\NETWORK SERVICE","S-1-5-20"
"4226","PSAUTOMATE1","54","9/14/2026 10:49:36 PM","SeIncreaseQuotaPrivilege","BUILTIN\Administrators","S-1-5-32-544"
"4226","PSAUTOMATE1","54","9/14/2026 10:49:36 PM","SeIncreaseBasePriorityPrivilege","BUILTIN\Administrators","S-1-5-32-544"
"4226","PSAUTOMATE1","54","9/14/2026 10:49:36 PM","SeIncreaseBasePriorityPrivilege","Window Manager\Window Manager Group","S-1-5-90-0"
"4226","PSAUTOMATE1","54","9/14/2026 10:49:36 PM","SeLoadDriverPrivilege","BUILTIN\Administrators","S-1-5-32-544"
"4226","PSAUTOMATE1","54","9/14/2026 10:49:36 PM","SeBatchLogonRight","BUILTIN\Administrators","S-1-5-32-544"
"4226","PSAUTOMATE1","54","9/14/2026 10:49:36 PM","SeBatchLogonRight","BUILTIN\Backup Operators","S-1-5-32-551"
"4226","PSAUTOMATE1","54","9/14/2026 10:49:36 PM","SeBatchLogonRight","BUILTIN\Performance Log Users","S-1-5-32-559"
"4226","PSAUTOMATE1","54","9/14/2026 10:49:36 PM","SeServiceLogonRight","HARDDOLLAR\SVC.NinjaMation","S-1-5-21-3931559087-14600624-1992188608-45108"
"4226","PSAUTOMATE1","54","9/14/2026 10:49:36 PM","SeServiceLogonRight","NT SERVICE\ALL SERVICES","S-1-5-80-0"
"4226","PSAUTOMATE1","54","9/14/2026 10:49:36 PM","SeServiceLogonRight","NT SERVICE\himds","S-1-5-80-4215458991-2034252225-2287069555-1155419622-2701885083"
"4226","PSAUTOMATE1","54","9/14/2026 10:49:36 PM","SeServiceLogonRight","RESTRICTED SERVICES\ALL RESTRICTED SERVICES","S-1-5-99-0"
"4226","PSAUTOMATE1","54","9/14/2026 10:49:36 PM","SeInteractiveLogonRight","BUILTIN\Administrators","S-1-5-32-544"
"4226","PSAUTOMATE1","54","9/14/2026 10:49:36 PM","SeSecurityPrivilege","BUILTIN\Administrators","S-1-5-32-544"
"4226","PSAUTOMATE1","54","9/14/2026 10:49:36 PM","SeSystemEnvironmentPrivilege","BUILTIN\Administrators","S-1-5-32-544"
"4226","PSAUTOMATE1","54","9/14/2026 10:49:36 PM","SeProfileSingleProcessPrivilege","BUILTIN\Administrators","S-1-5-32-544"
"4226","PSAUTOMATE1","54","9/14/2026 10:49:36 PM","SeSystemProfilePrivilege","BUILTIN\Administrators","S-1-5-32-544"
"4226","PSAUTOMATE1","54","9/14/2026 10:49:36 PM","SeSystemProfilePrivilege","NT SERVICE\WdiServiceHost","S-1-5-80-3139157870-2983391045-3678747466-658725712-1809340420"
"4226","PSAUTOMATE1","54","9/14/2026 10:49:36 PM","SeAssignPrimaryTokenPrivilege","NT AUTHORITY\LOCAL SERVICE","S-1-5-19"
"4226","PSAUTOMATE1","54","9/14/2026 10:49:36 PM","SeAssignPrimaryTokenPrivilege","NT AUTHORITY\NETWORK SERVICE","S-1-5-20"
"4226","PSAUTOMATE1","54","9/14/2026 10:49:36 PM","SeRestorePrivilege","BUILTIN\Administrators","S-1-5-32-544"
"4226","PSAUTOMATE1","54","9/14/2026 10:49:36 PM","SeRestorePrivilege","BUILTIN\Backup Operators","S-1-5-32-551"
"4226","PSAUTOMATE1","54","9/14/2026 10:49:36 PM","SeShutdownPrivilege","BUILTIN\Administrators","S-1-5-32-544"
"4226","PSAUTOMATE1","54","9/14/2026 10:49:36 PM","SeTakeOwnershipPrivilege","BUILTIN\Administrators","S-1-5-32-544"
"4226","PSAUTOMATE1","54","9/14/2026 10:49:36 PM","SeDenyBatchLogonRight","BUILTIN\Guests","S-1-5-32-546"
"4226","PSAUTOMATE1","54","9/14/2026 10:49:36 PM","SeDenyServiceLogonRight","BUILTIN\Guests","S-1-5-32-546"
"4226","PSAUTOMATE1","54","9/14/2026 10:49:36 PM","SeDenyInteractiveLogonRight","BUILTIN\Guests","S-1-5-32-546"
"4226","PSAUTOMATE1","54","9/14/2026 10:49:36 PM","SeUndockPrivilege","BUILTIN\Administrators","S-1-5-32-544"
"4226","PSAUTOMATE1","54","9/14/2026 10:49:36 PM","SeManageVolumePrivilege","BUILTIN\Administrators","S-1-5-32-544"
"4226","PSAUTOMATE1","54","9/14/2026 10:49:36 PM","SeRemoteInteractiveLogonRight","BUILTIN\Administrators","S-1-5-32-544"
"4226","PSAUTOMATE1","54","9/14/2026 10:49:36 PM","SeRemoteInteractiveLogonRight","BUILTIN\Remote Desktop Users","S-1-5-32-555"
"4226","PSAUTOMATE1","54","9/14/2026 10:49:36 PM","SeDenyRemoteInteractiveLogonRight","BUILTIN\Guests","S-1-5-32-546"
"4226","PSAUTOMATE1","54","9/14/2026 10:49:36 PM","SeImpersonatePrivilege","NT AUTHORITY\LOCAL SERVICE","S-1-5-19"
"4226","PSAUTOMATE1","54","9/14/2026 10:49:36 PM","SeImpersonatePrivilege","NT AUTHORITY\NETWORK SERVICE","S-1-5-20"
"4226","PSAUTOMATE1","54","9/14/2026 10:49:36 PM","SeImpersonatePrivilege","BUILTIN\Administrators","S-1-5-32-544"
"4226","PSAUTOMATE1","54","9/14/2026 10:49:36 PM","SeImpersonatePrivilege","NT AUTHORITY\SERVICE","S-1-5-6"
"4226","PSAUTOMATE1","54","9/14/2026 10:49:36 PM","SeImpersonatePrivilege","RESTRICTED SERVICES\PrintSpoolerService","S-1-5-99-216390572-1995538116-3857911515-2404958512-2623887229"
"4226","PSAUTOMATE1","54","9/14/2026 10:49:36 PM","SeCreateGlobalPrivilege","NT AUTHORITY\LOCAL SERVICE","S-1-5-19"
"4226","PSAUTOMATE1","54","9/14/2026 10:49:36 PM","SeCreateGlobalPrivilege","NT AUTHORITY\NETWORK SERVICE","S-1-5-20"
"4226","PSAUTOMATE1","54","9/14/2026 10:49:36 PM","SeCreateGlobalPrivilege","BUILTIN\Administrators","S-1-5-32-544"
"4226","PSAUTOMATE1","54","9/14/2026 10:49:36 PM","SeCreateGlobalPrivilege","NT AUTHORITY\SERVICE","S-1-5-6"
"4226","PSAUTOMATE1","54","9/14/2026 10:49:36 PM","SeIncreaseWorkingSetPrivilege","BUILTIN\Users","S-1-5-32-545"
"4226","PSAUTOMATE1","54","9/14/2026 10:49:36 PM","SeTimeZonePrivilege","NT AUTHORITY\LOCAL SERVICE","S-1-5-19"
"4226","PSAUTOMATE1","54","9/14/2026 10:49:36 PM","SeTimeZonePrivilege","BUILTIN\Administrators","S-1-5-32-544"
"4226","PSAUTOMATE1","54","9/14/2026 10:49:36 PM","SeCreateSymbolicLinkPrivilege","BUILTIN\Administrators","S-1-5-32-544"
"4226","PSAUTOMATE1","54","9/14/2026 10:49:36 PM","SeDelegateSessionUserImpersonatePrivilege","BUILTIN\Administrators","S-1-5-32-544"
"4217","PSMIDTEST1","54","9/14/2026 10:49:31 PM","SeNetworkLogonRight","Everyone","S-1-1-0"
"4217","PSMIDTEST1","54","9/14/2026 10:49:31 PM","SeNetworkLogonRight","BUILTIN\Administrators","S-1-5-32-544"
"4217","PSMIDTEST1","54","9/14/2026 10:49:31 PM","SeNetworkLogonRight","BUILTIN\Users","S-1-5-32-545"
"4217","PSMIDTEST1","54","9/14/2026 10:49:31 PM","SeNetworkLogonRight","BUILTIN\Backup Operators","S-1-5-32-551"
"4217","PSMIDTEST1","54","9/14/2026 10:49:31 PM","SeBackupPrivilege","BUILTIN\Administrators","S-1-5-32-544"
"4217","PSMIDTEST1","54","9/14/2026 10:49:31 PM","SeBackupPrivilege","BUILTIN\Backup Operators","S-1-5-32-551"
"4217","PSMIDTEST1","54","9/14/2026 10:49:31 PM","SeChangeNotifyPrivilege","Everyone","S-1-1-0"
"4217","PSMIDTEST1","54","9/14/2026 10:49:31 PM","SeChangeNotifyPrivilege","NT AUTHORITY\LOCAL SERVICE","S-1-5-19"
"4217","PSMIDTEST1","54","9/14/2026 10:49:31 PM","SeChangeNotifyPrivilege","NT AUTHORITY\NETWORK SERVICE","S-1-5-20"
"4217","PSMIDTEST1","54","9/14/2026 10:49:31 PM","SeChangeNotifyPrivilege","BUILTIN\Administrators","S-1-5-32-544"
"4217","PSMIDTEST1","54","9/14/2026 10:49:31 PM","SeChangeNotifyPrivilege","BUILTIN\Users","S-1-5-32-545"
"4217","PSMIDTEST1","54","9/14/2026 10:49:31 PM","SeChangeNotifyPrivilege","BUILTIN\Backup Operators","S-1-5-32-551"
"4217","PSMIDTEST1","54","9/14/2026 10:49:31 PM","SeChangeNotifyPrivilege","RESTRICTED SERVICES\PrintSpoolerService","S-1-5-99-216390572-1995538116-3857911515-2404958512-2623887229"
"4217","PSMIDTEST1","54","9/14/2026 10:49:31 PM","SeSystemtimePrivilege","NT AUTHORITY\LOCAL SERVICE","S-1-5-19"
"4217","PSMIDTEST1","54","9/14/2026 10:49:31 PM","SeSystemtimePrivilege","BUILTIN\Administrators","S-1-5-32-544"
"4217","PSMIDTEST1","54","9/14/2026 10:49:31 PM","SeCreatePagefilePrivilege","BUILTIN\Administrators","S-1-5-32-544"
"4217","PSMIDTEST1","54","9/14/2026 10:49:31 PM","SeDebugPrivilege","BUILTIN\Administrators","S-1-5-32-544"
"4217","PSMIDTEST1","54","9/14/2026 10:49:31 PM","SeRemoteShutdownPrivilege","BUILTIN\Administrators","S-1-5-32-544"
"4217","PSMIDTEST1","54","9/14/2026 10:49:31 PM","SeAuditPrivilege","NT AUTHORITY\LOCAL SERVICE","S-1-5-19"
"4217","PSMIDTEST1","54","9/14/2026 10:49:31 PM","SeAuditPrivilege","NT AUTHORITY\NETWORK SERVICE","S-1-5-20"
"4217","PSMIDTEST1","54","9/14/2026 10:49:31 PM","SeAuditPrivilege","RESTRICTED SERVICES\PrintSpoolerService","S-1-5-99-216390572-1995538116-3857911515-2404958512-2623887229"
"4217","PSMIDTEST1","54","9/14/2026 10:49:31 PM","SeIncreaseQuotaPrivilege","NT AUTHORITY\LOCAL SERVICE","S-1-5-19"
"4217","PSMIDTEST1","54","9/14/2026 10:49:31 PM","SeIncreaseQuotaPrivilege","NT AUTHORITY\NETWORK SERVICE","S-1-5-20"
"4217","PSMIDTEST1","54","9/14/2026 10:49:31 PM","SeIncreaseQuotaPrivilege","BUILTIN\Administrators","S-1-5-32-544"
"4217","PSMIDTEST1","54","9/14/2026 10:49:31 PM","SeIncreaseBasePriorityPrivilege","BUILTIN\Administrators","S-1-5-32-544"
"4217","PSMIDTEST1","54","9/14/2026 10:49:31 PM","SeIncreaseBasePriorityPrivilege","Window Manager\Window Manager Group","S-1-5-90-0"
"4217","PSMIDTEST1","54","9/14/2026 10:49:31 PM","SeLoadDriverPrivilege","BUILTIN\Administrators","S-1-5-32-544"
"4217","PSMIDTEST1","54","9/14/2026 10:49:31 PM","SeBatchLogonRight","BUILTIN\Administrators","S-1-5-32-544"
"4217","PSMIDTEST1","54","9/14/2026 10:49:31 PM","SeBatchLogonRight","BUILTIN\Backup Operators","S-1-5-32-551"
"4217","PSMIDTEST1","54","9/14/2026 10:49:31 PM","SeBatchLogonRight","BUILTIN\Performance Log Users","S-1-5-32-559"
"4217","PSMIDTEST1","54","9/14/2026 10:49:31 PM","SeServiceLogonRight","HARDDOLLAR\SVC.SNOWMID_test","S-1-5-21-3931559087-14600624-1992188608-26159"
"4217","PSMIDTEST1","54","9/14/2026 10:49:31 PM","SeServiceLogonRight","NT SERVICE\ALL SERVICES","S-1-5-80-0"
"4217","PSMIDTEST1","54","9/14/2026 10:49:31 PM","SeServiceLogonRight","NT SERVICE\himds","S-1-5-80-4215458991-2034252225-2287069555-1155419622-2701885083"
"4217","PSMIDTEST1","54","9/14/2026 10:49:31 PM","SeServiceLogonRight","RESTRICTED SERVICES\ALL RESTRICTED SERVICES","S-1-5-99-0"
"4217","PSMIDTEST1","54","9/14/2026 10:49:31 PM","SeInteractiveLogonRight","BUILTIN\Administrators","S-1-5-32-544"
"4217","PSMIDTEST1","54","9/14/2026 10:49:31 PM","SeSecurityPrivilege","BUILTIN\Administrators","S-1-5-32-544"
"4217","PSMIDTEST1","54","9/14/2026 10:49:31 PM","SeSystemEnvironmentPrivilege","BUILTIN\Administrators","S-1-5-32-544"
"4217","PSMIDTEST1","54","9/14/2026 10:49:31 PM","SeProfileSingleProcessPrivilege","BUILTIN\Administrators","S-1-5-32-544"
"4217","PSMIDTEST1","54","9/14/2026 10:49:31 PM","SeSystemProfilePrivilege","BUILTIN\Administrators","S-1-5-32-544"
"4217","PSMIDTEST1","54","9/14/2026 10:49:31 PM","SeSystemProfilePrivilege","NT SERVICE\WdiServiceHost","S-1-5-80-3139157870-2983391045-3678747466-658725712-1809340420"
"4217","PSMIDTEST1","54","9/14/2026 10:49:31 PM","SeAssignPrimaryTokenPrivilege","NT AUTHORITY\LOCAL SERVICE","S-1-5-19"
"4217","PSMIDTEST1","54","9/14/2026 10:49:31 PM","SeAssignPrimaryTokenPrivilege","NT AUTHORITY\NETWORK SERVICE","S-1-5-20"
"4217","PSMIDTEST1","54","9/14/2026 10:49:31 PM","SeRestorePrivilege","BUILTIN\Administrators","S-1-5-32-544"
"4217","PSMIDTEST1","54","9/14/2026 10:49:31 PM","SeRestorePrivilege","BUILTIN\Backup Operators","S-1-5-32-551"
"4217","PSMIDTEST1","54","9/14/2026 10:49:31 PM","SeShutdownPrivilege","BUILTIN\Administrators","S-1-5-32-544"
"4217","PSMIDTEST1","54","9/14/2026 10:49:31 PM","SeTakeOwnershipPrivilege","BUILTIN\Administrators","S-1-5-32-544"
"4217","PSMIDTEST1","54","9/14/2026 10:49:31 PM","SeDenyBatchLogonRight","BUILTIN\Guests","S-1-5-32-546"
"4217","PSMIDTEST1","54","9/14/2026 10:49:31 PM","SeDenyServiceLogonRight","BUILTIN\Guests","S-1-5-32-546"
"4217","PSMIDTEST1","54","9/14/2026 10:49:31 PM","SeDenyInteractiveLogonRight","BUILTIN\Guests","S-1-5-32-546"
"4217","PSMIDTEST1","54","9/14/2026 10:49:31 PM","SeUndockPrivilege","BUILTIN\Administrators","S-1-5-32-544"
"4217","PSMIDTEST1","54","9/14/2026 10:49:31 PM","SeManageVolumePrivilege","BUILTIN\Administrators","S-1-5-32-544"
"4217","PSMIDTEST1","54","9/14/2026 10:49:31 PM","SeRemoteInteractiveLogonRight","BUILTIN\Administrators","S-1-5-32-544"
"4217","PSMIDTEST1","54","9/14/2026 10:49:31 PM","SeRemoteInteractiveLogonRight","BUILTIN\Remote Desktop Users","S-1-5-32-555"
"4217","PSMIDTEST1","54","9/14/2026 10:49:31 PM","SeDenyRemoteInteractiveLogonRight","BUILTIN\Guests","S-1-5-32-546"
"4217","PSMIDTEST1","54","9/14/2026 10:49:31 PM","SeImpersonatePrivilege","NT AUTHORITY\LOCAL SERVICE","S-1-5-19"
"4217","PSMIDTEST1","54","9/14/2026 10:49:31 PM","SeImpersonatePrivilege","NT AUTHORITY\NETWORK SERVICE","S-1-5-20"
"4217","PSMIDTEST1","54","9/14/2026 10:49:31 PM","SeImpersonatePrivilege","BUILTIN\Administrators","S-1-5-32-544"
"4217","PSMIDTEST1","54","9/14/2026 10:49:31 PM","SeImpersonatePrivilege","NT AUTHORITY\SERVICE","S-1-5-6"
"4217","PSMIDTEST1","54","9/14/2026 10:49:31 PM","SeImpersonatePrivilege","RESTRICTED SERVICES\PrintSpoolerService","S-1-5-99-216390572-1995538116-3857911515-2404958512-2623887229"
"4217","PSMIDTEST1","54","9/14/2026 10:49:31 PM","SeCreateGlobalPrivilege","NT AUTHORITY\LOCAL SERVICE","S-1-5-19"
"4217","PSMIDTEST1","54","9/14/2026 10:49:31 PM","SeCreateGlobalPrivilege","NT AUTHORITY\NETWORK SERVICE","S-1-5-20"
"4217","PSMIDTEST1","54","9/14/2026 10:49:31 PM","SeCreateGlobalPrivilege","BUILTIN\Administrators","S-1-5-32-544"
"4217","PSMIDTEST1","54","9/14/2026 10:49:31 PM","SeCreateGlobalPrivilege","NT AUTHORITY\SERVICE","S-1-5-6"
"4217","PSMIDTEST1","54","9/14/2026 10:49:31 PM","SeIncreaseWorkingSetPrivilege","BUILTIN\Users","S-1-5-32-545"
"4217","PSMIDTEST1","54","9/14/2026 10:49:31 PM","SeTimeZonePrivilege","NT AUTHORITY\LOCAL SERVICE","S-1-5-19"
"4217","PSMIDTEST1","54","9/14/2026 10:49:31 PM","SeTimeZonePrivilege","BUILTIN\Administrators","S-1-5-32-544"
"4217","PSMIDTEST1","54","9/14/2026 10:49:31 PM","SeCreateSymbolicLinkPrivilege","BUILTIN\Administrators","S-1-5-32-544"
"4217","PSMIDTEST1","54","9/14/2026 10:49:31 PM","SeDelegateSessionUserImpersonatePrivilege","BUILTIN\Administrators","S-1-5-32-544"
"4218","PSMIDDEV1","54","9/14/2026 10:49:33 PM","SeNetworkLogonRight","Everyone","S-1-1-0"
"4218","PSMIDDEV1","54","9/14/2026 10:49:33 PM","SeNetworkLogonRight","BUILTIN\Administrators","S-1-5-32-544"
"4218","PSMIDDEV1","54","9/14/2026 10:49:33 PM","SeNetworkLogonRight","BUILTIN\Users","S-1-5-32-545"
"4218","PSMIDDEV1","54","9/14/2026 10:49:33 PM","SeNetworkLogonRight","BUILTIN\Backup Operators","S-1-5-32-551"
"4218","PSMIDDEV1","54","9/14/2026 10:49:33 PM","SeBackupPrivilege","BUILTIN\Administrators","S-1-5-32-544"
"4218","PSMIDDEV1","54","9/14/2026 10:49:33 PM","SeBackupPrivilege","BUILTIN\Backup Operators","S-1-5-32-551"
"4218","PSMIDDEV1","54","9/14/2026 10:49:33 PM","SeChangeNotifyPrivilege","Everyone","S-1-1-0"
"4218","PSMIDDEV1","54","9/14/2026 10:49:33 PM","SeChangeNotifyPrivilege","NT AUTHORITY\LOCAL SERVICE","S-1-5-19"
"4218","PSMIDDEV1","54","9/14/2026 10:49:33 PM","SeChangeNotifyPrivilege","NT AUTHORITY\NETWORK SERVICE","S-1-5-20"
"4218","PSMIDDEV1","54","9/14/2026 10:49:33 PM","SeChangeNotifyPrivilege","BUILTIN\Administrators","S-1-5-32-544"
"4218","PSMIDDEV1","54","9/14/2026 10:49:33 PM","SeChangeNotifyPrivilege","BUILTIN\Users","S-1-5-32-545"
"4218","PSMIDDEV1","54","9/14/2026 10:49:33 PM","SeChangeNotifyPrivilege","BUILTIN\Backup Operators","S-1-5-32-551"
"4218","PSMIDDEV1","54","9/14/2026 10:49:33 PM","SeChangeNotifyPrivilege","RESTRICTED SERVICES\PrintSpoolerService","S-1-5-99-216390572-1995538116-3857911515-2404958512-2623887229"
"4218","PSMIDDEV1","54","9/14/2026 10:49:33 PM","SeSystemtimePrivilege","NT AUTHORITY\LOCAL SERVICE","S-1-5-19"
"4218","PSMIDDEV1","54","9/14/2026 10:49:33 PM","SeSystemtimePrivilege","BUILTIN\Administrators","S-1-5-32-544"
"4218","PSMIDDEV1","54","9/14/2026 10:49:33 PM","SeCreatePagefilePrivilege","BUILTIN\Administrators","S-1-5-32-544"
"4218","PSMIDDEV1","54","9/14/2026 10:49:33 PM","SeDebugPrivilege","BUILTIN\Administrators","S-1-5-32-544"
"4218","PSMIDDEV1","54","9/14/2026 10:49:33 PM","SeRemoteShutdownPrivilege","BUILTIN\Administrators","S-1-5-32-544"
"4218","PSMIDDEV1","54","9/14/2026 10:49:33 PM","SeAuditPrivilege","NT AUTHORITY\LOCAL SERVICE","S-1-5-19"
"4218","PSMIDDEV1","54","9/14/2026 10:49:33 PM","SeAuditPrivilege","NT AUTHORITY\NETWORK SERVICE","S-1-5-20"
"4218","PSMIDDEV1","54","9/14/2026 10:49:33 PM","SeAuditPrivilege","RESTRICTED SERVICES\PrintSpoolerService","S-1-5-99-216390572-1995538116-3857911515-2404958512-2623887229"
"4218","PSMIDDEV1","54","9/14/2026 10:49:33 PM","SeIncreaseQuotaPrivilege","NT AUTHORITY\LOCAL SERVICE","S-1-5-19"
"4218","PSMIDDEV1","54","9/14/2026 10:49:33 PM","SeIncreaseQuotaPrivilege","NT AUTHORITY\NETWORK SERVICE","S-1-5-20"
"4218","PSMIDDEV1","54","9/14/2026 10:49:33 PM","SeIncreaseQuotaPrivilege","BUILTIN\Administrators","S-1-5-32-544"
"4218","PSMIDDEV1","54","9/14/2026 10:49:33 PM","SeIncreaseBasePriorityPrivilege","BUILTIN\Administrators","S-1-5-32-544"
"4218","PSMIDDEV1","54","9/14/2026 10:49:33 PM","SeIncreaseBasePriorityPrivilege","Window Manager\Window Manager Group","S-1-5-90-0"
"4218","PSMIDDEV1","54","9/14/2026 10:49:33 PM","SeLoadDriverPrivilege","BUILTIN\Administrators","S-1-5-32-544"
"4218","PSMIDDEV1","54","9/14/2026 10:49:33 PM","SeBatchLogonRight","BUILTIN\Administrators","S-1-5-32-544"
"4218","PSMIDDEV1","54","9/14/2026 10:49:33 PM","SeBatchLogonRight","BUILTIN\Backup Operators","S-1-5-32-551"
"4218","PSMIDDEV1","54","9/14/2026 10:49:33 PM","SeBatchLogonRight","BUILTIN\Performance Log Users","S-1-5-32-559"
"4218","PSMIDDEV1","54","9/14/2026 10:49:33 PM","SeServiceLogonRight","HARDDOLLAR\SVC.SNOWMID_dev","S-1-5-21-3931559087-14600624-1992188608-26158"
"4218","PSMIDDEV1","54","9/14/2026 10:49:33 PM","SeServiceLogonRight","NT SERVICE\ALL SERVICES","S-1-5-80-0"
"4218","PSMIDDEV1","54","9/14/2026 10:49:33 PM","SeServiceLogonRight","NT SERVICE\himds","S-1-5-80-4215458991-2034252225-2287069555-1155419622-2701885083"
"4218","PSMIDDEV1","54","9/14/2026 10:49:33 PM","SeServiceLogonRight","RESTRICTED SERVICES\ALL RESTRICTED SERVICES","S-1-5-99-0"
"4218","PSMIDDEV1","54","9/14/2026 10:49:33 PM","SeInteractiveLogonRight","BUILTIN\Administrators","S-1-5-32-544"
"4218","PSMIDDEV1","54","9/14/2026 10:49:33 PM","SeSecurityPrivilege","BUILTIN\Administrators","S-1-5-32-544"
"4218","PSMIDDEV1","54","9/14/2026 10:49:33 PM","SeSystemEnvironmentPrivilege","BUILTIN\Administrators","S-1-5-32-544"
"4218","PSMIDDEV1","54","9/14/2026 10:49:33 PM","SeProfileSingleProcessPrivilege","BUILTIN\Administrators","S-1-5-32-544"
"4218","PSMIDDEV1","54","9/14/2026 10:49:33 PM","SeSystemProfilePrivilege","BUILTIN\Administrators","S-1-5-32-544"
"4218","PSMIDDEV1","54","9/14/2026 10:49:33 PM","SeSystemProfilePrivilege","NT SERVICE\WdiServiceHost","S-1-5-80-3139157870-2983391045-3678747466-658725712-1809340420"
"4218","PSMIDDEV1","54","9/14/2026 10:49:33 PM","SeAssignPrimaryTokenPrivilege","NT AUTHORITY\LOCAL SERVICE","S-1-5-19"
"4218","PSMIDDEV1","54","9/14/2026 10:49:33 PM","SeAssignPrimaryTokenPrivilege","NT AUTHORITY\NETWORK SERVICE","S-1-5-20"
"4218","PSMIDDEV1","54","9/14/2026 10:49:33 PM","SeRestorePrivilege","BUILTIN\Administrators","S-1-5-32-544"
"4218","PSMIDDEV1","54","9/14/2026 10:49:33 PM","SeRestorePrivilege","BUILTIN\Backup Operators","S-1-5-32-551"
"4218","PSMIDDEV1","54","9/14/2026 10:49:33 PM","SeShutdownPrivilege","BUILTIN\Administrators","S-1-5-32-544"
"4218","PSMIDDEV1","54","9/14/2026 10:49:33 PM","SeTakeOwnershipPrivilege","BUILTIN\Administrators","S-1-5-32-544"
"4218","PSMIDDEV1","54","9/14/2026 10:49:33 PM","SeDenyBatchLogonRight","BUILTIN\Guests","S-1-5-32-546"
"4218","PSMIDDEV1","54","9/14/2026 10:49:33 PM","SeDenyServiceLogonRight","BUILTIN\Guests","S-1-5-32-546"
"4218","PSMIDDEV1","54","9/14/2026 10:49:33 PM","SeDenyInteractiveLogonRight","BUILTIN\Guests","S-1-5-32-546"
"4218","PSMIDDEV1","54","9/14/2026 10:49:33 PM","SeUndockPrivilege","BUILTIN\Administrators","S-1-5-32-544"
"4218","PSMIDDEV1","54","9/14/2026 10:49:33 PM","SeManageVolumePrivilege","BUILTIN\Administrators","S-1-5-32-544"
"4218","PSMIDDEV1","54","9/14/2026 10:49:33 PM","SeRemoteInteractiveLogonRight","BUILTIN\Administrators","S-1-5-32-544"
"4218","PSMIDDEV1","54","9/14/2026 10:49:33 PM","SeRemoteInteractiveLogonRight","BUILTIN\Remote Desktop Users","S-1-5-32-555"
"4218","PSMIDDEV1","54","9/14/2026 10:49:33 PM","SeDenyRemoteInteractiveLogonRight","BUILTIN\Guests","S-1-5-32-546"
"4218","PSMIDDEV1","54","9/14/2026 10:49:33 PM","SeImpersonatePrivilege","NT AUTHORITY\LOCAL SERVICE","S-1-5-19"
"4218","PSMIDDEV1","54","9/14/2026 10:49:33 PM","SeImpersonatePrivilege","NT AUTHORITY\NETWORK SERVICE","S-1-5-20"
"4218","PSMIDDEV1","54","9/14/2026 10:49:33 PM","SeImpersonatePrivilege","BUILTIN\Administrators","S-1-5-32-544"
"4218","PSMIDDEV1","54","9/14/2026 10:49:33 PM","SeImpersonatePrivilege","NT AUTHORITY\SERVICE","S-1-5-6"
"4218","PSMIDDEV1","54","9/14/2026 10:49:33 PM","SeImpersonatePrivilege","RESTRICTED SERVICES\PrintSpoolerService","S-1-5-99-216390572-1995538116-3857911515-2404958512-2623887229"
"4218","PSMIDDEV1","54","9/14/2026 10:49:33 PM","SeCreateGlobalPrivilege","NT AUTHORITY\LOCAL SERVICE","S-1-5-19"
"4218","PSMIDDEV1","54","9/14/2026 10:49:33 PM","SeCreateGlobalPrivilege","NT AUTHORITY\NETWORK SERVICE","S-1-5-20"
"4218","PSMIDDEV1","54","9/14/2026 10:49:33 PM","SeCreateGlobalPrivilege","BUILTIN\Administrators","S-1-5-32-544"
"4218","PSMIDDEV1","54","9/14/2026 10:49:33 PM","SeCreateGlobalPrivilege","NT AUTHORITY\SERVICE","S-1-5-6"
"4218","PSMIDDEV1","54","9/14/2026 10:49:33 PM","SeIncreaseWorkingSetPrivilege","BUILTIN\Users","S-1-5-32-545"
"4218","PSMIDDEV1","54","9/14/2026 10:49:33 PM","SeTimeZonePrivilege","NT AUTHORITY\LOCAL SERVICE","S-1-5-19"
"4218","PSMIDDEV1","54","9/14/2026 10:49:33 PM","SeTimeZonePrivilege","BUILTIN\Administrators","S-1-5-32-544"
"4218","PSMIDDEV1","54","9/14/2026 10:49:33 PM","SeCreateSymbolicLinkPrivilege","BUILTIN\Administrators","S-1-5-32-544"
"4218","PSMIDDEV1","54","9/14/2026 10:49:33 PM","SeDelegateSessionUserImpersonatePrivilege","BUILTIN\Administrators","S-1-5-32-544"
"4228","MSHVHOST2","54","9/14/2026 10:49:38 PM","SeNetworkLogonRight","Everyone","S-1-1-0"
"4228","MSHVHOST2","54","9/14/2026 10:49:38 PM","SeNetworkLogonRight","BUILTIN\Administrators","S-1-5-32-544"
"4228","MSHVHOST2","54","9/14/2026 10:49:38 PM","SeNetworkLogonRight","BUILTIN\Users","S-1-5-32-545"
"4228","MSHVHOST2","54","9/14/2026 10:49:38 PM","SeNetworkLogonRight","BUILTIN\Backup Operators","S-1-5-32-551"
"4228","MSHVHOST2","54","9/14/2026 10:49:38 PM","SeBackupPrivilege","BUILTIN\Administrators","S-1-5-32-544"
"4228","MSHVHOST2","54","9/14/2026 10:49:38 PM","SeBackupPrivilege","BUILTIN\Backup Operators","S-1-5-32-551"
"4228","MSHVHOST2","54","9/14/2026 10:49:38 PM","SeChangeNotifyPrivilege","Everyone","S-1-1-0"
"4228","MSHVHOST2","54","9/14/2026 10:49:38 PM","SeChangeNotifyPrivilege","NT AUTHORITY\LOCAL SERVICE","S-1-5-19"
"4228","MSHVHOST2","54","9/14/2026 10:49:38 PM","SeChangeNotifyPrivilege","NT AUTHORITY\NETWORK SERVICE","S-1-5-20"
"4228","MSHVHOST2","54","9/14/2026 10:49:38 PM","SeChangeNotifyPrivilege","BUILTIN\Administrators","S-1-5-32-544"
"4228","MSHVHOST2","54","9/14/2026 10:49:38 PM","SeChangeNotifyPrivilege","BUILTIN\Users","S-1-5-32-545"
"4228","MSHVHOST2","54","9/14/2026 10:49:38 PM","SeChangeNotifyPrivilege","BUILTIN\Backup Operators","S-1-5-32-551"
"4228","MSHVHOST2","54","9/14/2026 10:49:38 PM","SeChangeNotifyPrivilege","RESTRICTED SERVICES\PrintSpoolerService","S-1-5-99-216390572-1995538116-3857911515-2404958512-2623887229"
"4228","MSHVHOST2","54","9/14/2026 10:49:38 PM","SeSystemtimePrivilege","NT AUTHORITY\LOCAL SERVICE","S-1-5-19"
"4228","MSHVHOST2","54","9/14/2026 10:49:38 PM","SeSystemtimePrivilege","BUILTIN\Administrators","S-1-5-32-544"
"4228","MSHVHOST2","54","9/14/2026 10:49:38 PM","SeCreatePagefilePrivilege","BUILTIN\Administrators","S-1-5-32-544"
"4228","MSHVHOST2","54","9/14/2026 10:49:38 PM","SeDebugPrivilege","BUILTIN\Administrators","S-1-5-32-544"
"4228","MSHVHOST2","54","9/14/2026 10:49:38 PM","SeRemoteShutdownPrivilege","BUILTIN\Administrators","S-1-5-32-544"
"4228","MSHVHOST2","54","9/14/2026 10:49:38 PM","SeAuditPrivilege","NT AUTHORITY\LOCAL SERVICE","S-1-5-19"
"4228","MSHVHOST2","54","9/14/2026 10:49:38 PM","SeAuditPrivilege","NT AUTHORITY\NETWORK SERVICE","S-1-5-20"
"4228","MSHVHOST2","54","9/14/2026 10:49:38 PM","SeAuditPrivilege","RESTRICTED SERVICES\PrintSpoolerService","S-1-5-99-216390572-1995538116-3857911515-2404958512-2623887229"
"4228","MSHVHOST2","54","9/14/2026 10:49:38 PM","SeIncreaseQuotaPrivilege","NT AUTHORITY\LOCAL SERVICE","S-1-5-19"
"4228","MSHVHOST2","54","9/14/2026 10:49:38 PM","SeIncreaseQuotaPrivilege","NT AUTHORITY\NETWORK SERVICE","S-1-5-20"
"4228","MSHVHOST2","54","9/14/2026 10:49:38 PM","SeIncreaseQuotaPrivilege","BUILTIN\Administrators","S-1-5-32-544"
"4228","MSHVHOST2","54","9/14/2026 10:49:38 PM","SeIncreaseBasePriorityPrivilege","BUILTIN\Administrators","S-1-5-32-544"
"4228","MSHVHOST2","54","9/14/2026 10:49:38 PM","SeIncreaseBasePriorityPrivilege","Window Manager\Window Manager Group","S-1-5-90-0"
"4228","MSHVHOST2","54","9/14/2026 10:49:38 PM","SeLoadDriverPrivilege","BUILTIN\Administrators","S-1-5-32-544"
"4228","MSHVHOST2","54","9/14/2026 10:49:38 PM","SeBatchLogonRight","BUILTIN\Administrators","S-1-5-32-544"
"4228","MSHVHOST2","54","9/14/2026 10:49:38 PM","SeBatchLogonRight","BUILTIN\Backup Operators","S-1-5-32-551"
"4228","MSHVHOST2","54","9/14/2026 10:49:38 PM","SeBatchLogonRight","BUILTIN\Performance Log Users","S-1-5-32-559"
"4228","MSHVHOST2","54","9/14/2026 10:49:38 PM","SeServiceLogonRight","NT SERVICE\ALL SERVICES","S-1-5-80-0"
"4228","MSHVHOST2","54","9/14/2026 10:49:38 PM","SeServiceLogonRight","NT SERVICE\himds","S-1-5-80-4215458991-2034252225-2287069555-1155419622-2701885083"
"4228","MSHVHOST2","54","9/14/2026 10:49:38 PM","SeServiceLogonRight","NT VIRTUAL MACHINE\Virtual Machines","S-1-5-83-0"
"4228","MSHVHOST2","54","9/14/2026 10:49:38 PM","SeServiceLogonRight","RESTRICTED SERVICES\ALL RESTRICTED SERVICES","S-1-5-99-0"
"4228","MSHVHOST2","54","9/14/2026 10:49:38 PM","SeInteractiveLogonRight","BUILTIN\Administrators","S-1-5-32-544"
"4228","MSHVHOST2","54","9/14/2026 10:49:38 PM","SeSecurityPrivilege","BUILTIN\Administrators","S-1-5-32-544"
"4228","MSHVHOST2","54","9/14/2026 10:49:38 PM","SeSystemEnvironmentPrivilege","BUILTIN\Administrators","S-1-5-32-544"
"4228","MSHVHOST2","54","9/14/2026 10:49:38 PM","SeProfileSingleProcessPrivilege","BUILTIN\Administrators","S-1-5-32-544"
"4228","MSHVHOST2","54","9/14/2026 10:49:38 PM","SeSystemProfilePrivilege","BUILTIN\Administrators","S-1-5-32-544"
"4228","MSHVHOST2","54","9/14/2026 10:49:38 PM","SeSystemProfilePrivilege","NT SERVICE\WdiServiceHost","S-1-5-80-3139157870-2983391045-3678747466-658725712-1809340420"
"4228","MSHVHOST2","54","9/14/2026 10:49:38 PM","SeAssignPrimaryTokenPrivilege","NT AUTHORITY\LOCAL SERVICE","S-1-5-19"
"4228","MSHVHOST2","54","9/14/2026 10:49:38 PM","SeAssignPrimaryTokenPrivilege","NT AUTHORITY\NETWORK SERVICE","S-1-5-20"
"4228","MSHVHOST2","54","9/14/2026 10:49:38 PM","SeRestorePrivilege","BUILTIN\Administrators","S-1-5-32-544"
"4228","MSHVHOST2","54","9/14/2026 10:49:38 PM","SeRestorePrivilege","BUILTIN\Backup Operators","S-1-5-32-551"
"4228","MSHVHOST2","54","9/14/2026 10:49:38 PM","SeShutdownPrivilege","BUILTIN\Administrators","S-1-5-32-544"
"4228","MSHVHOST2","54","9/14/2026 10:49:38 PM","SeTakeOwnershipPrivilege","BUILTIN\Administrators","S-1-5-32-544"
"4228","MSHVHOST2","54","9/14/2026 10:49:38 PM","SeDenyBatchLogonRight","BUILTIN\Guests","S-1-5-32-546"
"4228","MSHVHOST2","54","9/14/2026 10:49:38 PM","SeDenyServiceLogonRight","BUILTIN\Guests","S-1-5-32-546"
"4228","MSHVHOST2","54","9/14/2026 10:49:38 PM","SeDenyInteractiveLogonRight","BUILTIN\Guests","S-1-5-32-546"
"4228","MSHVHOST2","54","9/14/2026 10:49:38 PM","SeUndockPrivilege","BUILTIN\Administrators","S-1-5-32-544"
"4228","MSHVHOST2","54","9/14/2026 10:49:38 PM","SeManageVolumePrivilege","BUILTIN\Administrators","S-1-5-32-544"
"4228","MSHVHOST2","54","9/14/2026 10:49:38 PM","SeRemoteInteractiveLogonRight","BUILTIN\Administrators","S-1-5-32-544"
"4228","MSHVHOST2","54","9/14/2026 10:49:38 PM","SeRemoteInteractiveLogonRight","BUILTIN\Remote Desktop Users","S-1-5-32-555"
"4228","MSHVHOST2","54","9/14/2026 10:49:38 PM","SeDenyRemoteInteractiveLogonRight","BUILTIN\Guests","S-1-5-32-546"
"4228","MSHVHOST2","54","9/14/2026 10:49:38 PM","SeImpersonatePrivilege","NT AUTHORITY\LOCAL SERVICE","S-1-5-19"
"4228","MSHVHOST2","54","9/14/2026 10:49:38 PM","SeImpersonatePrivilege","NT AUTHORITY\NETWORK SERVICE","S-1-5-20"
"4228","MSHVHOST2","54","9/14/2026 10:49:38 PM","SeImpersonatePrivilege","BUILTIN\Administrators","S-1-5-32-544"
"4228","MSHVHOST2","54","9/14/2026 10:49:38 PM","SeImpersonatePrivilege","NT AUTHORITY\SERVICE","S-1-5-6"
"4228","MSHVHOST2","54","9/14/2026 10:49:38 PM","SeImpersonatePrivilege","RESTRICTED SERVICES\PrintSpoolerService","S-1-5-99-216390572-1995538116-3857911515-2404958512-2623887229"
"4228","MSHVHOST2","54","9/14/2026 10:49:38 PM","SeCreateGlobalPrivilege","NT AUTHORITY\LOCAL SERVICE","S-1-5-19"
"4228","MSHVHOST2","54","9/14/2026 10:49:38 PM","SeCreateGlobalPrivilege","NT AUTHORITY\NETWORK SERVICE","S-1-5-20"
"4228","MSHVHOST2","54","9/14/2026 10:49:38 PM","SeCreateGlobalPrivilege","BUILTIN\Administrators","S-1-5-32-544"
"4228","MSHVHOST2","54","9/14/2026 10:49:38 PM","SeCreateGlobalPrivilege","NT AUTHORITY\SERVICE","S-1-5-6"
"4228","MSHVHOST2","54","9/14/2026 10:49:38 PM","SeIncreaseWorkingSetPrivilege","BUILTIN\Users","S-1-5-32-545"
"4228","MSHVHOST2","54","9/14/2026 10:49:38 PM","SeTimeZonePrivilege","NT AUTHORITY\LOCAL SERVICE","S-1-5-19"
"4228","MSHVHOST2","54","9/14/2026 10:49:38 PM","SeTimeZonePrivilege","BUILTIN\Administrators","S-1-5-32-544"
"4228","MSHVHOST2","54","9/14/2026 10:49:38 PM","SeCreateSymbolicLinkPrivilege","BUILTIN\Administrators","S-1-5-32-544"
"4228","MSHVHOST2","54","9/14/2026 10:49:38 PM","SeCreateSymbolicLinkPrivilege","NT VIRTUAL MACHINE\Virtual Machines","S-1-5-83-0"
"4228","MSHVHOST2","54","9/14/2026 10:49:38 PM","SeDelegateSessionUserImpersonatePrivilege","BUILTIN\Administrators","S-1-5-32-544"
"4341","ASSUPPORT2","48","9/14/2026 10:49:41 PM","SeNetworkLogonRight","Everyone","S-1-1-0"
"4341","ASSUPPORT2","48","9/14/2026 10:49:41 PM","SeNetworkLogonRight","BUILTIN\Administrators","S-1-5-32-544"
"4341","ASSUPPORT2","48","9/14/2026 10:49:41 PM","SeNetworkLogonRight","BUILTIN\Users","S-1-5-32-545"
"4341","ASSUPPORT2","48","9/14/2026 10:49:41 PM","SeNetworkLogonRight","BUILTIN\Backup Operators","S-1-5-32-551"
"4341","ASSUPPORT2","48","9/14/2026 10:49:41 PM","SeMachineAccountPrivilege","HARDDOLLAR\Domain Admins","S-1-5-21-3931559087-14600624-1992188608-512"
"4341","ASSUPPORT2","48","9/14/2026 10:49:41 PM","SeMachineAccountPrivilege","HARDDOLLAR\Enterprise Admins","S-1-5-21-3931559087-14600624-1992188608-519"
"4341","ASSUPPORT2","48","9/14/2026 10:49:41 PM","SeBackupPrivilege","BUILTIN\Administrators","S-1-5-32-544"
"4341","ASSUPPORT2","48","9/14/2026 10:49:41 PM","SeBackupPrivilege","BUILTIN\Backup Operators","S-1-5-32-551"
"4341","ASSUPPORT2","48","9/14/2026 10:49:41 PM","SeChangeNotifyPrivilege","Everyone","S-1-1-0"
"4341","ASSUPPORT2","48","9/14/2026 10:49:41 PM","SeChangeNotifyPrivilege","NT AUTHORITY\LOCAL SERVICE","S-1-5-19"
"4341","ASSUPPORT2","48","9/14/2026 10:49:41 PM","SeChangeNotifyPrivilege","NT AUTHORITY\NETWORK SERVICE","S-1-5-20"
"4341","ASSUPPORT2","48","9/14/2026 10:49:41 PM","SeChangeNotifyPrivilege","BUILTIN\Administrators","S-1-5-32-544"
"4341","ASSUPPORT2","48","9/14/2026 10:49:41 PM","SeChangeNotifyPrivilege","BUILTIN\Users","S-1-5-32-545"
"4341","ASSUPPORT2","48","9/14/2026 10:49:41 PM","SeChangeNotifyPrivilege","BUILTIN\Backup Operators","S-1-5-32-551"
"4341","ASSUPPORT2","48","9/14/2026 10:49:41 PM","SeChangeNotifyPrivilege","RESTRICTED SERVICES\PrintSpoolerService","S-1-5-99-216390572-1995538116-3857911515-2404958512-2623887229"
"4341","ASSUPPORT2","48","9/14/2026 10:49:41 PM","SeSystemtimePrivilege","NT AUTHORITY\LOCAL SERVICE","S-1-5-19"
"4341","ASSUPPORT2","48","9/14/2026 10:49:41 PM","SeSystemtimePrivilege","BUILTIN\Administrators","S-1-5-32-544"
"4341","ASSUPPORT2","48","9/14/2026 10:49:41 PM","SeCreatePagefilePrivilege","BUILTIN\Administrators","S-1-5-32-544"
"4341","ASSUPPORT2","48","9/14/2026 10:49:41 PM","SeDebugPrivilege","BUILTIN\Administrators","S-1-5-32-544"
"4341","ASSUPPORT2","48","9/14/2026 10:49:41 PM","SeRemoteShutdownPrivilege","BUILTIN\Administrators","S-1-5-32-544"
"4341","ASSUPPORT2","48","9/14/2026 10:49:41 PM","SeAuditPrivilege","NT AUTHORITY\LOCAL SERVICE","S-1-5-19"
"4341","ASSUPPORT2","48","9/14/2026 10:49:41 PM","SeAuditPrivilege","NT AUTHORITY\NETWORK SERVICE","S-1-5-20"
"4341","ASSUPPORT2","48","9/14/2026 10:49:41 PM","SeAuditPrivilege","RESTRICTED SERVICES\PrintSpoolerService","S-1-5-99-216390572-1995538116-3857911515-2404958512-2623887229"
"4341","ASSUPPORT2","48","9/14/2026 10:49:41 PM","SeIncreaseQuotaPrivilege","NT AUTHORITY\LOCAL SERVICE","S-1-5-19"
"4341","ASSUPPORT2","48","9/14/2026 10:49:41 PM","SeIncreaseQuotaPrivilege","NT AUTHORITY\NETWORK SERVICE","S-1-5-20"
"4341","ASSUPPORT2","48","9/14/2026 10:49:41 PM","SeIncreaseQuotaPrivilege","BUILTIN\Administrators","S-1-5-32-544"
"4341","ASSUPPORT2","48","9/14/2026 10:49:41 PM","SeIncreaseBasePriorityPrivilege","BUILTIN\Administrators","S-1-5-32-544"
"4341","ASSUPPORT2","48","9/14/2026 10:49:41 PM","SeIncreaseBasePriorityPrivilege","Window Manager\Window Manager Group","S-1-5-90-0"
"4341","ASSUPPORT2","48","9/14/2026 10:49:41 PM","SeLoadDriverPrivilege","BUILTIN\Administrators","S-1-5-32-544"
"4341","ASSUPPORT2","48","9/14/2026 10:49:41 PM","SeBatchLogonRight","BUILTIN\Administrators","S-1-5-32-544"
"4341","ASSUPPORT2","48","9/14/2026 10:49:41 PM","SeBatchLogonRight","BUILTIN\Backup Operators","S-1-5-32-551"
"4341","ASSUPPORT2","48","9/14/2026 10:49:41 PM","SeBatchLogonRight","BUILTIN\Performance Log Users","S-1-5-32-559"
"4341","ASSUPPORT2","48","9/14/2026 10:49:41 PM","SeServiceLogonRight","NT SERVICE\ALL SERVICES","S-1-5-80-0"
"4341","ASSUPPORT2","48","9/14/2026 10:49:41 PM","SeServiceLogonRight","RESTRICTED SERVICES\ALL RESTRICTED SERVICES","S-1-5-99-0"
"4341","ASSUPPORT2","48","9/14/2026 10:49:41 PM","SeInteractiveLogonRight","BUILTIN\Administrators","S-1-5-32-544"
"4341","ASSUPPORT2","48","9/14/2026 10:49:41 PM","SeInteractiveLogonRight","BUILTIN\Users","S-1-5-32-545"
"4341","ASSUPPORT2","48","9/14/2026 10:49:41 PM","SeInteractiveLogonRight","BUILTIN\Backup Operators","S-1-5-32-551"
"4341","ASSUPPORT2","48","9/14/2026 10:49:41 PM","SeSecurityPrivilege","BUILTIN\Administrators","S-1-5-32-544"
"4341","ASSUPPORT2","48","9/14/2026 10:49:41 PM","SeSystemEnvironmentPrivilege","BUILTIN\Administrators","S-1-5-32-544"
"4341","ASSUPPORT2","48","9/14/2026 10:49:41 PM","SeProfileSingleProcessPrivilege","BUILTIN\Administrators","S-1-5-32-544"
"4341","ASSUPPORT2","48","9/14/2026 10:49:41 PM","SeSystemProfilePrivilege","BUILTIN\Administrators","S-1-5-32-544"
"4341","ASSUPPORT2","48","9/14/2026 10:49:41 PM","SeSystemProfilePrivilege","NT SERVICE\WdiServiceHost","S-1-5-80-3139157870-2983391045-3678747466-658725712-1809340420"
"4341","ASSUPPORT2","48","9/14/2026 10:49:41 PM","SeAssignPrimaryTokenPrivilege","NT AUTHORITY\LOCAL SERVICE","S-1-5-19"
"4341","ASSUPPORT2","48","9/14/2026 10:49:41 PM","SeAssignPrimaryTokenPrivilege","NT AUTHORITY\NETWORK SERVICE","S-1-5-20"
"4341","ASSUPPORT2","48","9/14/2026 10:49:41 PM","SeRestorePrivilege","BUILTIN\Administrators","S-1-5-32-544"
"4341","ASSUPPORT2","48","9/14/2026 10:49:41 PM","SeRestorePrivilege","BUILTIN\Backup Operators","S-1-5-32-551"
"4341","ASSUPPORT2","48","9/14/2026 10:49:41 PM","SeShutdownPrivilege","BUILTIN\Administrators","S-1-5-32-544"
"4341","ASSUPPORT2","48","9/14/2026 10:49:41 PM","SeShutdownPrivilege","BUILTIN\Backup Operators","S-1-5-32-551"
"4341","ASSUPPORT2","48","9/14/2026 10:49:41 PM","SeTakeOwnershipPrivilege","BUILTIN\Administrators","S-1-5-32-544"
"4341","ASSUPPORT2","48","9/14/2026 10:49:41 PM","SeUndockPrivilege","BUILTIN\Administrators","S-1-5-32-544"
"4341","ASSUPPORT2","48","9/14/2026 10:49:41 PM","SeManageVolumePrivilege","BUILTIN\Administrators","S-1-5-32-544"
"4341","ASSUPPORT2","48","9/14/2026 10:49:41 PM","SeRemoteInteractiveLogonRight","BUILTIN\Administrators","S-1-5-32-544"
"4341","ASSUPPORT2","48","9/14/2026 10:49:41 PM","SeRemoteInteractiveLogonRight","BUILTIN\Remote Desktop Users","S-1-5-32-555"
"4341","ASSUPPORT2","48","9/14/2026 10:49:41 PM","SeImpersonatePrivilege","NT AUTHORITY\LOCAL SERVICE","S-1-5-19"
"4341","ASSUPPORT2","48","9/14/2026 10:49:41 PM","SeImpersonatePrivilege","NT AUTHORITY\NETWORK SERVICE","S-1-5-20"
"4341","ASSUPPORT2","48","9/14/2026 10:49:41 PM","SeImpersonatePrivilege","BUILTIN\Administrators","S-1-5-32-544"
"4341","ASSUPPORT2","48","9/14/2026 10:49:41 PM","SeImpersonatePrivilege","NT AUTHORITY\SERVICE","S-1-5-6"
"4341","ASSUPPORT2","48","9/14/2026 10:49:41 PM","SeImpersonatePrivilege","RESTRICTED SERVICES\PrintSpoolerService","S-1-5-99-216390572-1995538116-3857911515-2404958512-2623887229"
"4341","ASSUPPORT2","48","9/14/2026 10:49:41 PM","SeCreateGlobalPrivilege","NT AUTHORITY\LOCAL SERVICE","S-1-5-19"
"4341","ASSUPPORT2","48","9/14/2026 10:49:41 PM","SeCreateGlobalPrivilege","NT AUTHORITY\NETWORK SERVICE","S-1-5-20"
"4341","ASSUPPORT2","48","9/14/2026 10:49:41 PM","SeCreateGlobalPrivilege","BUILTIN\Administrators","S-1-5-32-544"
"4341","ASSUPPORT2","48","9/14/2026 10:49:41 PM","SeCreateGlobalPrivilege","NT AUTHORITY\SERVICE","S-1-5-6"
"4341","ASSUPPORT2","48","9/14/2026 10:49:41 PM","SeIncreaseWorkingSetPrivilege","BUILTIN\Users","S-1-5-32-545"
"4341","ASSUPPORT2","48","9/14/2026 10:49:41 PM","SeTimeZonePrivilege","NT AUTHORITY\LOCAL SERVICE","S-1-5-19"
"4341","ASSUPPORT2","48","9/14/2026 10:49:41 PM","SeTimeZonePrivilege","BUILTIN\Administrators","S-1-5-32-544"
"4341","ASSUPPORT2","48","9/14/2026 10:49:41 PM","SeCreateSymbolicLinkPrivilege","BUILTIN\Administrators","S-1-5-32-544"
"4341","ASSUPPORT2","48","9/14/2026 10:49:41 PM","SeDelegateSessionUserImpersonatePrivilege","BUILTIN\Administrators","S-1-5-32-544"
